sleep_hours,calorie_intake,exercise_minutes,water_liters,steps_count,healthy_lifestyle
7.745071229516849,2030.4961271909187,21.430105390255566,1.9139460701246425,9044.858743000455,0
6.792603548243223,2018.6343566464584,28.890010738926943,1.980406457755814,8849.970777606999,0
7.971532807151039,1481.742730947994,23.052378779097143,2.038576927152549,5190.440462583527,0
9.284544784612038,2067.9639233194252,37.20836093892239,2.568116876987708,9738.752665291215,0
6.648769937914996,2493.131632728698,58.94357062923825,1.5516696149079539,3529.7519732701458,0
6.648794564576229,1690.307152369282,19.57915685717591,1.4921918050924041,6037.447022719014,0
9.368819223261088,2619.393060420237,55.01640995536828,2.741971845285785,2002.7365613065767,0
8.151152093729364,2395.109928433735,19.366558553062248,1.7224131548712212,12675.879550888443,0
6.295788421097572,1906.306671211585,18.047455750062316,1.2421787878537605,7305.351518164113,0
7.8138400653789475,2143.388145064861,51.371892366864266,1.708922034740078,14500.652104448935,1
6.304873460781307,2839.3287230564133,53.43872756015233,1.8019683588535995,10408.849779558484,0
6.301405369644614,2493.4191254023463,52.028198735253085,2.932977636635459,9344.294640053073,1
7.362943407349051,2203.513461959259,8.684051835637177,2.554895727426042,6241.3169171570025,0
4.130079633013303,2104.926673215606,25.680980438558983,2.688512369979345,4860.9498929377405,0
4.412623251230451,2230.6436281806637,51.45977184006642,2.4919841854080715,9568.914721690835,0
6.1565687061385415,1995.2945768230786,35.83083681127789,2.5677462029691887,7785.457972181053,1
5.480753319498364,1358.1001977123942,13.526143076050715,1.5871507240518092,3982.189053544097,0
7.471370998892911,3016.8711642138924,44.16635878250884,1.8808387067879093,3449.4247504750447,0
5.637963886718183,2262.1299996797607,20.70385482017059,1.4060508121858706,5123.888812569248,0
4.881544447997063,2359.258906049015,70.89049696784424,1.87370718167778,13462.901675798692,0
9.19847315338233,2176.8369000492366,65.89682924836517,2.4104629945608447,14639.833754033913,0
6.661335549270197,1905.9532797101647,47.081948527111344,2.0807499708873483,8614.96744192673,1
7.101292307031886,2125.6302076204915,62.22013409539547,2.786888491376177,8446.828388723865,1
4.862877720679815,1560.2420951222755,36.295827002467625,1.3151505246636686,6991.038884511437,0
6.183425913212226,3110.8345992213217,50.30874988750032,2.3001430104189438,5196.543955071493,0
7.166383884564799,1706.1952006310416,64.5544059060415,1.2510183188784092,12125.537172821732,0
5.273509633866546,1787.2134864611282,39.90997363588625,2.0565058815041852,13620.729181691408,0
7.563547027518508,2023.89631824544,29.896256569714325,2.4442000535338875,5319.7427424821435,0
6.099041965121793,2715.230289940951,0.9075608364576837,1.8712984599054685,7751.484864726195,0
6.562459375310085,2205.8035997050615,33.33732948557012,2.3306759624521733,6650.401097869496,1
6.097440081655905,1705.5456815878151,51.46846369124623,1.4241605991002397,6739.282775405069,0
9.778417276763406,2701.735344302936,53.912668551352596,1.0017860130821703,11557.724766289586,0
6.979754162893099,2492.4002507141927,45.0873013143682,2.3342177734926817,4064.1153639016347,0
5.41343360656615,2415.373982886581,24.174018100755205,3.0464061404454394,9399.40907280892,0
8.233817368154783,2486.2936964683363,0.0,1.4023730358980648,10184.714321917596,0
5.168734525043467,3157.7447602329803,25.095698039905297,2.7333165080640773,7573.546479194542,0
7.313295392507133,3074.037958014445,28.91310257892097,2.026054045289847,10679.203480960317,0
4.060494814180337,1925.3138627986818,28.74142065619972,1.1985850869841546,8442.95552161235,0
5.007720926652354,2849.5539971244607,47.37112713955849,1.3210968191887025,11651.389763468336,0
7.295291853803685,2353.26727590356,74.7135282202968,2.00947086401639,3433.3840852224375,0
8.107699869993116,2399.6383264550996,37.47058403682186,1.7573226272455378,6953.674216979392,1
7.257052421784956,1523.0916673426686,30.665364216870767,1.2122522139450567,7784.560571446897,0
6.826527576417639,2131.8456938447216,29.815563739918147,0.983576431264757,500.0,0
6.548344456616067,1874.8705638653742,37.48769533815428,1.4919684032440963,4742.141799264396,0
4.782217014448859,2531.2235259573235,18.43412479303202,2.116285404998671,5559.202236923641,0
5.920233687407937,2628.432200161122,37.403971174921104,1.9961595484381172,10844.61798447005,0
6.309041843560319,1370.2054595934756,44.016246726636,1.6992572254999532,5879.469961056198,0
8.585683339328373,2191.1860543982916,39.193721271489764,2.1211323165748897,5545.763038082068,0
7.515427434352692,2648.744601917701,44.150838680095625,2.6240160319176127,10452.457341968575,0
4.355439766955899,2125.328415074622,43.67495218697071,2.236475906260489,3146.268062629836,0
7.486125954092192,2491.625458000946,0.0,1.9272147971662517,1786.267797669284,0
6.422376579375525,2340.4661870508335,47.73740316790806,2.5568432039964133,6915.2230997919605,1
5.984616999541062,2336.6640927810504,21.57970308675093,1.424089818670223,3656.879695764934,0
7.917514433261302,2091.474008772681,13.083216739920843,1.865048276266789,3770.9621160210527,0
8.546499283743927,1713.3676783457163,12.910963442900076,1.8793472386397791,9720.301375063946,0
8.396920178674298,1751.387941029989,43.67083220945059,1.2578280449342927,10627.921513737738,0
5.741173715166042,2483.741005782127,30.54850145550294,1.7480755026293853,10366.592647556376,0
6.5361814362231785,2207.7833022075533,1.3606243202917838,0.7550241914628182,11326.329980921699,0
7.496895147105346,2144.59510215711,44.560756303845665,3.147306828597772,11723.402960044405,1
8.463317690683539,2030.443983071059,6.207837384023453,1.4375517269382123,1614.229373519208,0
6.281238643232065,2077.924461807699,37.79642717036422,2.951668478852787,9351.2358797884,1
6.721511535004274,2618.764717795256,39.76997851346108,2.0228507034316956,6411.175401291324,0
5.340497538990958,2065.902367252789,52.71154163390089,2.338918479293575,5757.727262028691,0
5.205690063878993,1663.5741146793725,70.63369572933703,1.7067201209894411,9681.243896626116,0
8.218788733591296,2497.4607102160694,7.706473481989168,2.124757815177005,2809.113560312745,0
9.034360042856235,2118.0493344541133,33.95052287873901,2.3902937839930614,2746.67418238304,0
6.891984817629499,2212.558346213111,29.473294099115655,2.3987314486365094,9900.718232245152,0
8.505299346838036,2843.0313225598043,43.674993719219245,2.464864034044614,9463.358052532694,0
7.542454037571451,2191.7757770597973,39.31337541867237,1.7790003739764941,8410.197967614531,1
6.032320368092313,2315.67346924749,27.9490751452676,1.711784196505187,5360.259785830589,0
7.5420934082626205,1728.43060348067,26.18195622778289,1.0434942048394378,10231.488903746373,0
9.307054849698954,2112.132219059616,12.67098289631905,2.313931406706162,10040.908676181427,0
6.946260941335073,2443.8104180834407,54.75723164813019,2.6494272267940655,8255.913545142363,1
9.346965483721009,1577.850506463503,44.18408363199059,2.969589007950758,4468.036876190686,0
3.0703823438653837,2280.338037246284,53.355363955902746,2.1831035807483046,6724.254962811479,0
8.232853756562836,2240.3164290579225,28.792077270489727,1.5401121362548584,10513.501032573327,0
7.130570602357257,2216.514982234976,21.863290626111393,0.9817423140263268,11981.57366840536,0
6.551488974301199,2614.8635594632974,13.433698667415442,2.6250000398500104,7020.390189871015,0
7.137641164803253,2333.7754059394088,42.17835167481319,0.9222340599334786,7250.981096575213,0
4.018646628098661,2791.2287593425776,14.204135509435307,1.7956375533537399,7514.932675924817,0
6.670492168243732,1802.5641937623855,71.973261379331,1.8654159032338125,8824.679026732916,1
7.53566885726762,2254.369826887339,8.847148378131191,1.9583269172893885,6256.798099819928,0
9.216841067112274,2233.786714555979,40.47320238425004,2.021481560021504,500.0,0
6.222594672589529,1772.2982024979678,66.33709414427572,2.082888533820545,11578.307004941289,1
5.787259595660219,2582.5180008365382,46.981795185276184,0.5507820427528822,13384.066841487649,0
6.247364434623195,3129.8693223411274,38.51347424983559,2.008793545922076,6162.800421182863,0
8.373103176553112,2193.1975702064674,15.630327060762088,0.6622546555328737,4800.039893243678,0
7.493126664489527,2402.0084353095067,7.364616228645922,2.439330843854597,7588.698432829334,0
6.205359694349442,2233.807390326131,50.40100217835172,1.6669249065178326,7437.488348813681,1
7.769901149670034,1914.5661320371296,65.12294481549893,0.7057779648659899,10986.55573148888,0
7.14561632402206,1471.6958888791935,26.223000190436572,1.5114771935687745,8163.918324935114,0
8.452967485799334,1917.6906067618538,12.21876984767298,1.6579547964892076,5622.13150888645,0
5.946920359183972,1643.2166476193074,0.0,2.7144197705330027,4044.7716483258528,0
6.508506780103348,2881.640831223647,15.384703126749248,2.117982645050147,10596.90255445902,0
6.411837770301764,2153.9561224307045,32.7268631500192,2.206666966610348,9798.533723492748,1
4.804727577801822,2061.632268381132,66.98246481673468,2.7087329805323606,11181.679634275457,0
7.444180415596864,2555.661529915122,48.46267384465937,1.9423134272453064,5095.439747836719,0
7.391582908269834,1751.2995588576448,41.10170809413506,2.452512776619442,13515.310698584988,1
7.0076701849636915,1893.254384798179,26.99760677397738,2.410316668359195,2768.9164788282887,0
6.64811929993728,2227.2289076994484,23.336685654880874,1.2281183038583525,10128.80306420444,0
4.876943886924378,2611.5075965693923,63.11295195015927,2.8837901465778977,2271.2516984092954,0
6.369032015851961,2400.674018067515,39.01477081516779,1.1478189319575833,5629.005854904597,0
6.485928225209846,2299.330057006353,0.0,2.550419989686709,12683.068791343878,0
5.796584096167572,2231.2470940944067,21.52920704205514,1.0897561778566205,10494.092763427969,0
6.758071432500986,2360.0943422107102,17.835679364567465,2.360742072891004,6361.3387535384545,0
7.606076285221808,2280.661162051702,24.074719816450703,3.1171489268901036,6443.488871534935,0
9.829278851815795,1788.0110900892257,46.25821320570171,1.8722128060698733,8301.866332506326,0
7.261866719247759,2218.4316886532606,32.851102364115015,1.8461866142881123,9542.422972282167,1
7.386325586084147,1770.524536432899,33.46269185992676,2.3662639995901094,11754.73814804809,1
6.888331126350749,2232.4330171603297,61.26946322650473,1.8023621264224743,6631.297986174516,1
4.121843177051438,2007.7408234047034,21.070778204266233,3.090967222245693,3164.6448095383957,0
6.960229186826175,3215.752649113145,72.28399051774699,2.1153153496752175,8470.90588114628,0
7.09034531491154,2184.0422464993153,21.57384817257828,1.8078982950675646,6627.707487474816,0
10.69486316872793,1638.3041734953645,36.783963932251424,1.6758286832625902,4098.098885754658,0
6.711458552828316,2146.32791572923,29.37592809194466,1.4402309178961876,8893.006745938383,0
7.452321013500419,2407.7434982551554,37.468382670019224,1.6233470079455063,7360.658737721633,1
6.947932345442135,2869.3455784610096,43.891839901462575,1.7895959638048422,8919.536619409384,0
5.246982943570702,1964.2190400245127,43.67670480177753,1.707416555900852,5316.667399438458,0
8.71423422177253,1567.028810390544,19.9376533875884,1.6050948355177377,9460.131590976496,0
8.127899549030161,2526.7348045723925,12.541706451048587,3.2593047382114637,4048.7054097350647,0
8.186547920564571,1647.7605176401394,85.06343581811421,1.381942954106306,5516.805830910251,0
5.635918817807892,2025.537823397006,25.32031320798894,2.0879795525877047,7271.257306738167,0
9.10419146640415,2096.9518057956025,48.98424877343973,2.3555126058565232,13225.455244879144,0
4.8972234058115784,2172.1466186799566,2.8471737895360647,2.3780647973502393,10354.47610564548,0
7.880285640700405,2475.6657828297343,29.407745601906463,1.9648357545305168,11231.57751280337,0
10.285683438714969,1926.5462870854449,32.45601232035114,1.8555784568916143,12251.231100029432,0
5.514195512303967,2090.5082991332956,44.45630139855665,2.270928494743704,18808.49640743262,0
6.150553405595842,2194.2918588202447,0.0,2.1599129899869203,8124.767202675302,0
7.1494770476314615,2259.839183007515,38.32281226156661,1.844624699139492,12261.202769389567,1
6.244786518825701,2239.130869883169,12.005170892642141,1.0628728569653416,11037.905763205823,0
4.674004853400801,2374.4023100890317,41.48691422389848,1.7192457666000516,10988.097509922578,0
7.102844462209041,2537.5358038566947,14.273416063236741,1.3120699017755255,13322.718854120543,0
5.406544429410843,2357.0536462603873,17.890346081488374,1.599704269960204,6742.060907046571,0
7.710388645952772,2381.4342094036874,29.527447792134637,2.0199339431101757,6503.944928190862,0
5.620863648649295,1567.1107333014088,13.953410607936092,2.21524168639797,8959.296540445584,0
9.324901607526309,2220.091079666272,25.489311065292902,3.0682716507754435,7451.900684234339,0
5.825120061495644,2391.8030192006436,11.132484629133693,1.6775561726577117,8955.50255899452,0
6.516907725691486,2491.57647782818,0.0,2.46477538116509,12688.246355159034,0
8.220275826054504,1923.0596903064823,55.35914104858719,2.183576014662702,6565.559831881164,1
5.1537035253490675,1936.384290044542,9.079026143521432,2.7775986023838737,7085.963112218808,0
7.341189901906194,1970.3597298865607,31.42638224784033,2.3457372317573757,8522.93301057973,1
8.960714131423643,2414.5655599565375,50.0578216298757,1.3949111436282102,7315.0447219244925,0
4.588775148158159,2613.5524219696836,22.701117949679137,0.9661723824252613,2257.9825159595384,0
7.276950787798456,2037.0159570833594,18.49668200508924,2.186757019800503,6259.617071903182,0
7.389824191372635,2563.1849254508197,39.52476177334843,1.6829294012597655,10062.119726712514,1
8.172734307665966,2249.3919236658376,57.358676454543044,1.4118117524296416,12312.64025279794,0
5.144573933682877,2150.2856891350257,11.61369469827062,1.2394533772801535,4536.14429738682,0
5.019315080373586,2115.4463080728124,31.997043359651222,2.0965852985522933,4522.152802307472,0
7.782912348425347,2498.644545840863,0.35010810065345055,2.9046246195880188,8090.7014081520065,0
7.445477009849779,2330.231126714828,27.1359799263562,1.754796592576375,1773.2148053664896,0
7.375739275518815,3110.330171059055,35.68409369076151,2.354162186645193,6665.089391038618,0
7.519672314245463,1859.1101428010704,17.907507164898686,1.9386401898694445,2791.87382134582,0
5.979962917632264,2407.2406808119904,25.86016332349537,1.2263707465379643,12107.183899527396,0
7.348380545741505,1988.3195960753949,6.835464633850997,2.4408868061062505,5692.006536948787,0
7.439608709948022,1852.2852052045425,36.54157222762987,1.3431847735835771,12958.50255901708,0
5.928472872960448,2195.653145186011,56.11388497766299,2.0129759783561387,11340.564060375018,0
9.798661766717135,2254.9409917628145,13.057122604590727,1.7950877509968168,6061.04810690775,0
7.710749381367681,3367.269422024037,22.546564668952342,2.535846460739415,4784.121089461767,0
5.2130447541960265,2126.3416737267194,45.050924929083635,1.365109404517588,7419.362752497234,0
7.984830412950744,1747.9285082061265,59.24181438645472,2.234521944681176,7686.060127225391,1
5.5379774946590175,2309.2042869977545,5.136203755821374,1.4961215555907796,9038.440831857204,0
8.180626905613678,1370.1439849814528,31.624305251681015,1.693336872602729,5670.370131409463,0
8.737893368511106,2163.2172869582937,40.6626164463905,0.5,10239.184620566608,0
5.7689765224724345,2206.410112918064,32.95887218742304,3.255259142970745,8795.984164999698,0
8.445064193866482,2517.8401531780846,0.0,2.330334159695739,6978.814529852408,0
7.619171390404747,2589.4488997711387,45.02180018617544,1.5395915084371015,5863.87803374593,0
8.233090239991736,1998.572152436913,65.38672702181287,1.3252065870002037,7445.345050703942,0
9.845189473980922,2139.7543941480267,37.33323502339007,1.7026107482723958,5549.2962445172925,0
6.631917825995695,1893.5516677557316,14.377878934114733,2.430127720891671,8175.316084650763,0
5.869395753463765,1748.7749780769225,24.73745507271434,0.8647490446490447,8256.316055659729,0
5.665728355561715,2323.957911752254,70.39826135311186,1.915049348423397,8785.121850429017,0
5.776284572551843,1690.5657805613603,53.19925081721117,3.062385123477604,13298.727229015562,0
6.884347435878844,2034.1492397712548,47.800532367686586,1.3196321984193176,7602.6658409012825,0
7.511727962224966,1801.930416040305,42.12825167068752,2.048231023258193,11013.793601373447,1
7.415036198995028,2419.8732745161037,21.777257756180553,3.3219858891546545,8688.762190927106,0
8.240774873554036,2920.572039706595,30.988576386884628,2.3792909778144637,7285.267094304638,0
7.0195028378168605,1679.3648068786674,33.44154528642968,2.0755542922912733,7642.522190146298,1
9.180301115735976,1458.7926068409724,45.991486321288875,2.3039818729454016,7823.520772495849,0
6.603014750143066,2150.045245859973,65.17837788533807,1.7594807989941785,8839.303123184649,1
11.080253749884427,2206.279118383103,57.36676273586256,2.779778771182064,5122.037704343091,0
7.938501021647509,2287.463722702919,6.612312884079188,1.7604019862598728,3603.978849665099,0
5.714263665375576,2021.471793906262,39.479899378020974,0.8244910347584138,9962.892180422827,0
5.393661252908331,2119.744280469827,49.73526690335794,1.765218137635724,10694.371497743778,0
7.723708622864778,2347.004164216241,47.377206602892706,1.419959282073978,10236.907498408409,0
6.664805822011224,2616.1723570579356,22.415324732251612,1.8312835926815425,8464.916055669419,0
8.071000741138137,1417.9804918726868,93.28218431536723,1.8445495645516214,10301.673882359866,0
7.709856436860317,2052.424224387415,9.458308753377622,2.7184539198829443,10140.287078051428,0
6.890756631014691,2285.5235175764255,13.336231066679002,2.4171756359986314,10362.888076864863,0
5.729809422897393,1832.8095581557056,39.67190162523153,2.1579592925452378,5421.377535973659,0
4.727729162971203,2892.46785270692,77.33606109927706,1.998232753200443,4709.144608536108,0
6.330227571899468,1945.8360479085052,18.276102985916584,1.3646851946852032,6834.292259743188,0
8.284598191485209,2183.482925197087,29.683432687060154,0.6912948574005935,7947.847671372034,0
7.321140616195306,2422.408838736916,56.54587346031386,2.06789600683567,7274.236618603131,1
5.131391831932018,1963.4860844792422,34.64275690224533,2.4767847221441954,2369.9290059863733,0
7.259771388776773,1461.3707808782333,28.307922909394087,1.9349996700532466,13165.077836405428,0
7.577976069593255,2028.5381892333867,46.3126580377344,1.6790874063279797,7177.862033342793,1
5.674213845698301,2611.776222370816,40.45035980459186,2.2787012991285276,8518.11324973086,0
7.230587658918292,2065.2419492859444,55.60877571273583,1.9500006796253917,11733.646972289176,1
7.087313077669,1861.4262794164085,60.82937778130727,3.011446515184377,965.0831914363844,0
5.2855445532540655,2570.2688838010886,41.14006120010723,2.7396370052409704,6464.918384264864,0
7.536681040522425,2067.690041590779,40.83465450756618,2.5757048342139974,6838.648179260586,1
7.841176789552351,1995.9356745399132,39.28221964572267,2.4546404685259424,6991.0698636480665,1
8.624576864762915,2259.782435865324,44.78261113298575,1.225899551329126,7479.540227858141,0
8.580703078052355,2508.300083847515,36.103412757429275,2.3977962212315598,12341.404395334534,1
4.933495948064364,3152.6854126930184,34.98783035355421,2.225795574587945,10020.376627181668,0
5.593262440127316,2530.894443062969,58.93254241654485,2.363854837034698,10874.105805886487,0
7.77255290081299,2663.935986555338,65.32232360710086,2.2955656920878313,8141.360815432771,0
7.770678926368313,1997.6135204048578,4.848941107331584,2.2716575527088394,3801.880861563496,0
7.772571529459071,1789.6527576122094,35.20042303481138,3.6205198817297566,1760.9088945619797,0
12.0,2224.932539847649,21.226111331095304,1.9542885980288487,3411.776830305107,0
7.85633576603975,2242.8679661038386,28.780570670278554,2.561802428497598,9079.297112498058,0
8.703348460270899,1768.594903454161,43.05032419470643,1.7174061138415981,8095.3091380929045,1
8.431002645239804,2129.882188038395,48.38876743084937,2.474384950332603,7369.509057331978,1
7.977086876958697,2359.7270406876523,32.7574711277731,2.563591934139473,6894.26927977959,1
6.527096133039482,2344.1573580072322,0.0,2.2186556462812086,14035.16472632824,0
8.138453830739902,2401.715141353709,15.699088388476408,3.0015481654259,5531.289227070577,0
5.840762178193643,2316.3858920549774,52.92999340400332,1.4694343781837496,10783.458368348176,0
6.644772089889987,1997.1965362919777,0.0,1.7076674349990668,8005.738808062982,0
6.2719546782563445,1994.4397493404626,58.74854303364,2.1274280516140935,7817.181464642009,1
7.122811209079484,1720.4194408024496,45.424599812890825,2.528484112090533,11529.912645850232,1
10.471987850010263,2913.910015674038,61.32352163060044,2.10765771277696,12387.591148074334,0
4.199102211112378,2205.3801458477174,31.02861626238079,2.7714554219063396,7281.351629345485,0
8.029390285561771,2110.0587776820594,0.0,1.6029860774202085,10397.608157726427,0
4.5809261932155225,1828.4831674190166,43.60725283012996,1.3156529063068674,9091.67408645016,0
6.29210220131585,3374.263160931111,60.493062480766824,2.184877001921903,8022.311416429744,0
8.63342589545105,1770.6687871108418,53.494436110268424,1.9536918343317822,8612.764827971077,1
7.096420028643194,2028.4608297575705,21.74617033023929,2.325718232214932,5935.973555465487,0
5.38338283310604,2366.3347345144243,36.73522150925294,1.9835586254800976,7081.701820006746,0
5.927044436110048,2440.085186297711,24.34327462440152,1.7959881256259258,6258.094160741881,0
8.019396623402013,2583.1728220862738,18.614670716212558,1.9550374569657658,10704.130149286759,0
5.904450052424295,2923.043403107705,54.107771423597015,2.017309336875911,7714.3966533768125,0
7.324687884372962,2402.463062184285,11.049353774696758,1.8170112200910018,4106.857926154884,0
7.06835775985572,1777.5876800133328,17.123671388367747,1.8781207722059432,5829.688330510737,0
6.022599478591275,2097.2219499512876,12.91948733055229,1.757843997807854,500.0,0
10.215916133987989,2323.132949005554,5.195049534019066,2.513999071921644,6516.522194353554,0
7.950878533477017,3027.2904166023295,37.92828583685207,2.1164126027034795,8112.9351952914485,0
3.962286120013589,1640.8778086302812,58.23006096963952,3.3540514833012596,7591.592453399079,0
7.279681472154142,2681.030602090091,31.302464875094685,2.096422730767077,13940.463054594176,0
6.007320302847418,2271.965747818567,4.885043988716671,1.669485517802803,9724.718122745111,0
8.278650002194336,2535.1322140917923,51.79889079484055,3.602405224917839,9591.355559267453,1
5.811218892350949,2159.2021133456274,68.71403508069943,2.2481758266286014,3070.192896289166,0
6.827895337799651,1863.0269479494696,22.07515351706811,2.59407487213569,6906.073837648602,0
7.757480918470685,2500.3491117605327,25.428914665645635,2.355261789921495,6540.011578028913,0
8.298632791255182,2461.7724108422485,45.313212601667885,2.373806617578649,5641.756403575977,0
5.199555389416336,2588.822786295889,67.43747495570102,2.3213924308114846,5600.35800345996,0
6.498248146238577,2194.6781458485457,24.603317085495476,1.3387492611343608,2575.6311381751293,0
6.287582033258566,1960.0711906720603,8.3510043800359,2.220517428536847,4172.440385956015,0
6.020006151139432,1576.4852019904633,47.62837212544813,1.2050832176898565,10622.280208294847,0
9.648181360421646,2527.7493072557627,50.98136146284599,1.8953822981524795,7571.255924020453,0
7.607472566441434,2369.5557929775946,35.122629008704536,1.5646295260620278,6480.792745176998,1
5.108674068497432,1813.6869468544164,23.837334806850986,2.2144821115092346,7983.765996041876,0
8.376792920582163,1984.5705306813502,54.887574619840926,2.200475748402941,11502.172036103453,1
10.18323429551895,2013.2964752194239,45.560720090959286,2.288687534459112,8012.631562627357,0
8.54869789082672,1606.8062272070329,19.631289661930143,2.1723779436494524,9621.122392793113,0
4.72094505106898,1872.9270413579466,35.98189462611343,1.6359047949281607,5460.185472835228,0
6.273648890700623,1746.4678572774583,7.965849359507068,1.8433979063889923,6144.110147759842,0
8.900366723779934,2035.0083952448254,48.717809128758404,2.552237696752691,9061.930655191027,1
5.938495801571829,1904.521000668175,29.755328612342883,2.6407140063766397,13677.961125011341,0
7.665729142219343,1549.1980316533004,26.28578335230526,1.3119301408240704,12289.324578544623,0
8.161951080144005,3009.0360922277923,34.34251029695132,1.0814434204924122,9748.484208368416,0
5.609604292632875,2701.016292411692,35.806153986604954,1.5638663700771729,8454.301280482156,0
6.9107119659073,1888.3922313920057,52.89860123131121,2.6271245492193502,12203.208066881512,1
3.0,2308.968558661444,46.82181062650443,2.7289304181098206,10384.034969135371,0
5.463418537998566,2366.986035928518,31.871814424143945,1.445172871759297,1119.0139328880168,0
6.62114777291026,2676.4343419093907,50.27336299437991,2.184385612241803,4838.207456434334,0
5.128325227052725,1872.5579893359686,43.01474507383226,3.1006587998840525,9014.420976073794,0
9.448616955897453,2636.8427135929705,26.46800727427926,2.2491868863442,2639.0973033470837,0
4.85478793305905,1980.837878317226,32.50563683527028,2.852901971139856,5307.2329857294135,0
6.339933269954525,1665.6550383325548,32.03554222313758,2.5992359420498587,5900.555169026078,0
7.196110865929137,2489.654623725799,45.105226863484035,1.4538807762632535,7231.502281262499,0
9.161909933599173,2716.303369648971,27.659547705567164,1.8860111459017532,7137.709375321377,0
4.846206773230841,3235.1635894122737,27.191816271567333,2.020852686975109,7132.638718499519,0
8.74474562823244,1720.1098939639146,74.37514618867917,2.062480032812804,10475.922551720942,1
7.015349591529381,2479.5678740323156,53.79470963494208,2.549797372063143,7204.328403648397,1
5.527737023428074,2036.0795024825868,19.78798671149722,2.245210857365245,6846.109603786298,0
7.693155211394906,2513.3434842096126,46.41881987884396,0.5,3952.483687569451,0
7.298589543360205,1611.8041795074996,37.36700131310354,1.2122958361443645,11073.038605957474,0
6.099674684261808,1694.8920897205744,42.83102350520188,0.6875714510143742,5985.507458157542,0
7.1047031274850285,1889.6500707334064,37.74682649130209,2.1052191443932005,4738.909015996174,0
6.42202960470736,2231.5856182672337,58.79285290970472,2.1442925896806564,8639.271724606913,1
7.170276017876872,1943.5674933846578,41.912406893028916,2.169934975166431,5699.176212850812,0
7.99319601178157,2463.6217375653678,33.75822603571425,1.4246430393712304,6422.141780617118,0
9.379025224218028,2610.757847303166,55.84381153966035,2.4044864030719935,8775.380522957206,0
5.143276751759727,2439.831016498142,39.66570082175744,2.4297574978811176,7020.552128661331,0
10.1995500619844,2847.5150558643472,37.429571586581154,1.2469105596769055,14934.828125901902,0
4.071868300716247,2366.330651782137,41.28045204972229,1.1203770791306766,7775.514370042406,0
6.772322357446625,1713.241315863933,33.12781953267267,1.9999209882638374,9853.514656637666,1
7.882475809726865,2745.350605415336,35.18453985990938,3.0750693641680154,2174.9178575211645,0
7.421487801602549,1957.937505757601,23.266108224762547,3.0198456453191853,5418.0526042558095,0
6.065950720269109,2564.167399874228,19.976655607522424,2.3380426162688313,4739.258915249862,0
6.687816624464087,2829.4936866220423,15.028592270351208,1.562001997051954,5136.860830092113,0
6.2604985980117505,2382.67520429216,7.160334264058477,2.5321055956931513,9246.613981511007,0
6.115952864583683,1601.53647473414,17.40565277230887,1.728545441114575,11106.695203332229,0
8.274403145531537,1832.7151333960833,31.514659310661486,1.5394957779957137,9033.891513903533,1
7.535523228947571,2729.097786754054,37.06235164891274,0.7136199010268036,7320.066129301073,0
5.960635607109019,2132.3509257428736,29.57406873704719,2.061429319008592,6107.434883862742,0
8.349399813149876,2231.8294139768664,0.0,1.6220795905175749,11340.799253559528,0
7.460949281314914,2503.5297664654436,66.49172715524685,2.0578582277171025,14213.766362464587,1
8.21929317825844,2478.5291448321295,56.72960245780764,0.6203853822577632,8405.167114351072,0
7.944443262885418,2311.5199249541843,43.915197024342575,2.1018960035502126,10818.089192214717,1
5.7565074836168915,2116.5326515118136,73.14981345106537,0.5413273016170232,9030.111049386425,0
6.159728439704546,2074.932621707057,15.452717650325788,2.652764151961131,10266.514719396768,0
8.120940407684893,2543.159530116537,72.7525024125201,2.3131347404810505,4506.359665669651,0
7.915555398150198,2421.4278124271173,15.695718464989042,1.8328011371452473,6535.591159573628,0
6.968647609053778,2097.0799997528843,39.77475850582713,2.3376319160492476,9186.408320136752,1
7.175991074963173,2632.844925197256,9.523253497315913,1.4131554424018686,11637.472832245938,0
8.916497343682638,2148.3863539480867,35.293881910887336,2.0434253093689354,5545.597335086975,0
6.112642916746255,1859.3351302662427,42.72332995996777,2.4768644230762016,1900.1026668796194,0
7.820646071755057,1896.411720438662,31.906193377308906,0.5,6505.206720676253,0
6.6967110213491585,1808.5036654760936,49.27754888180275,1.7316653841934857,11030.39214304475,1
6.67347819515917,2091.035993358525,36.98028898974515,1.9864135219181753,3248.3132267364517,0
8.648165277980786,2693.4897113344773,24.551705432449815,1.8822238293525402,4469.240323605247,0
8.238124523482044,1877.9619275877965,23.663733643953215,2.874261095736443,8467.755758153337,0
8.220264454000958,2275.3903044072413,51.21827545231393,1.3256593250462694,7652.086241715608,0
8.958218210731493,1937.3242617490346,21.92515940386065,1.6273044539328625,9783.399444659683,0
7.031505762449139,2095.876383491425,53.30805940969874,0.8504785842149309,4313.819718663262,0
8.022929456942446,1595.983515205899,59.45423585663862,2.9061719907638874,7025.064217493997,0
6.534599865109816,2111.784708337385,1.6257227530773974,1.85222591443472,11585.556207209293,0
7.486249528732663,2122.517848078015,57.658527746020695,1.7369546671779759,4421.311419089649,0
6.804785418448473,2416.1151776142783,76.20845396889398,1.9685103906135715,12430.736888930805,1
7.1454939474890775,2289.312365302148,40.04007522403857,2.3817414970581945,4797.749042333933,0
7.89273553815537,1720.643150019182,46.981683705896444,2.208418042109675,10548.144732132832,1
5.7726689751497915,2633.679297617417,55.74010648738317,3.5887305281342528,6881.124469360623,0
10.138580913528191,2284.121216088798,29.490353696419554,2.2723615330422646,4565.27522708307,0
5.4909739277504475,2279.3574068709945,38.64560447075739,1.7208527424985514,6509.302858542205,0
5.1787170808184015,2196.3270586459444,8.716009407537815,1.6631859574856318,9634.787564536982,0
8.737166310250101,1992.897021111112,37.77270057060902,1.7643446285499145,7979.438015295527,1
8.187494040944404,2287.1209358994906,44.96223991289083,1.0988978452220972,11355.408234330032,0
7.936179725578233,2390.235374371433,45.32326045852939,2.0239185244949516,12307.220182804645,1
7.94251826389642,1501.241723461778,56.308494471951605,2.47008086372535,4450.908004046449,0
6.981629840729628,1984.4956650615618,19.503956437289418,1.6319818396260586,4231.192565268965,0
5.654118442771253,2098.0212118385643,24.34786486653007,1.515571966229533,4085.618679137475,0
7.113706837290589,2302.4682422777114,72.9101469198271,2.9095670877765403,5302.4117118559425,0
5.984257432731832,2677.3244023708503,31.9934325247258,1.1441101060273011,11312.643562459234,0
8.462679600126627,1891.303674161287,39.00067574624656,0.7593089741136192,9681.085852000206,0
6.779413927746792,2000.8152612728632,33.65979916549558,1.3082588338115704,6364.917281232705,0
5.761754204811233,1994.98635574138,18.566383473899553,1.0757403697254222,7966.692228131497,0
6.51792123752051,1879.3889639581835,67.47058421783612,2.231735638462749,12212.916515497815,1
7.6193971814134365,2061.125401955095,24.445971761587884,1.783577299730256,13724.032552937359,0
6.154413170794038,2508.3208879951885,12.454289525861402,1.8681877729856962,8778.153000328406,0
5.766669406650353,1778.4658018542618,25.985194453944967,2.6917605061848637,500.0,0
7.365530817237868,2371.1257580611614,0.0,1.5851990833023342,8891.86128427992,0
7.367449856663084,1519.2391079926658,21.974250700336363,2.4650536470473843,10804.244388624043,0
6.239585236943306,1975.4648014231177,15.637428042953466,2.906793679521922,8673.896947568224,0
6.2934425415725155,2068.2042799128058,47.348572618546484,1.7266025011918036,10179.544756204352,1
7.348074906036454,2869.943869165626,21.531715208802552,2.4422137133337882,9071.196123381153,0
4.8278734877540135,2090.0790780989246,52.75607871157697,1.8549092524826118,4296.0637475544045,0
4.888804338435167,1319.5026106196328,62.969679861386425,2.5544588773044734,5341.284699909612,0
5.922333668121346,1400.4444372555,50.62350672575198,1.0571064874542362,7036.543438609531,0
6.6798292724322295,2213.6118345386726,30.69223422279847,1.0126926529247924,11196.244334715055,0
7.466361348397007,2445.5083423159635,37.82228993411186,1.7652393710554755,5702.347795038138,0
9.213034325424328,2350.182343050901,4.500301197118809,1.4666451145641375,9367.70789950294,0
8.286489434803029,2267.0280423203963,32.32441254957521,1.6899745343420687,8911.07778176359,1
6.7600922050548595,2664.903839002267,17.791230638663336,1.8682840505317162,12758.591795237391,0
6.971475688145967,1984.1635117051474,48.88652762298598,2.432008119101751,7874.960665611757,1
5.496205953043287,2557.96422241073,86.45504778488947,1.755403652860439,2735.7247451712246,0
6.972230296011415,1547.194045989433,44.99643271947619,1.505683213626148,9940.611394690333,0
6.567012041619792,1838.0208668247735,0.0,1.7890919739446607,14414.165634902014,0
7.484077840507134,1477.1834420272735,27.77539614171254,1.5385128321160293,10137.150034599368,0
5.759153584671516,2090.061879732083,37.44981850748909,1.4395966987623714,5637.015224568779,0
7.779019771361758,2181.495513093463,36.747148505205274,1.0321899118538185,4754.162362463107,0
9.299108369503866,2245.640596890608,20.383737487824938,2.041686869732647,5141.0934994777845,0
6.8368597773147135,2224.7533411548543,39.90583485273871,1.6587765760417679,14009.935641146138,1
7.602567583148412,1828.9786676753088,10.149983261612256,2.579767243540803,7018.017678435692,0
8.03521598756667,2123.903662234714,16.10182554629866,1.1315623447646357,6012.069818515917,0
6.398169292171246,1601.0213325577006,47.915952832074225,1.6747498669712728,7524.6900676182995,1
7.336138722715625,2745.2915900529,14.686735382403484,3.0877443323952494,7049.278854182895,0
7.0188886011726925,2078.5495708408,45.764232109845146,1.4362342897412903,12702.95107936251,0
7.146514147823248,2004.4455523825236,7.610724506878839,1.8580800487423257,4956.56752695109,0
5.8404853242168,2835.576131377633,70.29651767583472,1.2704936103047788,11541.92969498134,0
7.036765261388414,1703.1013865803084,19.514601551918908,1.1909434923314115,8366.276289353254,0
7.746997436868175,1749.7651543872123,30.526668563931118,2.928386589852607,11621.079540283055,1
9.176715411692562,1761.511870052574,41.612265221808116,2.102623695582288,12747.857131202154,0
8.43890623912781,2172.851447320207,23.693000949978114,2.080207302942574,8254.392901739286,0
10.229773686267334,2372.652651855039,37.86811922142609,0.9822102589302668,7054.809171202503,0
5.848978655667926,2495.8701872471333,46.507134490402514,2.2152448328649816,8198.53649559531,0
8.308480955081016,3228.7981269979873,54.212264650069706,2.6944531675962953,7715.687983984605,0
7.2750130086075275,1300.2270183196945,50.82994871945914,2.689686236497118,3029.100632783816,0
10.28470439982651,2443.494235649767,31.563790723946518,2.4009999377636966,12657.44112135522,0
5.787552571967273,1977.1477709711075,32.067364519127956,1.3223086534427577,8737.355052143572,0
5.740417236728836,1965.4339404444906,81.98217116050066,2.187874050315795,4510.702444846837,0
6.1009110318339665,1952.091148698449,53.99778136498584,2.4005509762859645,1797.430039404774,0
3.8141564135352897,1836.4921316768107,16.563526873595727,0.9233338489466592,1017.202301208953,0
6.211367467478858,2873.809933841381,36.99976327531104,1.3272322451109293,10311.44131006251,0
5.861301007669454,2536.918930805561,28.29713722443615,2.532894393046065,6143.067294778714,0
7.225590679714312,2209.27839142295,32.293315321537804,2.525627466003157,6635.2979956846,1
7.512633963665739,2740.4063009948004,10.41009684583824,1.0708501798271646,9464.46279361647,0
9.814256258823828,1594.9884138804498,26.761535312280937,2.4770128755615035,6451.855531694665,0
8.425635757279075,1667.7179474676295,71.23111546387827,2.0571820394921705,9639.57324816054,1
6.134644516506396,1328.812907122125,46.58152601751006,2.4686053727642907,8285.792193130146,0
5.652377992977463,1920.234183950685,0.0,1.619287205939635,7747.6112505522915,0
7.737878757259758,2264.679410681901,59.334469849958936,2.387110097888541,3281.7487829255333,0
5.019650189469036,2241.1434311729336,56.79259045818323,2.5062972646913746,5540.805930683421,0
9.74718814878153,2259.736764423952,27.81429391387167,1.789199038726573,9807.606096760597,0
8.769160181081931,1635.5772675735673,49.3452708756643,2.010651527703972,5953.934555407846,0
6.296236521842943,2521.2618970456087,17.812015783655987,1.6108870222972078,11616.108667353472,0
4.430298206363684,2295.851007295599,25.594885674672852,2.9909833692115275,15039.203971980194,0
9.030808561248119,2493.2217125863995,64.97092721339708,1.9278368364045404,9969.155902523968,0
6.828190232121073,1442.8951289639792,29.565399202605832,1.4467854048936908,12478.495674095473,0
8.856724467960193,2324.596343519116,0.0,1.5705044516751498,10162.181714888206,0
4.608358511808449,1724.8939040329892,33.73393554437327,2.0760623606852677,6397.213931983436,0
6.1009374655693405,2041.0706989794553,33.42823214171286,2.451998703066927,8600.454994422274,1
7.007865549577275,2413.7459594545535,58.96737138746919,1.198503892909687,14039.962838292326,0
7.070470890647113,2236.4374425023652,35.2867284435152,3.108596001765469,6429.338772117647,1
6.324901792781135,1859.3840080882724,26.568353771194147,2.18520517643337,4882.018103365778,0
7.934274898521248,2202.509262473767,55.90112290462412,2.2798735837816473,4597.416730654191,0
5.398569355926108,1587.3858739025427,37.4158046500222,1.9416862737059382,7347.411848499353,0
6.7864307724680595,2660.1069583593185,19.999546368685657,2.0115553804106754,4989.583734070813,0
7.180443447567848,2117.8863922014993,58.09995121083235,1.9110301172435582,13022.058282311711,1
7.771658251088123,2647.4199777021304,38.873235290335984,2.610677581421576,8649.069603773863,0
8.067422317133335,1989.3873251615828,35.058519333588755,1.9952428475279778,10915.178929281508,1
5.313036862243196,1990.5696046373669,38.55816782823309,2.460230131095626,7104.003828260905,0
4.698828743896566,1894.3252853448614,13.586632571668062,1.7396914859884567,4579.408406731645,0
8.916515232847765,2550.46957267723,24.446924476433253,2.1173843169873896,4071.818163700168,0
7.498471017969387,1916.2275370686098,35.071652036655664,1.5176477934563473,5276.024773465637,0
5.87727019516517,2457.8381729660705,31.1067260995064,2.7299169395297223,9042.576482080134,0
9.326727963283783,2047.0190409322838,60.44856765633191,1.4997516555685304,9559.648795303843,0
7.173511951439288,1409.614680043352,39.34811705454007,1.8050123334432042,9809.588219176054,0
8.76894577609574,1971.8743728854135,52.098078452728046,1.811023752527153,3533.9819486544284,0
7.101277722115164,1728.3567142548607,35.18790709151699,1.787629167395739,7998.7724423051895,1
10.09112188732298,2213.561089472935,56.12576967492246,2.433497461665762,4921.8145073228225,0
9.633011263664807,1723.8369057302039,42.95055513146308,1.8100053411580137,9204.397902753584,0
6.62655377728139,2570.3900402858467,35.2684097077692,2.836354718324644,9437.231166492356,1
8.457356426431533,2163.5696558587892,34.73433822081961,1.508914948321899,4483.480858920686,0
7.968063924377722,2128.9616020965045,15.911227474180734,2.1016264819656243,10904.088821589045,0
9.052947336298523,2462.356855115033,45.138314402726216,1.53452840641244,15016.468824584734,0
5.552614809129843,2585.562773630345,34.19590530927242,2.25258366951888,10504.507212753986,0
8.02907718999766,2191.9604992921395,24.96016079637591,1.990430163813938,7511.497881346686,0
8.587636730274381,1891.5198801802837,57.12923541624143,1.906962773180913,7050.362890370773,1
4.361890770365329,1490.4121535551483,9.995679482103977,2.7130849799021144,7372.8080549824745,0
5.225112231001337,1925.580097185928,26.55008209135132,1.607394877366938,5717.798459668968,0
3.941151733359849,1953.1151013408153,55.55437497559067,2.3519090945708,8757.194619956148,0
6.595889748333163,2242.8229811969186,41.31045881840507,1.5386240523951247,4584.612226537087,0
8.076313383693943,2061.941247544789,34.042821446944856,2.0676111200962244,2330.906640206299,0
9.253535578144042,2475.1731888205713,40.02007086300293,1.2826548030659328,8658.805045440646,0
7.1111421706296625,1954.8066914917242,38.58828342097683,1.6024897122159558,8063.6991973274635,1
9.442923318356938,2177.1835332588234,4.666749074281572,1.9507141726562809,6286.489950688418,0
4.929847812677663,2673.594977278756,28.01476229304077,3.0887895003938466,4151.9101321688995,0
4.4449263409672675,2336.7300855819867,67.33043309027498,2.0604823222758646,8869.232080742104,0
6.916678451655072,2175.9849833245744,21.81351730445665,2.992800989520024,5029.474884288647,0
7.576098173408961,1959.2222232259292,28.63397971791332,2.132193975014551,7583.166947403996,0
6.95095787785886,1946.7074413140092,24.16758473381625,1.7677494533150366,13294.915562379334,0
3.898836849940185,1859.754698819221,33.25969553363725,2.923613913560416,9953.569308726152,0
6.8663199407308175,1983.5972536868403,23.337543373514038,2.2622105732440514,3892.60201285491,0
5.04329574924272,2502.266335497726,44.734830043161196,1.6143670436703719,4175.445286963092,0
8.004508823245057,2111.2446914830925,38.94626824580533,2.2823428756401785,8455.457278231277,1
7.549897369145272,1660.0907722475076,50.47095230214036,1.824443150055434,3874.037953822937,0
5.590180320508967,2907.267717223913,13.981176676220791,0.8065794822972225,1994.8235562971404,0
6.22919962399496,2327.9860764580653,28.193190342341936,2.5615838955593704,9597.11603389017,0
5.411179717166572,1637.2226397947322,30.4855473677573,2.6569604333851573,8962.807262962604,0
6.905981354090242,2023.2604291036705,44.1129382017719,3.102765217995365,9351.794993837397,1
8.432713480751858,2244.354553131367,19.13557605585931,2.2532862153171576,8789.10554545371,0
5.5214109304966845,2881.836837318951,53.313076085166884,1.8507659455504806,7804.067864982815,0
7.756069773276766,1756.7550166964522,58.728311810352174,2.5009936564271515,6013.434356970018,1
6.204613572441339,2590.4162877423787,15.222553047288322,2.509892219191344,9548.40489826383,0
5.810690751606484,2759.794570788937,25.182542102128686,2.9829687098818534,12589.65046521545,0
6.839454460068163,1948.538277970172,24.361369834158154,1.9732234261601347,6496.312977669638,0
5.447136516370939,2088.9945524559066,87.64772409354997,1.9006526164594433,4937.779369375105,0
6.169526041979227,1785.4763010504919,26.401997895842264,1.5706733481448836,4594.641741766283,0
5.203183161116727,2118.615543567878,68.5525088431227,2.322477252035121,5399.809299998848,0
9.947087699374585,2185.3640102628274,9.667360097867807,1.071042999061499,8607.795573428222,0
7.052895327957593,2463.859999232948,15.206980676712732,2.465652423717539,1581.117309339319,0
5.950411738011121,2636.0733884081787,21.267909363035983,2.3527010731194737,9317.511273296977,0
7.320969866101333,1900.7615741513412,18.086213771069552,2.3510421214750234,9931.739030888468,0
6.831507925463756,1413.0699743096022,29.642025316830026,2.082935141901104,2605.7649201713602,0
6.668545600700165,2191.5020882895033,20.824435945570038,2.9197869485186505,5062.458691167202,0
7.9212500500651375,2317.415011987456,18.613168145308528,2.523196079256118,8239.04293953624,0
8.136261565070958,2299.7670750740167,58.16943992946655,1.6357536851745802,7569.590809086807,1
6.204248278584209,2069.3307009963823,59.4758724502633,1.646492570181412,9558.912404805771,1
6.13627263903298,2249.9008398655737,53.985929967506316,1.472195711951218,7576.589535450902,0
6.587422454272534,2806.177923340899,45.47997911168656,2.3307699996653524,11794.308580324896,0
3.547118252896623,2352.693667585004,36.854861315591045,1.3999166472560258,7036.4918028689535,0
4.727213406702171,2050.6526299987663,25.059386186681827,2.650035286150011,5050.901039840739,0
9.050311401166788,1999.9208731616018,15.93684990489816,2.793783985007326,4809.67440121473,0
9.467451570251924,2132.059056928908,42.25991406865375,1.4725902386297294,10206.405527845067,0
6.626445940665432,2854.695984732256,11.527392149064042,1.888670879244288,8088.863425870749,0
7.864835444583649,2126.679716189521,15.121581416492134,2.009972588817448,9901.147702175585,0
7.466875231815304,2192.082262191717,58.058265124096195,2.5303898962818003,9839.367497687554,1
11.618321212682856,2007.0745716254787,73.01298083444175,2.965606025365926,1940.4504417084781,0
8.679362367151866,2639.593342976786,42.865902763329615,0.9887045642788537,4579.7521969296695,0
6.80812361277885,2983.93490189787,57.12914304589289,1.8090915694839902,4938.124878488537,0
5.566689339099361,2380.245219772555,30.08303365112033,1.8403899826637917,5551.807434524713,0
4.590330519613641,2233.1091615141704,8.246516278246318,1.1595980870680713,6738.9340202704225,0
7.305195453800835,2214.713133269694,47.24343237237168,1.708933988417563,10997.448783851558,1
5.865473882073545,1246.2772844857018,46.38578646540128,2.2566613666103668,11595.447057151698,0
4.866619435603489,2498.060345713927,36.43337107760488,1.8327926582962657,7121.32750939101,0
6.03014067363621,2253.6665663983376,30.152490837897773,1.073227298835552,7246.157416025766,0
5.3776779945784074,2371.33682026429,54.24421157162196,3.7244496188059477,5883.698827828141,0
9.530712452608848,1915.415122366518,15.285339331450512,2.159706719122508,8267.563091715632,0
8.322459635424176,2046.2172484091634,19.524388422186846,2.067016478064005,8607.56264820181,0
6.988041038025074,2035.5900253987309,14.83786986479144,1.3412441821597723,10419.426665006795,0
9.21991620833504,2608.6491936292155,36.699459252716544,2.156423697182765,10395.316177947658,0
7.116052461471427,2048.4960653587627,13.242139757814833,1.9014717295751034,1093.645846792846,0
5.708073698007604,3033.064128843919,21.31515638969513,0.8668859523707564,7542.365157088646,0
9.284686115904485,2372.344967606015,20.88488875545604,1.3578467359913504,12152.30009267031,0
7.8083650655269885,1689.7269360017074,29.787833353320835,2.476955610604367,6685.6552180852495,0
5.444130768510315,2148.5814826992173,5.252511071920463,3.1664105900002646,11417.725455089865,0
6.714491982874588,1939.3299511374337,36.74409984074534,2.220299243025827,7080.644599966434,1
5.686572619922864,1322.2470120719904,59.94607301329356,2.6618499669760203,8524.770402325892,0
4.925800403553496,2839.7883760455156,37.70982744633524,1.906546814850074,4589.327922802553,0
8.389266321297463,2481.2570168880015,65.82642289602641,1.9480723035916383,4702.254327300456,0
9.864124960705196,2413.282927159725,61.679963717538506,2.654587416571679,10176.474716789044,0
4.902148639271289,2266.1614641198817,50.55470094495709,2.9976663735076814,10645.454840601995,0
7.844453855035856,1647.192972523025,36.49371685273771,2.780658016079373,8079.286718601478,1
6.024036146317259,2006.5531441778253,35.45000776490879,1.3601821547691086,4317.427272084826,0
6.269311924352956,2536.712309913605,50.2759954472652,1.9598246658108525,8131.413669821643,1
6.111409113641696,1779.5119880869988,27.16658780991935,2.166514810685777,11771.704882022834,0
5.704013845480276,1187.2922734996746,0.0,1.8441932218954826,13228.599410155282,0
7.072782441917241,2109.1575968876296,44.8400810820592,2.2327145260493575,7049.876203022257,1
5.753574825383444,2143.2969783889844,12.378627401300577,2.4923460870013683,3020.3964492266296,0
7.405685238669758,2254.2253665658836,15.757175436192306,2.6016858511730843,10521.090798664336,0
6.924642835826295,2491.4074574058145,35.00447895991576,3.011522091332914,7172.110710634997,1
6.641577929700386,2455.0423248924835,33.097502448930605,1.8023353371650992,10829.121924683119,1
5.638654506937604,2303.5079220975686,6.758487873687393,1.1815801010964115,8843.216675052858,0
6.134843004147501,2678.212555234684,38.309831282662806,2.2149407564086716,5349.66768271445,0
8.133086838738635,1592.4120876746742,54.32279321722097,3.1302866187108815,8174.733081978143,0
7.751375781436571,2401.832725790956,12.433168594684343,1.7138144840275644,11925.015101162984,0
5.533667132802173,2450.615345334777,60.449666616975186,2.412108186238232,7552.538033098269,0
7.148998458143839,1704.1750855679043,3.7965834974011194,2.4174474754835855,4895.584509663868,0
8.127080685057683,1598.8517565270442,77.34648288741907,2.1148652284067655,3234.0674942100304,0
4.495892078317942,1901.6231494097594,26.774791390330336,2.0041548326262286,5683.5059394060445,0
7.815040288569903,1935.3834229938832,37.912339936537826,1.4459424765671645,6769.591214687054,0
6.00606436158123,2501.3677854009725,0.0,0.6310027565476537,10459.997407751776,0
7.855898002889739,1954.184486523562,33.75727867061383,1.3328895760015826,4637.452196565135,0
5.855111265186225,1857.4605926875183,39.569643554363836,1.7658175105329805,12661.255657188907,0
4.292676849003222,1955.3465053221764,33.27675791801011,2.658453612453624,3988.5433674764254,0
4.558686343175256,2647.4529336616847,23.738378458952525,1.9381231625891746,14994.45827767051,0
7.072127419992073,2205.217349750781,16.068709629443703,1.688584568649111,13176.555670263413,0
7.389583752582222,2128.2995898572353,57.610532390746215,1.4654087348279417,8423.498748163976,0
5.643525062343388,2155.9978005195794,35.616142699959,2.3940834971056884,3056.919395691223,0
7.957888688166061,2716.824133730609,65.81504753033545,2.815014299858363,7833.727814052734,0
4.50771990659656,1900.3313093587033,24.47035290410154,2.638061433120476,6839.477126040483,0
6.900880302029025,2726.2033163760416,26.30410613255566,2.3636898198550815,4177.138330847229,0
5.183475700356315,2284.1985195686016,51.311884891923256,1.114632352170236,8873.028881742326,0
6.022245838296762,2135.8322472098607,2.540500759928719,1.7889954542937372,5529.070610433068,0
7.071098006974621,3200.3601991737123,10.730732796941538,3.1683825373338053,5855.282458851256,0
5.709379952074071,1777.7442040805615,56.94969942706327,2.6731702951491347,7388.9640962829335,0
6.423166683655262,2058.5256961731975,11.561321415536106,1.077498069059165,6275.27351388289,0
8.509439213821661,1707.0275043344,0.0,1.966645686080437,14234.469851330086,0
6.134662195715277,2580.9847882144677,72.37054376146182,2.2178590595966234,6392.856101001351,1
8.253538168097712,2875.6755734606713,7.123647042515891,1.5427049221842681,9322.643034183428,0
5.305439718013573,2867.9691125618556,38.68238796656339,0.6144775871546908,8436.567476631086,0
7.794706266872924,2689.5795012584017,36.38170385448542,2.059294427009859,9058.250675776617,0
9.16235293098685,2120.951812881614,0.0,1.5273450454277364,9287.265210832797,0
3.292533249809066,2053.9036090040613,29.653659536643822,1.5296949565491895,10644.084459818367,0
5.804657116794285,1531.5320910023738,43.968264989582195,1.7871917840415452,8799.338226855927,0
7.86560819077081,3014.349414072717,42.08618763037721,1.919794451207113,8674.68738465896,0
6.695431920935511,2387.5912312593873,53.07041367607003,1.994550323542588,8175.4312054044185,1
7.556718810056963,2003.2172380522068,27.25017370189132,1.4696060606467993,7584.746442980077,0
6.094022219926269,2731.222755594787,49.250088841843215,1.8678742822195535,5264.606355017968,0
7.12988468120935,1810.8941932959997,21.21341863839856,0.945545977758347,7817.3948677393955,0
6.766484146911881,2362.64881368907,6.790651671744499,2.186623439220847,8723.802125796601,0
8.75167309248971,2130.948346283666,9.045432486375347,0.5,9206.493669718386,0
7.381631264951819,2455.4708559521205,5.757790896091706,1.8263059517398283,8540.854318970709,0
7.506403993112803,2174.5705843255514,55.19171935782388,2.551511692206172,7301.134959654399,1
6.382184550816299,1619.6288435555102,4.708529818828868,1.3643955876351042,7828.760290412307,0
6.26859066389126,2230.230549068015,40.480776812986065,2.42985812219444,6339.060546347624,1
6.351162718270569,2619.545656750145,29.68151611855134,2.6934396272725354,8939.671973019691,0
7.591678213567445,2188.3134376584057,32.94702853098737,0.5,7336.615316257635,0
6.368523278769605,2510.046048635634,62.272145903993994,1.9091822578545545,8541.68281459241,1
7.434662285344619,1781.7882057303786,26.231452655694532,0.5,11002.409130147656,0
10.113101197968158,2189.4956826920593,47.23203123099367,1.9290749326574324,5871.923271072741,0
8.306687055147538,1950.195817964569,35.751267027622234,1.995697273411204,9790.086142731452,1
6.510964701748239,2498.792336041884,31.959621887346042,0.5104736084534969,8099.630539656118,0
8.801820883245917,2212.5966249047983,80.99938248772946,3.1549030172479195,14063.580798742265,1
6.387886940467673,2476.029470534645,6.173165085692606,2.1716094845807747,7351.099014609471,0
3.942813197233219,2635.0841704631466,60.782636708748896,1.4905859407507789,10085.493749453199,0
5.487870533623894,2476.647430048555,48.12813130979944,2.879227656499111,8046.060355267931,0
4.193812118461216,2309.247373717458,25.40950010736432,0.92263206761461,3835.086475059519,0
6.4727297739380365,1800.715096595438,67.58637034883225,1.2624973798890098,6437.932713442568,0
7.027627568784328,2198.8855557332395,0.0,0.6203266857980609,10641.413316285181,0
9.514655968412924,1986.7638391936666,24.56466685401857,3.0806271179236004,6701.916618175181,0
7.490391060646244,2062.3744173183095,10.830355914618476,2.199407822883202,1339.2310554811584,0
6.6713492067867035,2050.1863396998997,43.241669297429205,2.395641073909097,7905.790949226489,1
8.244108371775233,1808.0297700871022,12.73871797625645,2.1806007403510854,4722.991106146968,0
3.683297036488172,1417.064564346404,43.661278934826385,2.3442606566867505,8395.453197790157,0
7.353421837162849,1932.7427806688934,31.27127168356892,2.0468466283375935,12653.441244194055,1
8.15629779083045,2277.3517807696635,25.41292114687831,2.1625528056244647,10308.37193240871,0
4.782120631330238,1660.729181829004,42.77294492066621,2.0645620617337705,12609.967486219932,0
8.715631064810394,2206.2728945886497,29.627567521238717,1.634844916658433,6315.463935666526,0
7.5077446112416215,2960.107369724386,13.227303138819227,1.9720251408711986,7570.500999093403,0
6.377068129148798,2609.222622100896,91.02745979269957,2.1641567439570064,4866.6914095766615,0
7.949172799159427,2857.4166036482115,25.25665633941711,2.0663294717312786,5947.869664879715,0
10.406039286706594,2356.4511507730904,0.0,1.11333673534801,5219.34550314146,0
7.272799382587743,2667.0039291945786,18.158026205572227,1.1930079988349545,4079.831092364128,0
7.372330879450504,1910.414107812885,9.654466232545396,2.6497048603498348,12097.56987599402,0
6.310958650689634,1942.2638931912063,51.52291232081031,1.8158035724699588,1724.1191149207334,0
5.725233445802813,1104.343917545011,41.43305319183172,2.3508352082215644,12110.41671441367,0
8.245503724816368,2674.4581896169198,42.97425603580688,1.3447280541665623,11738.176774760694,0
5.715874261136699,2816.1295919279546,27.599550683255114,1.116112474012082,9499.378026436994,0
7.107349355829089,1978.729101861092,29.41299505886157,1.4938420324809722,4656.478195717792,0
6.283513829852325,2098.419317441106,27.581377927846635,1.866460957537152,3253.4746656703783,0
7.7184697386195875,1898.4551545236154,33.37613631729061,1.6009158204293525,6354.788956209307,1
7.500493157930422,2353.0614205909965,51.70666870729671,2.7763601138634284,9875.361369019773,1
8.556309916386848,2649.9730181212963,41.72150825010693,2.107713980922477,8009.190912322023,0
6.23497540171788,1502.8912104475835,45.00225659241733,3.1093631711371152,4869.501514715727,0
6.595187597059943,2363.775412256901,44.991178164984056,2.24264489244285,11444.61435396947,1
5.5318544263265395,2089.331291312342,52.68884874763476,0.5524695092481136,13053.149984544612,0
6.333560109885832,2245.357756786676,40.76300083080509,2.633624963875133,7320.202507956207,1
7.5659507395672785,2383.5976006697165,42.17696145357837,1.094269026518027,8328.010710792038,0
8.135482924968027,2124.7190244908716,58.77612482386313,2.1383202003268034,3473.453949111512,0
5.616752013733562,2158.5652586376877,21.69908163993776,1.5351895654016932,6756.839851672894,0
8.30440888015849,2114.4499329781443,17.885148400969857,3.285626620678512,9531.31993400298,0
9.033456788207427,2588.1264807153125,11.28156801626288,2.8637587564580813,9064.569620773333,0
7.620152354835551,2367.5039840509985,38.658291272405116,1.5549076149789451,6476.9964523708795,1
9.815193718837099,2288.233415094944,0.0,1.9235853991273328,7177.269474570659,0
5.839316201344641,1691.619311563087,44.24308192119355,2.1467588417895302,6658.367790366345,0
5.133017945032874,2048.5681027147384,32.81613810998895,2.5180484429369665,7164.605858844845,0
4.331919626643582,2559.4676641356696,57.69279399642114,2.0174911473950075,9269.70440755438,0
9.244066467233775,2215.078629249569,21.561653790700188,1.38506306037148,2097.388743892632,0
7.9815484845310865,2463.8125878356554,30.933634291649867,1.5694648164799683,7776.9514555762335,1
6.916622993634317,2906.6047201310535,57.444066665867375,1.9973109221739251,9049.926606877067,0
7.419952939479731,2615.4424276835266,62.66271293556305,2.7406741872588145,6288.545943076768,0
5.311766429052435,2237.263335079897,21.3969526849636,2.2567027163216262,6562.000868105355,0
10.66862796942524,1995.6043319217092,38.6356246517432,1.5359510440309905,6648.816677553651,0
7.193831772962842,1178.5801615776406,40.88837955368096,2.389023666625874,6562.85007938852,0
7.164092191907339,2132.646031010859,42.473068112422965,1.7678090966731042,8017.651333551121,1
8.088649935848037,2069.5950016732604,29.748486813687556,2.534244803112105,8387.00827404135,0
7.7215138476050695,2356.1464777581505,60.6276679624727,3.516206250997163,1698.457051298601,0
7.335826036418697,2138.437909210125,0.0,1.7847041774338703,9958.641114416865,0
5.814288316832032,2071.8459762252824,26.57739530397832,2.4809630958358224,7130.003346959123,0
7.707202535703994,1488.2404277971118,43.95861465545894,1.5527640007773622,13798.889526405601,0
9.82303674471255,1824.0128683399735,44.144496238986875,1.9326417396852213,4425.0543833038755,0
9.018130069232466,2390.660416320223,62.05518061229526,2.017737372123261,5398.056473737005,0
9.389779939959094,2886.3630524530777,58.96450786402574,1.8837898039733716,7391.2730642502165,0
6.233176485353223,2160.9898465017504,29.289167493855523,3.477808213265014,9239.676349058107,0
5.5155927696121285,2331.1244294296494,60.99742487061209,1.8160441551929707,2147.6980178854956,0
6.8113196198505275,2580.9912627811223,20.719165124450903,2.3521109232709208,5512.69984365168,0
7.083587368433042,1875.6424255199001,53.61774765583675,0.8419478784059407,9773.96048172153,0
8.641287277706423,2346.725617314177,71.21044956841986,2.2591979380217664,5155.628160702372,0
4.461303055427771,1903.8039574671366,59.29888213709938,2.6852327554113478,12110.079129128682,0
9.29432547919092,2545.9297753964047,37.11540767048246,1.6834415944525696,6638.349203452783,0
6.762988152131516,2260.561219180693,28.364424564557556,0.5,5301.880395974311,0
6.35967839507887,2319.380725592576,4.428174074814276,1.976808938703605,9830.732773368558,0
5.481843437109749,1886.9605610325643,41.21079275828408,2.0103103102313167,12822.85216047334,0
4.517714992201346,2482.812943844314,12.695655440581618,2.4344450304465823,9249.18877623169,0
8.234755875942872,3033.8851684924066,19.137306727721263,3.2065418212480603,11781.288197669775,0
7.109976950782606,1796.8353218287175,11.18508398526657,1.771967809639816,13029.90602191089,0
5.065058650388419,2064.0963969409904,25.792153346866897,1.4862271258038318,5234.423960217266,0
5.057381841904576,2292.6429896672366,34.440611710260356,1.299849319177134,10815.17400217876,0
6.4963229510648075,2514.5624847983268,40.472291623314106,2.1188471702189595,3429.5884720893573,0
9.503532287934089,1976.1814858842124,22.989867291720735,2.2876125552911013,9274.707595359154,0
6.610612972954593,1066.787883942904,56.38567412790366,1.6726067633824493,7786.046328455543,0
4.7452855703228405,2743.67579766561,30.83589484020068,2.4672096474354737,11728.850609126188,0
6.631385403871084,2504.202447833657,19.245551334689615,2.279230446091505,11516.754538954523,0
6.590914645378494,1502.820987805334,39.52584534486873,2.0259390137869344,9709.350051603207,0
3.0,1956.9724832881777,74.27105667087632,1.4585511675535248,8895.283698448455,0
6.918557700223282,2827.2729718109304,41.70321133070236,1.710881410709166,9525.106030165853,0
6.653598204686983,2779.1185673831465,27.74288745252786,0.542146821390473,8185.312614129637,0
8.044309547220127,2575.4560090715777,4.450772877625919,2.14147223851882,7816.412776676289,0
9.773434142418019,2129.5550264160547,30.61175358055859,2.015804773248461,12327.734516757328,0
8.689847544321637,2233.194967525004,39.69856250176231,2.1130873946536917,12688.669459034529,1
6.596666964167754,2147.629677949549,27.248382174888597,2.3025914093387363,7575.0224068933785,0
5.340211136887494,2651.295913307535,1.6923072351800101,2.2314928918593337,8712.909209032234,0
10.86003970487479,1849.663037401956,17.988692209931322,1.9337700916123788,8244.965674318324,0
7.088827651021733,1877.680138046318,64.09076921775515,2.0292008258976515,3164.904674188415,0
7.0208939378694195,2604.1098347344064,63.68002007460922,1.1574101499822982,6990.693267163981,0
6.963812369334995,2182.2554177953753,17.26721661590804,1.6497676125863445,12799.11260314431,0
7.297127141151782,2751.3869421815234,48.455135743988436,2.030282632210077,5750.672374904568,0
6.783459382114087,1931.3951172077818,11.428544304596528,1.5584878544525838,14343.630386903904,0
6.139506989679646,2178.08865586447,63.086325639899044,2.5160904775235275,11516.378928768147,1
6.179711588139412,1831.0348060624187,39.90471695788473,1.6048207514269817,9204.494451638628,1
6.950870094676002,2202.945072569427,53.992829972330675,2.12978324674899,9682.529857929261,1
6.184862843299353,1608.5812252004803,0.6981330563492207,2.0699393940892015,5248.379910994923,0
5.930731325984254,2004.9466316180149,48.55274203849776,2.4477665561662456,7204.3137433258935,0
7.159645341537845,1625.4984540287528,34.84651872630993,2.5404747044169813,12324.197330965279,1
6.617534173868717,2477.5692932765032,52.03858141581685,2.4164195665807635,6156.4119824794,1
9.255989482874032,2486.6357359038607,53.297355961956995,0.73639627917012,11183.395270846398,0
3.023545287410482,1507.894907806262,36.315693789494986,2.716488888807876,3868.879431688825,0
8.637260277883692,2733.554298200229,22.983407218081705,2.916384934516759,4405.524762574968,0
8.869127788746443,3198.9660505679417,50.59392364358989,1.7107254294071184,13704.153996758949,0
3.889914651387776,2218.4025546945363,33.796910011897445,2.1419881476037097,7964.488561279028,0
6.485968608879476,1943.5542959101422,17.54430092944715,1.4655009919215307,6384.500339016977,0
6.442838701006313,3329.7322364012184,16.596955370846285,0.8309728959607092,12088.222480996887,0
4.888732457923268,1672.4126006789957,5.456711673752366,1.5567708406745682,11737.464664890513,0
5.833274968613687,2208.0425867476392,24.794176808738733,1.6759165763218338,10762.263695771715,0
5.334136231801256,2271.848909052769,57.05384092148756,1.7870895611889108,6290.306241763683,0
9.628405665135434,2738.059048180966,38.55659599410868,1.4246515459964073,7139.2472721869735,0
8.403517589721192,2343.8955900507153,24.40464588153919,1.5599448999096568,8934.88647117419,0
8.907332642491237,2000.5464416846194,51.09711876360159,1.9933962070229554,10083.19802644171,1
8.082508096064853,1819.5262518448176,18.350467565532224,1.5378638101339148,6474.549277944388,0
5.306422343174156,2063.271271901546,36.90700548665557,2.3261145995300168,8512.21133186209,0
6.21321960058034,1797.2290556219423,31.407392545489692,2.4089963908384635,8802.173902392218,1
7.734061841841877,2219.1301279138734,50.582612511767046,3.4282326476986937,11860.30926912576,1
5.166808286662082,1974.3215280558054,3.4554325816099833,2.6754079592740774,10263.397486805357,0
8.069497645258583,1602.3848826841,17.996045083706885,2.1458618349970484,3479.595065494128,0
6.639511902762798,2702.0583153499615,2.2350868181093304,1.6278414219993929,7359.109074543843,0
6.437768788675604,2000.9309906283843,29.8080655638146,2.176248411004399,5213.64989004975,0
8.066439952305238,1692.745278009875,59.22855007264861,2.1959575759498136,9704.262261835021,1
7.66639496722906,2132.6963462049835,24.891055806929458,1.6920121465966034,10769.460051515132,0
6.45855075127138,2227.3486263870636,24.786321236086984,2.4702388380517264,8304.667956830734,0
8.738994705046371,1501.4133097683866,52.43448848368273,1.1611411911908749,7195.61890811645,0
5.378405008600154,2332.659066850305,56.37099116910599,1.8533600986774936,8207.509379107949,0
7.923903410416395,1781.1369725238942,33.2285786546242,2.333515075590444,8626.757820433264,1
7.889651886952576,2884.411523676315,48.69429708099784,1.8274495114447418,6079.701044849279,0
6.535680341029015,2409.584204830694,13.460909182441071,1.8759473579424373,4343.866697691904,0
7.489199533363177,2040.0400039562733,62.55948667850828,1.9173284832846318,1849.58287233394,0
5.123329635422046,1901.9328918730598,77.97412587874103,1.4986392555873527,11801.546395216652,0
8.386040528810351,2158.0129169745505,45.4243158237745,2.7043405589445246,9489.098730904898,1
6.722646795335517,2445.116296633316,0.0,1.389177396846311,9087.533034032516,0
6.215915469221441,2189.80234856592,23.835394752044316,2.190895596445931,11795.596663858847,0
8.573513838755334,2113.1364771452572,47.25650643338643,2.248188738969424,4233.59597092275,0
5.943484464185861,2223.348116327158,26.570340056672745,1.43082685927462,2793.1073724349435,0
4.88730805545466,1958.456427505218,60.44397108500195,2.043862552628446,9152.69574955727,0
4.665056239714144,2062.717629262785,46.763145288717304,1.4542206963531787,8879.814126330291,0
7.909014927018459,1365.6830244379985,20.87048998468407,2.834625485033567,2806.0795709817394,0
5.079355971255575,2589.490492340947,35.645296215425056,1.3167302378142722,9078.563186421416,0
9.632191272976547,2319.519112128705,17.123335587218197,1.6076617434608214,6799.331142801297,0
3.877105888174417,1890.617662386628,31.348302431751165,1.2654649949866517,5578.735820787255,0
9.544684552435058,2959.4939925420954,23.908135191348965,1.185380763879469,6999.728875152761,0
7.316526200803928,2234.8065921569546,58.49523600466077,2.9547291745293762,675.4142872445891,0
6.854930332194411,1785.5425712099213,77.3202411366199,2.325664804347537,6225.877329824186,1
6.182621369786576,2542.694968588183,6.376233335284958,2.0841760554203264,5887.116291547387,0
7.598704171528106,2359.219286603705,0.0,1.606053821991847,9671.30734080842,0
6.943547946362727,2357.831994193688,30.096551562972287,2.544567086628061,7525.309590467342,1
8.654952823024782,2029.6977581393637,4.631686023426347,1.505466536379528,9916.606621036644,0
7.17134147299306,2380.1982895112137,35.924232073418345,2.4761835765980615,500.0,0
7.225452642192816,2095.296683911562,49.97872227611853,1.4764932340366181,5482.705332286856,0
6.454581681679216,2422.376580658337,64.8828379453365,1.613295378874597,9667.991154714333,1
6.914581564418399,1438.0222183957444,39.02789117430562,2.4549694316707527,7073.406108280535,0
7.461702653338088,2026.4506148083244,31.136895503008418,2.51829640649346,10536.3815989231,1
4.434747411015062,2888.862039123278,0.0,2.3584837603380566,2586.19127183233,0
4.9777218668414305,1893.1730178398798,35.52370298371597,1.370195530545923,10193.332519068423,0
8.114896141034073,1958.4646810027252,36.425745210989234,1.7319638805663027,6082.582346644879,1
7.256298157191913,2020.81546462001,47.7791362842549,2.094139244719108,5791.408746851977,0
6.724024995470981,1714.0775456445426,20.830237969418178,1.490431422853945,10973.141140782354,0
7.02765089959809,1316.6876895086991,26.298947995282806,2.8225776560775757,11485.703389869517,0
7.521372558042507,2107.765440590555,5.439954893916315,0.5588318336296725,11104.099088261846,0
6.190360479535958,2254.3437696326628,0.0,1.5327562907785084,14115.925775144799,0
5.832542911896531,2178.997972584539,12.830058184064335,1.694260098278101,11800.410825330004,0
7.293767882646522,2142.048575220845,3.5934837149396692,0.5,5613.690248803103,0
5.532440833577452,2217.216348340155,41.73424590841223,1.1622625218582856,8424.914384406951,0
7.612379133571707,2609.1365886203057,24.637318866662852,2.3751737075252413,6919.406274545195,0
4.44612459364324,2123.8215256283133,24.235257398504217,2.018170181931778,14087.269579847198,0
8.543733455988466,1970.366969165092,15.311739076495758,2.9438816132257415,11314.609864096128,0
7.708896223619565,2087.5498060447653,0.0,2.9271358675308914,7433.359589859632,0
7.384044601470814,2431.7387039027103,65.166214974951,2.259827827162368,10633.729393259006,1
8.474036475918272,2764.8107514173,14.994589544464233,2.1879429494004268,4303.404601060685,0
9.498211666693866,1948.7425043323287,26.75159860300186,2.0395586651473403,8750.785212936418,0
8.521555097527196,2239.5735148115537,5.90215669421379,0.5,5186.232522190747,0
4.238688653002532,2335.3429767743837,54.43860686881268,1.1632642920043548,2934.2233981177787,0
5.080634549896448,1802.9687973084708,37.868578740746486,2.0604053018593604,10353.608712589501,0
6.062772133456482,2208.166866885167,18.47269429468263,2.369615425248603,10725.773285562655,0
7.039136575316251,1613.7304570631618,27.155407773119524,2.1738018872828846,9371.63790863596,0
7.776488530703684,1492.3798785042404,68.56359844249741,1.4645210193706055,7451.098878300497,0
5.911384280269802,2346.6985631569028,33.540611362374435,2.5624437694816975,4200.924035460772,0
7.280150146715617,2046.4501034676869,31.365329247681885,2.8894664172527817,4515.959387848257,0
5.866925601470016,2280.912163048488,16.172370277214696,2.562793760174804,5092.160060783608,0
6.082723295512078,2192.84200919666,0.0,2.5937595977542824,7298.980124825229,0
4.890008354727667,1809.439980534481,31.79922652841311,1.6644645212268734,11228.536200814746,0
5.615150130833643,2181.8982792142656,41.50970224649235,2.6455604736204794,11181.212633235958,0
4.9724730915755,1706.759477994058,56.991689286553395,2.087455183596594,3054.2972011613692,0
5.536190120534001,2756.3889432005603,0.0,2.3069333171132027,5920.299989849158,0
8.580462694911759,1657.6118620560146,12.49807345953942,2.2192591056948254,5839.516941284483,0
5.5759016667520855,2121.6858916125675,23.385178188870995,1.9271077367357534,500.0,0
10.948573097256087,1783.0913647811008,34.930383028535964,1.4839985149266188,9698.362840849724,0
7.739976851321334,2428.168469344318,32.09932616943155,1.9507180018675723,7261.520527044435,1
7.2772541855423105,2067.4274514873987,32.56622628625461,2.5920569704896934,7660.572390107072,1
5.7124633297281795,1992.533312151516,43.16192117139889,1.7351145168122541,12037.613175126915,0
8.050464819113486,2541.2806180206217,16.934137784417814,2.5360083575648877,8264.927039853072,0
6.136543260643339,2211.772236671021,53.68282884467389,2.442242402370603,6707.808605101946,1
7.183014721968042,2406.657778374387,43.66904883398961,1.8206375617881019,9716.23286301483,1
10.840126807403191,1807.4696253930142,28.603354717438414,2.833280062171746,11176.615539726687,0
6.855910150413025,1638.0732224289973,67.01815983777831,1.7866719972855765,8889.402698147676,1
8.723909989428513,2242.8831848160535,66.12832071143534,2.9057281175675786,10067.568796094445,1
5.945235362311169,2072.4614578021074,53.65790710387617,2.2604761889245837,7563.297050771347,0
6.947517264254557,2450.5738689815776,0.0,1.9904804489278918,7754.426760921012,0
9.656200953453265,2168.03661893498,66.57890185435951,1.4673191717974077,8339.062130896486,0
6.059549413318349,2282.030135693852,50.89517044943868,1.9470438619189752,5740.637148702015,0
9.718672836995394,1550.6469880235027,75.12817275425874,1.8777442919033478,6295.815156891198,0
8.061627903183213,2955.3747758457025,59.74929183467077,1.2450221688494567,12133.63892545542,0
6.156299836158599,2134.303205987187,66.5668535499457,1.8694307463693998,14023.868287586964,1
7.948611608583281,2479.0347881356797,52.57309700360758,1.5177180919417486,12776.593742114539,1
8.458831674440095,1865.5633319121494,61.973863972910245,2.351595061387269,4030.2279296943575,0
7.932714943325795,2323.2039608869363,74.8824748146888,2.783768285436922,3740.4273962450816,0
4.644662920164315,1678.8620945901018,39.33109476756412,1.2638505942228555,4427.871704164517,0
5.9092942362626975,2380.8271353038685,3.5553891184374073,3.0273846370201536,8403.162325638443,0
6.628722046672743,2057.6103662456667,28.850781999697155,1.9228693793689222,500.0,0
6.88834985634993,2211.676201574227,42.79891198766873,1.4149871690368916,6233.595300141498,0
7.9310081463260165,2479.189612052039,36.497751687431155,2.45465286812491,12221.29786748334,1
7.2665515013998805,1706.9838755118878,10.068760676811472,1.7321273130469712,10947.316492186723,0
4.996983461934848,1926.2033077548813,2.3786474961004203,1.9509579943811035,6472.716048279478,0
7.570296776508945,2382.9297124347063,20.176746627303416,1.7574330534727527,6699.933676488087,0
7.915878617925735,3039.2885898186987,51.154791119683026,1.50995724088106,9701.725120420713,0
7.83968567189656,2144.7670661354073,66.60679541645939,2.4343982194411424,10805.806265732597,1
8.621171088331932,2436.454447169573,53.331352275554025,1.8282191582634877,6400.58819678072,1
8.250883231823355,2157.211412056608,56.14854574228272,1.1380089246924525,7296.901934841687,0
7.688770118842655,2976.8982379025197,33.38368853672885,2.3306360745295596,6301.97081443993,0
6.894751432812029,1501.1113332138978,0.1583508458807188,1.276650589385747,4005.9516758743584,0
4.508558599726013,2237.848417867743,25.895588382345892,1.3080438963948446,7340.768755934558,0
7.644427328698879,1549.7823865751757,29.824711762552425,2.7155637229863894,7112.217379373709,0
7.311531530744666,1197.3713717853134,25.058950263286356,1.282196060473873,4218.067652034033,0
7.4073682557930605,2318.9848212471265,36.093897307492526,0.6101330858435057,9938.242812913188,0
5.084877136269536,2255.7991184589837,43.82839519785901,2.3737168909768975,9449.962035877668,0
5.378415189387606,2086.0652249031195,52.06030376486995,1.8176819423113217,10087.159102535228,0
8.579729279999356,2157.522363984099,29.437602712673318,1.86940692731713,5695.788933606896,0
6.940667269215018,3439.319773628503,0.0,1.81129976398988,2049.2729656560577,0
8.022251046058937,2096.729944787426,25.3424456141773,2.139001963411236,9401.993388936948,0
7.042477564195692,2404.04974450003,35.87420793983968,1.5483684548581593,6007.66185611086,1
7.044634209243617,1940.2540721544476,59.45615844266817,2.8856689247394587,5327.995600262897,0
8.407425708963997,2318.0930300162413,23.643843156317892,1.114261711814361,4228.840776069672,0
6.225932907673939,2104.706529977753,45.25087256798804,2.266924950006274,7174.0324157385385,1
7.144181165411475,2035.792606908108,40.801757992708644,2.3852726023259505,12731.98189115142,1
6.306587066942436,2927.55941288013,35.878010662467766,1.5442089434999733,6483.651435933456,0
6.348255658851526,2670.8739852737353,53.61066638649183,1.385759332833309,4730.590867499199,0
6.536241814797041,2254.6986589596922,21.783176064948385,2.610304528502094,9955.800203090084,0
7.333200657450569,1278.3152256224134,23.49627100712967,1.405483547589971,8518.436839313852,0
6.281877067504784,2055.596310698972,34.76198353811544,1.6360016355496598,1642.0958969353778,0
8.883634188360281,3281.2110257620334,22.197069898126003,2.5323853774758476,9987.03895925986,0
5.658089046670744,2107.735333344117,45.16024582109199,2.0208447401234144,14385.4033055048,0
6.719692533757962,2641.287028821463,20.736153912677345,0.9217137994225373,500.0,0
6.340403412588738,2776.7769607810405,39.52608415490269,3.0482354867321084,4292.8819279336285,0
9.1704668265306,2287.58556634239,32.99654462426487,1.6819935447320205,500.0,0
7.294832164767362,1863.2713472527391,39.29851929553411,1.7583456260561496,7774.086737777496,1
8.547766809202953,1225.8750672868446,25.805172098739217,2.153470551395819,10971.158709834059,0
4.771659440444542,2473.6652834435818,28.21823410946346,2.375046078202444,8316.502249388837,0
7.4005753988038885,1874.097598870581,36.920185359941,3.17666257477488,12175.987094338008,1
8.334446193435156,2270.4601807550766,39.041490123226254,1.0039591103565821,10491.650870990403,0
7.123425983913136,1700.0718641642543,34.91596169217688,2.4955713253555674,13106.44197050653,1
8.598220562598026,2093.904983811919,69.10724713026168,2.4458058164300462,11480.632304321283,1
6.224067324849441,2213.487621960421,15.185261625174316,1.9177010534755299,6791.170794171487,0
9.11402116027837,2307.4374324177193,33.71592410094573,2.4723642168897335,8200.17936870452,0
10.448347185428876,1754.0711250590343,3.527419557660309,2.560564410581928,5393.969253557081,0
6.455742159340511,2678.764379504541,42.441629573347726,1.1708223290077973,7308.031493395854,0
6.331746217898842,1961.2420861072114,12.69506927246372,3.049859903528498,8185.495016054359,0
9.180076715676552,1530.212215818702,29.433794882468476,1.064742648117115,7745.278029393939,0
9.36935821859607,2156.3906320146143,27.55871349337348,1.318810231256736,12026.760578910831,0
6.2157099592700975,2213.750123610584,40.61782253202343,1.8429273958255423,7009.495812479508,1
6.369719774356215,2264.2357732687037,23.9441816490964,3.154964307912234,5203.7407593279295,0
6.577323086709239,2744.852961474032,23.093886046120353,1.815046022147968,5391.166895290438,0
4.9833242334485846,2105.4204653056563,63.71712928171796,1.9808396659695136,9965.300814867593,0
5.622022080273703,2152.1521502524915,40.691335809490525,2.8592471623427382,3790.584775733001,0
5.493788849871898,1758.7262475067625,23.77898295955464,1.8198091144607162,7396.441489547248,0
5.848303652343807,2528.2214011551587,29.983326563775385,1.2929379722415946,11982.500736366263,0
6.947972668919828,2273.7236256312412,67.9070990454149,1.7496590988570113,8877.795337222491,1
7.351322098804781,2031.9889090823349,30.29670243497806,2.8224751002834663,7776.183832643736,1
9.325750739221116,1438.1301226138144,21.214467536952245,2.042518998233082,7892.26878908471,0
5.5024689388918135,2777.764878022035,21.300076997472146,3.1583949554337556,4911.306223318481,0
8.476483597714875,1708.9280142175771,24.01747038020845,2.442760955757293,5428.595868696377,0
6.6790167336617365,1963.4887962521177,23.110045551465554,1.61311463816391,7414.454981256268,0
6.925804435521351,2343.3378044304013,9.407043033015139,2.030645782679047,8813.81909032788,0
8.012229238249905,1721.3768285533254,12.515998061060436,1.4880691291148724,10844.450035406331,0
5.315916967656552,1602.5960886987427,18.413592512772603,1.598940181610738,8277.681851514304,0
7.573614619276076,1350.420966919734,46.83142036906195,4.0,12058.322527262744,0
7.249678312319584,2488.398781162254,27.37525425454253,2.611174706020287,12815.594045628575,0
7.738676896012223,1981.9255021094712,30.856766218119194,2.516658793404004,10385.801637446611,1
7.433752965861727,3370.908036989332,60.40176050509794,1.6260918108151616,11674.944224167653,0
10.682950209866341,1802.2579737476506,60.90014299876836,2.941750439768647,5027.859435835717,0
6.043390023623026,1831.4195906284315,29.3575011372453,2.659649361075762,4552.403195935813,0
6.203504567497274,1973.8428118858394,22.382729786331822,3.128972773614662,9553.920128870497,0
6.065289210362853,2297.2538620553955,17.711393726529245,3.0998684890390695,3976.3705643988583,0
6.166784321259618,2011.9186644858755,48.855515394164755,1.1125464271414869,7128.8844679522,0
6.0439193090402235,2444.9328856010047,30.905855329554246,1.3340963064380555,10313.575715989218,0
8.783524796661327,1808.5646440045382,27.270102193544197,1.3977273107218182,12240.11877405562,0
9.130756371984782,1647.3633126145676,18.726708497248946,1.4336356140005377,7237.353049135803,0
6.143880559375786,1480.714104236357,19.60667181977223,2.194071418556234,6050.167114076929,0
5.751466640343657,1310.5703328251213,41.40116382986489,1.6599179287425094,8961.384864534748,0
7.707123334579606,1992.7723922099772,8.691234682254759,3.2435591244575113,4779.369669428332,0
6.171665433578543,2079.6078750427114,54.89737387575877,3.1428079292489826,7480.164055119719,1
7.949397726633266,1947.4251890067267,24.323107123701632,1.996123043552576,7975.999855171156,0
7.304384531276949,2697.3623188748647,32.00728111496415,3.173195729689874,7916.048021987615,0
4.7263838275041525,2691.212083843254,8.260440837188913,2.8928807763441213,8265.510421453646,0
9.321257801995092,2066.078805022199,34.75268123515271,1.7295760644936446,5496.455433283574,0
9.693816509643282,1482.431554723215,28.433581146188804,0.7944707935846631,5819.021022144749,0
6.080816964273421,1973.317956777979,33.998388022870664,1.8692189690235623,5758.651216902139,0
6.418447660096024,1960.0714424331754,64.43417796723782,1.6132267213529161,3139.7169824148286,0
7.428798086087357,1937.1460150887767,38.553960915804794,2.1239033750874983,9025.490965538318,1
7.501685184980538,1920.912438440702,19.106816317083922,2.0535369721248493,10683.972355076015,0
7.987816409009246,1938.6148417100771,20.773601789068636,2.037810595339537,10388.930248560608,0
10.015306808149525,2045.383353640896,46.90262371827537,2.3142108448274987,7212.509418617736,0
6.734579158758926,1945.7835604737772,60.97386581986848,1.2724868317497928,5566.984281608337,0
5.802554133192319,2283.329003450237,40.638360415021,2.2468161665418247,10232.943927088068,0
4.9310211579782095,2344.1474863619446,48.77425489109539,1.7362303081897963,9916.769067123656,0
5.9036049400871216,1835.741965127004,47.1947544667341,2.1199893199182123,8652.261927308888,0
6.950309540689305,2708.426130402813,63.381288267150424,2.5744459071393138,13232.933757269819,0
9.691836795276682,1807.9750792637542,0.0,1.265360136067382,7920.723435898812,0
6.223583051445743,1552.8797544738652,48.344378786090566,1.8312238083982584,7229.3300482253335,0
7.335681927458348,2352.3112285460206,54.67472087807128,1.9288794595826815,6800.548006776199,1
6.975365655890872,1873.036746234264,8.225525877288533,1.6914386170576154,3317.366880557578,0
8.782589910172126,2328.5165883029554,17.28663631987168,2.5398976976797742,9984.019892426877,0
10.790398638810434,1238.5325595597878,17.98434502743693,1.567766984719717,7683.54389852667,0
6.203696840619519,2756.982376593227,20.424196072452332,1.6667597603345967,9529.793724070385,0
6.265840836222667,2468.917363216161,25.36565898128948,1.5740485202287613,13525.634006273722,0
8.566241315603609,1599.8093803347992,39.85205626109883,2.655233246863281,6827.744690286148,0
8.022837234439468,1608.4891504614857,52.31349302334739,1.70453353255267,985.9738496253458,0
9.770060988604051,2868.9063616390113,56.62633915537073,2.2760272345301336,9443.211108532318,0
7.875892277988946,1905.0480386008167,18.243538776644364,3.1854230607380445,8500.578169678027,0
6.461061863819411,1866.3260605069504,18.105940025940345,1.9551089477896488,5802.63837208604,0
7.885982246038464,1293.579162340287,61.31643680032446,2.6672364080198943,9191.799006864494,0
8.663055370874362,2059.6887177593785,47.93487870837289,3.0028124504558766,10358.288960313126,1
8.230723271796046,2108.912154065699,36.657296837379924,2.6163149360242484,5160.170269365358,0
7.760911046660946,2486.197238707794,44.46673351109934,1.9899192104133558,7096.004415789853,1
8.600012034383731,1640.3686287262099,34.40392436297119,2.385264655399168,12430.261189546783,1
8.75394338566851,1591.8852831037561,45.49169366095229,1.2275728441187927,5835.133426311904,0
9.07323848655629,2380.3850539105906,28.27866606988519,1.5319741051100288,8200.009266241355,0
7.973064831384464,2602.692028490826,40.376098688784616,1.6371948910208487,500.0,0
6.749322879524718,1571.5390595528468,4.789078992610072,3.344367272104569,3554.463496756115,0
7.220070529649984,2632.6056345198967,21.24431410349138,1.5124492914468397,8472.5524919984,0
8.809763449762535,2215.0167365947286,21.45977646419313,1.5035139492429024,11683.963428756802,0
5.774596493519146,2636.7221356298583,27.512199335861716,1.37364741185061,3913.9109539969973,0
7.553009963309352,2171.9118553929534,16.469734904405037,2.3358870571584567,8223.69218618149,0
6.409991781508959,1191.08883300482,24.329127483538365,2.08557283560133,6872.8462728388495,0
7.043117234402226,2139.2130470735847,4.711718752037587,2.652055386215939,10859.264164977481,0
8.917677793910947,2624.057527468508,45.974009527898005,2.4027557996464126,4346.590084032245,0
7.286648602029855,1842.5015923665142,33.34972962177211,1.1717660919655595,9290.232945102456,0
7.069654822234223,2044.814012437019,0.8958478444796611,1.5156333379937776,6038.927939011229,0
4.960215788530121,2129.5465985796086,18.303401789066537,2.8191972489654926,8669.114074479425,0
8.119380349040831,1040.1944480526072,41.73202855124334,1.878021053253917,8206.793156925418,0
7.968226271711613,2868.5390301749903,24.139561072284206,2.712555090810808,7244.662777572146,0
10.24488208495819,1839.4497280411301,21.061170797238066,1.9101914312508097,9433.435538808153,0
6.538332647570499,2402.2941729891195,33.50814645983847,1.4194061430268872,8130.958202908883,0
7.328725491495908,2165.3195455407167,41.87195070356432,1.8180435333999763,7601.581093769915,1
7.374075525566133,2703.047622543744,6.272950859216788,1.4191701226701823,6930.750397931771,0
9.366179919645212,2362.4224489712324,46.00256962435759,1.6606683425585458,8232.795169236011,0
6.857056701419572,2106.0302913916103,18.994134367852467,2.1205554239391478,8666.130644438215,0
7.418532288655509,1842.593962992288,34.641440635004024,2.3069630542214123,5032.5737597581365,0
7.911844764574809,2519.1402805528555,34.29159718616981,1.045885206047421,6951.58628624787,0
7.279913684734537,1450.6234784181534,24.458677635204516,1.989579195494541,4834.442166106483,0
6.330349578174207,2458.356168110357,14.52680507738571,1.6480305586641486,7880.463731657643,0
7.291134989347461,1760.382099378051,29.286269038154728,1.6109511146247126,6223.003385437916,0
8.610447624789657,2700.913464782656,67.5066061815039,2.079610771479846,10312.349443943767,0
5.460227050883409,2264.519817065078,7.7664993907273825,1.6697288763864728,10018.180933270069,0
7.199454511220314,2457.6495071400436,68.84626038209751,2.8292827969080045,5231.754309306891,0
5.94981877759124,2232.7955255298875,29.805576578469353,2.712837125750636,7993.077963804575,0
8.792569943387264,1499.0491619436013,35.70742834177278,2.7090969763652235,9915.549737745092,0
4.715219642824338,1855.7083346418647,13.265783772305454,1.7030538827058188,7474.075039507914,0
6.161617229092617,2468.955735044553,19.574611666450384,1.4225006990484066,5815.347425583366,0
7.565817812596781,2266.6623269439374,24.941806999239617,2.0492179576328695,4722.789415865613,0
9.34828604385151,2672.395962122269,14.086100582441755,1.9097909802282398,10562.802684735087,0
6.901374608390518,2361.309825214869,30.821640852582565,1.634706102545981,10708.139444854909,1
6.167200709960202,1813.3192437189361,26.859682163864576,1.2945593319998232,7376.157203377854,0
9.821735604160885,1881.5743449117463,72.01562284871467,1.975089218439157,10298.412753580033,0
4.8279791493756345,2241.1669562092948,11.680516286390777,1.757558329848516,500.0,0
3.701791065069877,1274.3823735999579,37.05381033497174,2.4130082222228117,11982.663952127708,0
7.6600216750799985,2869.376754249194,39.956925638036495,2.3990636309128877,7529.165584168464,0
6.246918663471083,2376.698694551023,13.59358902696325,2.6604798832536303,8425.329682398467,0
5.46815077430393,2690.813838819549,48.73654990905677,1.244422668871977,7038.446829002092,0
8.06253467094903,1567.7584236763323,27.033459742367437,2.2406349846161797,12187.122445602517,0
7.365701070656798,2697.826064142102,0.0,1.5635205762597968,4817.805128133399,0
6.1538820538949075,3092.5995644110994,48.1969922420913,1.267751473513349,12423.380979820507,0
5.079543401993659,1671.648657849073,12.661182317952722,1.742838657830774,9188.812762835332,0
8.308685992420218,2508.5607179615067,14.044501077218019,2.6412229880807705,9867.992647754474,0
7.975301766937991,2200.4439778749174,48.75804165784796,1.7766089878577094,7012.386310013251,1
6.851236204330926,1582.2264607007023,28.056770351631002,2.939272795975467,4075.3424063108882,0
9.7699554940715,2397.153588740748,53.355443011030005,2.3293271093122003,10791.532296608304,0
5.394872850510771,2533.4412819349395,59.203321907306375,1.7635457126116538,8934.225053567992,0
4.711712243612892,1959.5493789324612,22.101430793554044,2.696029057343845,12084.870374926453,0
5.962137895178134,2666.3666081020892,50.86524991910061,2.2672380632685716,7418.671039352906,0
6.931620975466753,1533.294637284321,19.890783972142362,1.4404643669319768,6742.305863303256,0
7.3650091739840375,1602.0975414201423,79.66231834264353,3.115281581348309,12164.264709920906,1
6.638145913215505,2254.638958235501,21.1408599093757,2.155687293851886,13735.682493492332,0
7.528083094771445,2210.1541111889087,55.521748819200084,2.0112777151912953,8028.04152909719,1
5.122690863714334,1913.370604630358,51.87580051763151,1.4866803980566305,5741.7275094286815,0
9.165646906109888,2523.8377743887545,41.321756442178675,2.707722960564643,10431.592288368647,0
6.876773232411146,2412.3577256863796,21.58913677166634,2.310365256416784,7237.938301487977,0
8.675943747382192,2543.255628373606,31.972050161171815,2.3775429081771446,9797.788476202395,1
7.5140880195665565,2150.745425859093,0.0,1.6954811938845389,7222.17207686374,0
7.685129828730676,2441.0321071913363,39.488400767645004,2.500460343146041,12692.04205463544,1
7.8546509203483055,2021.7398787880022,41.9923066205677,2.5470881561424807,5901.531484847901,0
7.671562840025972,3021.5274760346383,37.66998838122743,1.5987330567313265,9441.58898756588,0
7.964084139801316,1874.9816919512057,0.0,1.1498059161914056,6533.894089303629,0
8.993728795198647,3042.118971783325,9.68727109820378,2.3488238356033544,7155.480315737693,0
7.294781754552205,2213.9551788357635,20.03818034302675,1.055991830236556,6763.83303571827,0
8.063505636382768,1649.7956441725028,40.83317866378092,2.0912094667026677,10215.824198280246,1
6.86539645856916,2747.2317401954406,40.78677811285969,1.7316529371276157,10755.089344801612,0
9.16017582317421,2250.3605553579837,31.595524160576417,2.731199126473353,9673.216486797113,0
5.985411546911095,2540.4496393520953,47.704910732079135,1.7642936655396757,7676.049599764189,0
9.701410649366224,2689.5423674170374,14.475152493942002,2.6643637832022824,8420.540093004778,0
6.939763074033485,2335.18222165801,47.20470011387992,1.6914743333821842,10693.164705378274,1
4.853837346822928,1963.1036620748741,44.494842096797825,2.599994603035767,10787.934761622815,0
7.192156622366184,2590.2853510677,42.55109465675821,3.236204926302099,500.0,0
5.978422513787679,2200.302202981838,31.359191378286884,1.3591717169802557,7183.3334846819125,0
8.260965323483086,2474.343127443368,71.61487649662524,2.1752214330385446,7327.223625681543,1
6.021064031046413,1338.5077704834155,44.86391376979757,3.649269449546039,10007.757692378485,0
6.33072485017783,2378.792686803941,15.633282734928823,2.039953296141753,7799.687546867763,0
4.165688903581703,1944.5656699419878,39.96610951471968,2.0370729621377888,10157.550142847862,0
6.321540521126385,2861.323854871412,50.04966754148437,2.4730993684106117,4764.017686908343,0
3.364181010056565,2449.234939155638,23.23782802151381,2.0246485184568526,8780.16354638234,0
4.624145764771415,2295.9430983397187,56.78544493862198,0.9756644032576685,10700.616960351483,0
8.140621984216446,2394.5239973400885,42.64067411432021,2.679372424903363,3576.8513920455553,0
8.178700237976248,1800.6236588493127,0.0,0.7982309516808843,15540.93040462671,0
7.6381863426774474,2849.3026762112213,40.99343954675852,1.749925009316995,11572.657798599557,0
5.549535785306181,2996.548167366762,26.879416911745693,2.724455449493989,8004.059907396926,0
6.92843296578703,2357.1654042192868,45.74359629083472,1.7860745428143285,5514.775678283695,0
6.994596191364147,2836.161427429455,53.884296805036286,1.5837821045213576,7474.744549178882,0
5.262452966211185,1972.3407205309863,38.90324094283636,2.5275583430999364,8251.407078834021,0
9.255097452650727,1881.1545735100076,68.30504467889392,1.489331127899368,9321.987670436143,0
8.316043435863508,2216.369899491569,31.425862308730085,1.2666645682448276,12501.982548380092,0
6.668553739255504,2373.9764153471597,47.496356461077504,2.16470839249597,6571.7045916714615,1
7.040328758491796,2042.4053275027518,51.098851472746944,1.8902460209524454,9688.129512717684,1
7.312574211921329,2415.1072761473933,33.053080622145345,1.2537961314866948,4122.712512199661,0
3.937397697363564,2322.5557928293656,50.575486159555645,2.382171523996922,6759.197857024197,0
6.629233926219104,1800.677289883578,23.106540256756624,2.27869256334634,9130.150543608075,0
5.977023628003302,2407.5172069806886,26.54863161957563,1.784146990036621,10073.787473026414,0
5.497569985157627,2545.4112970086085,8.75022619327375,1.825200796325032,5740.302570006141,0
6.578349560671068,2268.5877270361566,39.82818232740094,2.282235645205494,6677.624911964258,1
9.696529790274283,2661.059241304677,41.50503351708688,2.7142168518512397,12381.669906750638,0
7.961264291900514,1713.0384826012191,58.585263171584586,1.830324073934405,11485.725858884136,1
6.143231515325805,2387.1801688527407,50.82280008711767,2.3928130958048865,8625.371651157098,1
7.858874172034238,1731.88771744129,29.304088867051338,2.3391201302507594,1290.064540337854,0
9.099033154879002,1754.367456706765,11.436406253314463,2.527584375625386,15533.397643070024,0
8.386950524369153,1947.627666504884,43.65700805039948,2.023585519246079,7940.2053150282645,1
7.089445554880261,1823.175926570302,57.21506344829284,1.4526046915601853,7062.298825936019,0
6.029594833441639,1980.801672503545,50.103699476078866,1.7225005080800184,6432.920222437655,1
8.047334970420385,2114.3398757155246,56.68955049714575,2.205712079468989,9129.101111597327,1
7.590228078132625,2534.8617945325536,30.76220937603515,3.091078627028956,9159.747767512788,1
8.342789830041598,2071.536384517719,25.66762063648709,1.709588226082233,10851.883619379538,0
7.9527577025229546,1565.749717292163,20.261972955364023,2.482872466116439,5221.813506952961,0
8.574329072979003,2656.027138598064,33.88207066772809,1.803166129593944,7062.515365576217,0
6.1971471826591475,1865.1639465539843,33.42818408062361,2.0662812535316815,14091.637169672607,1
8.976091098451489,2176.5118291581484,39.13355257078233,2.9092380495581556,8673.771899749976,1
7.296399407038599,2378.6146027762848,32.41405085928984,2.45857554885226,7482.426880019761,1
10.112891308937899,2279.8441673611133,32.32744540546457,1.255220436355426,5175.1467032488945,0
5.966218272865648,2637.6718190085903,19.466118940557124,1.6565149857130455,9517.802917462255,0
9.603945704747874,2391.6012573571033,53.83238027102982,2.7537328066648152,11093.054651127331,0
7.296866175193972,1855.476168121157,36.53036124487423,2.085126825577097,10623.762937429423,1
6.022872994578328,3071.424869596665,31.511121314294357,1.3106959282304818,7223.59740917325,0
6.274171248918518,2277.7333853352934,20.051414935015906,1.5086285330157674,9083.756850090609,0
6.519479037708519,2141.0639093513973,8.361737792178282,2.422096113626703,13014.978309945835,0
7.636248919602875,2585.5701692222283,61.159283850986874,2.596646168730578,11212.646876514407,1
7.784253232053249,2299.7803783720287,46.09277416263615,2.010713180889305,5647.511773420041,0
6.139449994092131,2359.6912771757306,2.52164314860066,3.485188280561661,500.0,0
6.963468111608526,3196.8735994402746,50.26284601419314,2.494491418073383,8890.317521252706,0
10.213405537917795,2089.9514286979816,53.449623404662184,1.8539113582202598,10395.704380245299,0
9.591314755151068,2072.8956423930417,37.48752244601859,1.5105763711403934,4732.3265243802125,0
7.654485504511048,2246.6314048049853,66.96221791503518,1.4150694172165752,7973.631433631667,0
7.057005217252301,2628.6063742324154,39.33439284245766,2.201252792288222,7208.902802380764,0
7.1800469900773916,1597.3863879238404,6.663529441016202,1.7067337730519558,8312.858966696596,0
7.9202769590956255,1413.777643409398,42.30338002096642,3.004246252390055,6365.911138640863,0
5.4658111522023916,1965.153891751941,39.89794603425459,2.879787081750716,11871.53299288398,0
6.613935193864982,1546.430816376285,22.934063024436902,2.3798399284983365,8443.906641898287,0
4.497123889183616,2030.0674609897446,46.471176737548504,1.2926022962258625,5362.9493415057495,0
7.598834683907919,2400.999878451716,1.6466946761827614,1.596668676468557,10752.386460781161,0
7.970793909554112,1843.7004545790946,54.81133654885579,2.7534065154446603,4207.4372120248845,0
6.275220306550939,1629.2693692874632,17.437565927890947,1.6621602801229387,11853.483132605397,0
9.360980144935048,2227.734864686139,15.301077497659353,2.6732850403517148,10973.17827266769,0
5.161351505496488,2545.017393846068,32.72350455385046,2.284762353820857,12169.325885962358,0
4.80343767968527,1522.0106245933548,43.65945856087271,2.0310307308879123,7525.260882675153,0
7.336677727839958,2528.0929593223937,38.27848127186859,1.5783003122387353,6511.65806064987,1
8.570647453918232,2526.9224814953304,20.146816684552434,1.943453693885149,8252.06528279928,0
9.525891537186803,2581.634040862651,24.87821417616223,2.1137887729249387,7746.689640933406,0
6.31167360569659,2687.392085948675,12.339153052450762,2.619523338980673,6041.791143309463,0
8.618021250146944,3080.8055698638464,30.506401967402596,1.4685586396197472,6339.130057623072,0
6.9422372957489396,2057.563180552378,56.50042429021819,1.8423098944843308,6900.881458200607,1
6.74105905008877,2243.828632031143,34.91474124712248,2.026893879159371,4489.988940680412,0
8.325489906230008,2033.4246267007898,52.18828509518906,2.397607014611699,10033.889868798004,1
7.978484317620129,2200.7907379023245,64.10802675452383,1.4549213974863338,7843.108587286981,0
4.635411764523626,2813.1493422545245,23.23962961926066,1.210058124267671,7074.864592299059,0
9.214810524588843,1661.9942064277325,31.268534938892707,2.40437909102603,4668.937517174968,0
9.070137031221178,1855.5801311337698,78.4238572212499,1.089230531031978,4518.881066997605,0
6.061655947735706,2750.8723746018245,63.886868239598904,2.770987828857301,13807.742152167237,0
7.593705300156113,2608.014602760836,1.5519094837529508,1.9064443415102552,6118.227611415291,0
7.7410452794241085,2054.747341273169,42.742966321218134,1.0714813506353322,9831.58518262798,0
7.391010648735861,2541.760800448288,35.01119984679391,1.7117478683579035,8487.903409700531,1
6.174542269231869,2336.4863369968134,51.52906221717525,2.2274741798415425,500.0,0
5.992564948092923,2800.109843600395,20.100424650298894,1.6803793474670135,13377.352469415777,0
6.961668893512832,2229.803837530709,18.207832559186556,2.0120178492946086,10052.251936328348,0
8.759093528889046,2610.252845549033,21.47858569412781,2.444047019423172,5696.989537085574,0
7.8154002318916485,3256.804764197048,23.561429076031345,1.8786857987674284,7914.900486711214,0
6.444078501870841,2439.2396620189866,51.306483336180285,1.43776539412032,4552.4498977890025,0
8.157548065972517,2219.7312663179373,11.3759765370224,1.8206096015768953,13478.661435383401,0
3.0,2488.9787940883916,22.54772200081362,2.848904081875556,5277.0268752756065,0
8.723148550558156,2053.887656718446,0.0,3.01103860719991,6430.748009916022,0
4.39042933183285,3155.1870822098927,55.142356468247456,0.788044295634635,5811.316765557227,0
6.456338587895302,2272.0284150783928,60.420601988622806,2.654616745514886,8241.13820062751,1
5.320495158060784,2090.8266719097946,28.45853138272427,2.1500886296212136,12110.94950041794,0
5.0579777864186415,1865.7243979919856,29.04101270373554,2.55438960747209,13368.123347285473,0
8.741240181067779,2638.8880766425755,44.064438045657944,1.6697070438394224,6803.01156733311,0
6.298448198032163,2546.8749651310955,64.48964014756511,0.9390418942991083,9134.776946953767,0
7.519755822596074,2001.0582514343628,43.17221495127835,2.350693273188477,8245.71623781222,1
6.929619131681224,2430.580538048969,21.04916115049771,1.43541364323037,5055.172206667826,0
7.715561240834682,1596.5776127148574,2.623548560271189,1.1670245411090887,15267.666723787832,0
7.115232836590383,2273.9882300292625,12.697474746730247,1.2089591705159202,12088.278686888767,0
5.075511663717146,2381.1025408306778,36.4643890062493,2.360548269449201,8567.347549133105,0
8.49440022917071,2882.9319238236894,21.89344953598411,2.0836714796175184,12745.628280496963,0
6.259365125258031,1891.6724789085242,38.89935411981517,2.469479613124804,11636.320138153415,1
4.665127152010373,1688.6589484790702,23.94151967527532,2.4014451526978187,8245.584023245267,0
6.357827258551131,1841.8288156299832,13.837071374111769,1.7474398612497404,8977.89081598398,0
9.251139685951467,1665.372599874032,11.45936737093858,1.9577158556735266,12536.378427129963,0
8.275332613170239,2734.662943103593,66.2470901874646,1.6931374827304762,5161.539256610959,0
6.477021798388211,2819.4557180096144,52.77975498367286,1.8738033362807056,13021.072091964019,0
6.476113443522356,2328.0866311795317,69.61035903655917,1.4196471572113605,7324.6623179446515,0
6.5175474231739265,2688.5179782740593,45.79901801510206,2.234290576324601,12574.030228542702,0
10.11512197534126,2253.583352232094,26.40017182770322,2.645072449389054,7984.320207611539,0
7.57290317834733,2161.9553409196938,61.46681844979876,1.510032182107408,9012.818667418916,1
7.645062470786605,2066.7849523784953,34.33863997276464,2.7687617872408055,7897.0749302826225,1
8.545425181047763,2075.8436034489737,39.41683540580705,2.068112897886765,6404.469131566318,1
7.35818373853977,1580.8793774763876,34.14351241848962,2.144647385843488,7189.835305567064,0
6.611436781268945,2305.7019054429356,0.0,0.9803422882354891,12137.334209505701,0
6.705475226372533,2183.8664359143827,67.09470024589706,0.9156426142605596,1057.5080519825942,0
6.892598110878904,2498.1442896311505,44.820078919155065,2.086469817667809,4283.102165585489,0
6.944166645235238,2237.409398575444,41.5964612173702,2.4738392747792046,5823.584871925694,0
8.091444315455469,2134.9185193723633,33.76447875458879,1.5971717338130285,4764.965622691936,0
7.077918828710949,1851.5227879969477,38.26855640772262,3.0020563403498537,12529.938831246467,1
8.098960115823369,2228.8612947287047,23.054421283075044,2.440961584552589,11773.030933559612,0
6.878925129837127,2495.294892326465,47.33158704614542,1.454995248975209,9776.095428183846,0
7.117952785474136,1742.6644035664558,8.858033112017353,2.018509200232104,6086.587797567395,0
4.002698973201839,2234.9895014722956,38.721368649410934,3.486157480234047,12005.15560038241,0
8.374491512053723,2293.2171806117935,46.23146941142209,1.2544615983201766,3235.610222013368,0
7.519732713846989,1912.7740865526944,31.02661732354194,2.3169619633490632,14425.947920443808,1
8.497015164789477,1964.8574780367999,42.417355849420495,1.8063532683659946,5946.110608467347,0
3.0,2292.2443395064856,15.173312155314996,2.4241377745511072,7213.894334475685,0
10.132562057171091,1746.6315926829507,15.683464582080717,2.760364187791029,6711.968448515858,0
6.790615557767239,2339.969486099757,39.73434242052787,1.7682577467731795,4780.677757703969,0
8.662274225106275,1841.85825053632,48.570993092421034,2.6713473630243043,13775.339371810758,1
5.440141109311703,2625.1414772132866,0.0,3.3327220365631764,10366.68389235346,0
7.919160857593854,3135.1310981553197,45.44041270221533,2.039764842406541,11646.411626239362,0
5.419876655239516,1855.6972793192722,24.135969992473257,2.470933212496511,4328.992183817687,0
6.064346558956292,2413.68314494987,31.14387825385175,1.6457355378780352,8542.813481012,1
9.87104703080018,1909.3032380471923,8.209641528699258,2.0115555854187273,9563.08606799421,0
6.71397639885498,2616.381669519116,17.967655196265838,1.8939949443750546,8812.26957064953,0
7.326149309769584,1693.896636365914,54.322506510606225,2.4781615553951575,4518.879646796,0
8.305101596033131,2392.234703371085,35.657267479604265,2.7228055614541553,11226.500063391912,1
7.743522831958907,1850.804413244259,27.34443196580883,1.9342070905295243,8364.650248355463,0
7.225628357715364,2117.2061643606526,32.670232947379304,2.920173707439754,5135.107893070992,0
7.547441503699338,1787.5898899410772,44.78423649328602,2.9180284649369774,2434.2483813420095,0
10.605123377857414,2528.9401883583014,43.80988992326675,2.5081122459079404,9819.99954046964,0
6.913571804449622,1865.2078582241652,33.49945999206398,1.690384080966963,15351.367202394502,1
7.301648570072452,2420.7857037327312,56.859182217933366,1.6329027099560585,4954.237179961156,0
8.575981594011418,2062.3607886950667,54.40925273813332,1.5125711871859768,8511.341151238898,1
8.658288899436975,2154.2110512804547,43.26744058260792,2.5694996421428966,11331.49183727473,1
8.78054545834057,2259.1023629600513,36.09223565820141,1.2729390755063814,4191.043201696097,0
7.958095333043777,1895.2701313364605,48.146421902390784,2.4061025924666044,6560.129692744927,1
5.285492630904274,2284.1468454163546,41.28534843602367,1.3513343913055322,5419.523662215794,0
9.450147298451643,2812.1338257417647,56.21600143611895,2.494127671905184,10954.030084473638,0
5.280481910471968,1888.7620856669143,52.99122753476615,2.010331749638336,11976.567708062179,0
7.453953197858549,2668.724057309538,14.63492197164543,2.8001831371158965,8477.108794195205,0
5.868586224970963,2799.239053395114,13.280736585165872,2.6848727469927627,5474.797793017697,0
6.9037924801105115,1873.5380043887824,20.975009111918475,2.861039247201267,6671.627186216457,0
7.493143615455221,1617.9781579637793,54.522773801338424,2.8764912309734676,6108.504457259741,1
7.482035823175409,2320.784360068706,3.4738200645750865,2.0861785003929185,5068.19341513098,0
7.632881131352927,1981.0369908932507,42.89514778215987,1.3047241601452373,7693.885397544605,0
9.420566903587972,2947.441287665201,42.250861821859225,1.3684861670015729,9724.479453385586,0
7.68030145227097,2213.923016199933,58.252961173723854,0.7478908824104376,9470.772333285558,0
6.633765047064027,1879.1202367859282,38.60677381327775,1.3498004999431439,7975.3029062914675,0
8.446130752432536,1741.1361955953155,8.135812188321985,2.0412941946227896,8171.161510476091,0
8.784205733386962,2635.961983636332,15.812900787037542,1.6642074915049028,7755.347614730664,0
5.158588277294511,1971.5264103663253,11.360089562043505,1.8919186373540893,4108.365382501181,0
7.896100104774787,2217.5315197841715,24.241120673337193,2.2956292516768406,8480.404690948617,0
8.051759113466348,2582.321098044992,31.341968651521462,1.8175608451605452,6249.123243636051,1
6.553654744960012,2006.296659227668,11.69116947557886,1.3269027197524494,3957.970342521687,0
9.063560219967428,2181.628468503936,64.41323981304578,1.9680597994619407,9112.116701346751,0
6.77491661945121,2193.372636070992,8.49437256095118,1.460905707936293,6164.8098907443655,0
7.188364680207314,2473.329804606437,61.92206847724961,1.8375281018125622,8683.261763776507,1
6.740392263574195,2436.2977342041304,58.70326062878681,2.805666178653802,10542.913445208282,1
7.023368571372202,2111.954507498069,52.966050993780705,1.8376968175422952,5149.283836564304,0
5.355587369657197,2225.459624598607,21.12466785006499,3.062574532008647,8276.363846218914,0
4.839923676108558,2051.288395390605,41.84901758353803,2.858981592162782,2568.731354808916,0
9.391757594837458,1608.9550372322221,9.45257732898764,1.6524168148525742,12597.599271827828,0
5.729557977522508,2303.0403429592516,53.21814070067499,1.3333257401505345,3922.800509333654,0
5.512911475815539,2956.8767043332273,33.52030436927462,1.968467502847884,6455.541012807876,0
3.769914829594428,1846.5123437235748,26.813595708266295,2.6919966580381334,12015.139711291871,0
6.041557378465747,1890.788116158919,10.525103066874614,1.705885456262787,7296.431221757042,0
5.015365309888752,1851.7088913425034,0.0,2.5448541789572836,4407.806941099099,0
9.463022740204554,2489.836711489249,14.229182859284883,2.725063993481653,10139.219696859605,0
8.514725634013951,2379.394181678576,57.25596391225813,1.5355846097824366,10071.597386453555,1
5.9677744822334144,2136.5849230334175,26.943331430503918,1.5943693470268478,6100.440981904299,0
10.378653708016463,1832.792375344414,31.613422857699053,2.427597219276204,6425.220437658802,0
8.47264823048739,2236.9507166559697,48.11108716576906,2.0911085297849423,6693.773088145741,1
6.512752924737066,1574.1511490656783,71.1133775623253,1.5883630840737928,7378.928117941906,0
3.2508914276896403,2257.3706267429975,61.50009309891277,1.7886917311282475,2321.08676923458,0
10.436413858886112,2548.6097544351737,15.553299923676239,1.9576882683635486,7455.728416645701,0
4.915641299854606,1699.5203453465288,0.0,1.0610873450267237,13351.742594549447,0
4.531901879564662,1586.9926892681347,82.19228518200208,2.459385863889617,5312.0900982898875,0
8.53385564801446,2831.775156677944,80.37983223318906,1.7127846866364853,6249.519219590708,0
10.659628609508909,1955.296144198166,38.76907192858565,0.5,4449.147010410812,0
9.076409227765778,2654.3791383775288,9.590235088363567,1.9856774190143285,9836.485779186061,0
7.84586368007854,2138.4009339208674,54.26453067787878,1.5550572446638955,11609.59207442713,1
7.892131512497929,2135.218073223469,32.8403262797478,3.013293315381606,11540.953517532875,1
8.280123338170462,2375.365079798658,32.74037753786779,1.6487329874480192,4255.968233319019,0
8.138392884680147,1846.4004573014238,52.88917686210258,1.3414139818528334,9499.375191490879,0
7.421787135954064,2252.998857398258,41.68749493746597,2.3047596019772096,12301.250102642707,1
7.156301655927814,2047.404234070363,11.283701779701097,1.60373157919545,9528.989323130369,0
6.9061103081507165,1671.8026226379875,28.505161298360523,1.5323262792486607,9435.22905003133,0
5.869053116699986,2334.9928298905597,48.22305857322693,2.3057008296946435,6585.072264094524,0
6.578987384699839,2094.6768772488335,45.20504444810037,1.3757196152662603,8660.32947138099,0
4.460564778706922,2137.190068622117,40.24033148716951,1.1256358050803281,11708.954539119215,0
6.852490559807875,1715.9356226343368,53.668459089517285,3.035598801256602,8984.626905286292,1
5.517113339273624,2836.560147105122,27.765660243654708,2.347699242560387,4255.17573191082,0
5.344616024176344,2550.6856745544465,38.57339550438144,1.8414744290033809,6631.874977142086,0
7.269841226730218,2585.6623536687916,0.0,1.9979136741788384,11627.83861666698,0
9.088003429516899,2077.822119023327,26.006996123143722,2.303518614869694,8974.229961053286,0
8.37747490900347,1508.326844198632,50.27805817151289,2.5840024697680524,8357.18623472923,0
4.644249094565234,2981.1669529958044,27.19211065765715,1.5464148252109928,6337.953400259899,0
5.515557795144494,2175.560996797653,25.67545216565776,2.2196879155794096,11565.797541603304,0
8.411156781982324,1900.4800815919784,14.170940964503629,1.6959774942738568,12987.237793466771,0
5.5262689096925355,2366.7206297932457,55.06731785458291,1.8866112532924255,11789.567369054099,0
6.663050275004463,2666.848315201319,45.969265470811415,2.0964157204789426,12327.77486433612,0
7.825078148536828,2190.7797775658137,51.5082919564617,1.9959928561683966,6923.8812777015,1
5.547483317704547,2711.4300671757496,0.4757207608422078,2.441340138981543,6499.4927078782885,0
7.15806325921894,2633.1999754067474,31.790999134687322,2.2922519354693565,7530.964479502442,0
4.998961757622693,1769.4475250391765,29.397779844999874,1.0950984743766934,8115.719725928761,0
6.097948534073179,1930.4839577362095,29.388565868028948,1.1853060757607348,12293.059340375767,0
7.479672901213806,2583.0148653119068,22.679449125640883,1.7781699891444243,11497.66021840525,0
4.6105093997024955,1114.9549744758249,28.077914564399695,3.097175157465095,9615.408161763484,0
7.660712106940599,2140.2177227340044,51.99289565413304,1.4890449004990387,3706.439702459339,0
6.970543301609978,1627.6675193501314,0.0,1.8750663742323483,2935.9344662093745,0
7.828734931625721,2009.37847942659,70.54589536060908,1.6781923838260868,8721.388234405109,1
7.335871201096992,2080.471964388318,44.67682250052923,1.667573369547152,10640.78961680215,1
9.046210644960766,2056.7022488369967,34.153362086795745,2.106943846343033,7761.298853041588,0
7.187836753971861,1979.0954991549565,53.13668292745852,2.8404663657173908,13744.713514935214,1
6.355891688312121,1761.1425401484744,5.963305096631299,2.2735810399283536,4752.676868658693,0
7.183446254548426,3116.7645067274743,21.705981896979722,1.5178814231437447,4374.944151513203,0
7.814947043554582,2946.98480166454,32.57849135218892,3.651937706481924,6007.1570765770375,0
7.073290105488557,1735.1736718974867,62.311207408643554,2.0471439325766756,5893.108360426293,0
7.060887536805824,2832.846700521427,34.07006837746884,1.653667426170732,9578.857606045938,0
5.947012468289866,2040.2138038108587,44.001093423702926,2.8472578248065536,6734.864444469492,0
6.0056486236735775,2251.674989332684,23.208420081277445,1.7185576292337088,3356.478616164015,0
4.89609209230046,2174.6904160412337,44.73684137934982,2.9977481929924656,10674.735370085351,0
9.62436511478041,1936.1005434984136,68.54479185948914,1.47761432542,2720.144221783611,0
5.1342051469130725,2593.540937442459,54.91053383348228,2.8580182333528215,4786.345330967872,0
5.960642203306139,2250.354612230663,33.37088024444241,2.1206285985690165,3131.880287768394,0
5.922389101646203,2009.3794307123035,48.509816945309396,2.77463133962146,8621.36383121262,0
8.342386565416662,1678.164222479811,46.550339092144235,3.1410594252209263,8558.143136453637,1
6.557575482561958,1842.5619945123517,45.13175343394551,1.3204356256872476,13749.36296304906,0
8.871613109010601,1543.4479537591612,57.239067217208174,2.7654630924549934,10741.47996843665,0
5.9897640636341976,2204.8894193660676,57.08955407674933,1.1546576573447571,12324.938550026602,0
7.418491243335703,1721.3337630862416,32.45682806250231,1.3716893868510631,8865.82895389548,0
5.746979420110364,2093.7757949925835,47.83758122955538,1.517954324124538,5069.20453672831,0
10.217723691660083,2748.0407414441484,27.338101576804124,2.302181981706717,8384.32280598049,0
5.218602371455731,2679.719829168634,16.53855207368845,2.0198095261609157,9777.26302216192,0
7.464731065340541,2187.089242358953,29.61012488592027,1.8997183495022985,10111.422146754725,0
7.950665321398148,2165.16610954274,33.47443696520835,2.0877411674134168,6582.763567674973,1
7.620698646177248,2951.9498197684034,1.768380216440157,2.3547737535760835,9466.359421347197,0
6.722068511683437,2408.3024481434845,52.206651188334405,2.4009488743648117,5200.9160874762065,0
6.805268950399861,2068.877416049391,0.0,2.6565001013690788,4870.167217667849,0
7.065717207968665,1629.5927531518191,89.29633878972643,3.0920208876604636,4652.645865843546,0
6.779496997557267,2357.5492872658974,65.03758267592637,1.9871825765351139,8073.877965670391,1
8.445818675192365,2531.729509033145,29.77982551655373,1.6873466227214502,4466.490934771089,0
10.315784502387027,1947.3393901945424,35.18852721127546,2.368121677511113,6725.766830386977,0
6.16376232248825,2316.481102055213,41.05943747174567,1.3134471102412277,10708.749654241874,0
4.945295530631383,2054.5706820339883,23.21679224022116,1.5927775207330332,4912.610965765085,0
6.8675769274731175,2126.387040320399,38.852382951738726,2.5996285678356736,6487.06389948705,1
10.869564006481479,1204.8711769750676,32.12000044596678,1.9255229751093774,8214.893830328509,0
5.794488148045404,2111.2874385135456,33.11454565538068,1.2750845249851768,8740.6607045968,0
9.4586752081661,2587.7477209632216,38.62922126961277,1.1061181607808956,6502.128227583317,0
9.51655122111466,1947.4389777733768,8.729444032920114,2.0292300076362846,10360.580206205472,0
6.169617637438008,2221.0105472861264,35.79139448267296,2.685137922180806,9771.356902354173,1
7.853474618777913,1897.6197173232317,38.268954932349544,2.6771274665187117,11419.569813085109,1
9.442594934692806,2344.176670517109,37.576992427118284,2.0665283017357026,7755.19422695882,0
6.43130838851877,2113.3907209855306,30.683384891276912,3.2053456514576766,6461.543571630969,1
6.694629459846458,1824.3033837271973,57.75715551938744,1.9371077804357224,5952.103933963634,0
6.127478629077034,2733.020587066051,27.926948902368977,1.9168594259615535,8921.082553788088,0
5.4778649039606995,2571.572805412886,39.5465181364638,0.5,6868.532651566182,0
6.026083682400989,1958.03729442873,60.94595067851091,1.7315822305032706,6292.490666957632,1
5.164089599856615,2399.115323767111,33.41247719959375,2.511209020945097,6655.138207264034,0
7.051125202388839,2414.9648011281524,39.28926534935103,2.9383768021158225,5948.928544627244,0
5.845040153412038,2456.9204940044706,33.07230727370206,1.5018592197996292,8597.063338288197,0
7.350678867686121,1522.2976416019687,59.74739587127198,2.277351397575829,3762.250452367817,0
4.666156530694559,2602.642616413051,29.845508768274094,2.6281274193939725,8909.048877424888,0
7.496320348321685,1972.1204148297074,60.66709154576411,2.0067248919175396,10029.64628120885,1
8.250293442413387,2056.868826623493,32.92824210705871,0.6300317254836618,6257.362585468107,0
4.009396536142817,3255.15270090408,17.810805531039662,2.1483739997445515,13766.110818819641,0
7.561084854771358,2320.7493522884047,48.58746341148242,2.456858374436536,8052.86393293056,1
8.841503488709938,2045.4710098211299,28.90664332488688,1.4315462629889248,3315.9710507003338,0
5.185538471963191,1317.8822508976377,47.41001798198326,1.8475072814753677,7156.271280989989,0
9.508858580256554,2755.905653578542,0.0,1.3067023747227415,8187.96843480739,0
7.6285285140490675,1661.916131676559,35.10410523789893,0.5,9346.902666710641,0
5.942482216362387,1798.6244386001986,25.80789402485039,2.616202647072594,7227.7084276674605,0
6.916346383513441,2067.4590803648603,13.734826269374437,1.997750879718889,4965.289172886827,0
7.837490368782584,2766.5647166801173,23.935179963204014,2.95860499802299,4715.058145663152,0
7.114008087118617,2509.2959946663036,23.52593711414697,2.5143933151437063,6039.202144454986,0
7.808133988669554,2136.864996063896,34.04028410298838,1.7874741430007306,6326.673912443712,1
5.61898961038095,2323.3168254555285,7.653470774300885,1.9500916039373548,4595.077505302228,0
7.254041236054117,1959.8457228515576,41.32547560519427,2.3397064344621032,5801.560516688903,0
4.87942825464253,2255.86147582614,62.324295704115755,2.580130050053446,9978.375573318064,0
6.83316090797695,2229.334697911255,40.618569938956526,2.193602378445207,12945.23782308346,1
5.6441385378028155,2587.507958272541,51.17977218458018,2.6633558871736907,10266.38514161289,0
5.89670508611535,2586.87124897558,56.89124909227591,1.8219987579953172,11917.583258560437,0
8.854139762815656,2397.590952882258,59.72979024368354,1.4017138719285882,10922.355404701095,0
8.636965180891403,2055.060976981559,72.40277385642611,1.9611144478633218,10499.390985195034,1
7.913707181360765,2496.7289177560506,25.015960034481395,2.1231109344417103,6986.611210828015,0
5.361530852991132,2163.2126135187814,20.630320296777672,1.279078763156428,8422.73263516084,0
6.525387325457797,1767.234252514747,50.669312966494694,1.1979667495120268,6738.1419726319355,0
8.819646549968775,2038.6848832356245,49.165324393148,2.2684317778840564,7342.6785129991185,1
7.212575370459857,2233.81079351373,50.51350599231378,1.7561858891777458,8204.501301159758,1
10.478994309972542,2564.086313465898,72.78564908500505,1.9004954566027987,10140.698454737081,0
7.589976759091558,2126.588731137139,35.22739817596988,1.784184400579506,9269.970144545372,1
7.288073674735047,1716.3205155041576,43.5231311929237,2.912360541057927,7514.512210956931,1
6.536325303696248,2222.696673318728,15.392234970330502,2.757056696237,8166.616222674998,0
7.200311357173423,2245.382416022621,77.70642247951915,1.257587785976499,9300.39102258058,0
6.771295245429184,2274.3350515611014,28.26910157581778,1.6803240721517319,10002.183314173504,0
8.062163015032885,2567.948606381772,28.835681436783403,2.5100025607817558,3443.0145102283923,0
8.435053475191875,2607.5692960359593,28.065002179835147,2.3611617422619453,4767.83310830319,0
5.821015809238076,1962.3156510473334,22.102082827113243,1.9751252226021285,11321.931601818027,0
5.003150569663333,1953.5426167804226,20.411259023047016,1.3174398770214588,7817.391290206826,0
4.245691940345055,1783.9205156178107,24.525914342209497,1.5904759723078725,6727.770219899063,0
7.761986990368816,2479.5262681121903,7.6840814389811065,1.6899394594722261,7209.5015812218835,0
5.344950090739189,2779.5280433350863,19.293641594735234,2.16619659867146,7208.884083270338,0
3.7706641105712757,2073.9672288364304,73.97926222895238,3.0222362928183424,9673.813344573122,0
7.582867906796446,2103.4277741100027,49.71310287282737,1.5878718591271233,4675.9508180576995,0
10.739499276149186,2786.7130227595903,53.518083534554364,1.384378851466856,8074.333239490284,0
6.99089363269016,2402.2231412860033,58.5441757483383,1.934848113903234,8738.353188351213,1
8.257736161677464,2374.494281920422,71.68269128724782,2.619043388308435,9188.80374969651,1
7.122744037821348,1723.6333976105093,0.0,1.1318702199435782,8668.591988630878,0
6.851665520213286,2471.4912277117674,10.402337694269189,2.8721804905249684,9547.718690942085,0
8.378614724481652,1828.3454637960967,18.925526782106296,1.8967811827305983,6281.911546825062,0
6.564588183717023,1746.3919256260167,25.605404070208046,1.5594079986119758,5174.591803025134,0
7.401088471107855,2061.2913692933153,28.988612188295022,1.0398864279427045,15371.01332975154,0
7.48254670929402,1965.682910620524,26.060448943879184,2.4239124640523766,7096.20594627729,0
5.997864319535427,2111.3601222459843,39.38617826264108,1.8972972828550791,7446.6365880362955,0
8.488063524304785,1623.6073461900326,35.705907814904315,2.102423289652704,10033.520293153653,1
6.737560364956887,2583.526522587069,20.54330409643501,1.4595129553931816,12788.267876582722,0
5.866382260760733,2651.0745178065717,0.0,1.8085423794493858,6366.415649195913,0
7.804764765355605,1421.0630103436743,15.142625892426036,1.7080512521871574,5003.554195431423,0
5.652298027313444,2591.38312226662,24.015226933748494,1.9396441367730755,4273.53994762517,0
7.042271736053692,1875.7885480713494,30.05841126384561,1.5982686041745138,12779.318664508777,1
6.986321505033695,2542.7902147931145,12.406650813789263,1.0794914235876671,4885.6790406168975,0
8.628843348747367,2172.6214029334337,25.1838706700716,3.6370998471779643,7917.3321904532995,0
7.7120473493199295,2211.5102256323994,12.380252230288274,1.1819574515974915,5068.145503871093,0
6.962459561882284,2125.9609402315127,32.48361296903334,2.1088754041655235,3654.9322461250886,0
8.22664944880043,2684.8516816933943,13.538173432747694,0.9367833029455748,7122.873940718942,0
9.08531132352597,1704.1647949899886,18.02190687259071,0.8017715380292152,5186.640000976518,0
7.8367154595277935,2443.1361354940036,8.826317380217219,2.0586958951113603,5925.114723730061,0
7.015528929765071,2640.53206595582,31.929986088604323,2.104620552660982,14018.315292252211,0
5.032245651474761,2486.536032216164,17.671044600952033,2.7568993944814304,9274.688312517208,0
5.402329505386941,3129.879565729367,53.13568533350859,2.2397281046094233,10794.408558661966,0
6.542162943467998,1988.4212949101204,43.11700533385798,1.9101135687525255,10473.978688547759,1
6.0857316967610755,2582.9219290374126,33.60296263632714,1.4302398535609975,7697.417230762925,0
6.7195430455218315,2157.563745863432,19.05029005312423,2.8994072409401292,6680.8449218671285,0
7.084974887345661,2693.3624305410676,42.61040610632606,2.5573107476301344,8746.80383558335,0
7.794539131535096,2196.924401711452,48.81401778697274,1.2522023133509452,8505.352309797483,0
6.894251832911364,2044.8496872550122,37.85376824403261,2.0227782369263814,6293.583748504076,1
7.729752465739303,2722.4288815486516,67.0740371093386,2.086431338915898,8389.543491400582,0
7.096711622215181,2003.375224392428,44.19274636149632,1.7926078060365986,5881.010879911124,0
4.036800150469193,1634.9096964397777,53.27214435136068,2.463110291484077,7485.62620807748,0
5.590996909271869,1993.2612467304687,37.67130831071957,2.4990398830089062,6994.149576447989,0
6.783868666417577,2447.613178635413,48.51328906513953,1.8857085813169365,4193.382222182663,0
5.185457885738339,2756.8155006348366,19.064375346616494,1.831478452521405,946.5253606634897,0
7.899893094994306,2244.4517501186047,25.83203273574412,2.899375077600519,5182.810250180903,0
9.296126248515545,2727.27882689361,41.9872710696476,2.559703335417342,13412.313993758904,0
8.828142777545974,1656.7300314089625,41.841989631147634,2.0434162339450306,7070.954653889816,1
6.679835693604688,2022.694614072839,45.15223645886495,1.0224745765519678,10327.904482689213,0
9.236089205274927,2084.5699531383593,57.007857845574584,2.2064000637830214,1626.664570719925,0
7.2230011858031675,2154.1762290109923,6.500576563691759,2.4188500789506007,4975.1417961070165,0
6.494371043322941,2233.6377553000784,15.510949047794078,0.5,3936.5311479129487,0
6.079896004688591,2476.3643829568773,39.59145282148506,2.1511216689908155,7393.099969738655,1
6.546295470267808,2022.077264731804,20.512727363930786,1.7499848079225588,15265.866441605729,0
6.417734772188156,2255.6114747812503,102.55536482578724,1.8674874319222692,9380.716829683754,1
7.255624333563231,2181.9508438703792,45.31439238340272,1.4555714283420076,13086.83759983426,0
7.240860971574797,1829.64403844354,33.43338302139686,1.9110864257578148,7236.68981694301,1
7.004569030230122,2154.533324367426,24.69061453832282,2.835194945708799,12094.608121565216,0
7.655407254619525,2142.536188041153,25.39675433613911,1.7321609007106906,14219.770120048672,0
8.785969412179512,2133.9677739987815,35.602813226303546,2.5793441352759103,7671.892800768625,1
8.424331203161985,2212.7037826325804,37.23963865242516,1.516201268672234,6382.205866317905,1
4.772653047325145,2230.2694162453545,25.86601710612974,2.4552537155936234,4046.5671890295416,0
3.169118297647068,2027.081928357068,29.536955069601966,2.000993513373171,7072.819224269091,0
8.40147986685891,2709.0858935885058,61.88569150469193,2.2112148972735683,8245.690025602373,0
4.949681952376869,1732.2077483187934,62.69009925302068,2.0042919536584924,14092.860852047446,0
6.662851897160975,1911.6119566120415,40.04067959869754,2.384975139464725,4115.078077711741,0
5.244830460910961,3311.9854496894222,8.174805455265247,0.5,8178.985681090934,0
4.297029343629971,1784.8034580043081,45.77006313278087,1.1481048119254584,2557.075635831149,0
7.812194092307182,1658.4981301160965,66.08564883222051,2.250248298805187,6719.711513484296,1
8.138732740453971,2493.7906980004873,62.39562203924757,0.7738769876622587,8934.186072236056,0
6.135234398909921,1369.1520584904504,49.68851705619334,1.6816517866116745,9537.749458065675,0
3.113436561782635,2105.8904360110246,63.44845910571643,1.9673954953780102,9767.069238925766,0
6.180633327621276,3058.329970030595,36.06768544958044,1.503115917432262,9192.212098660537,0
7.58770600810382,1582.0256311386397,47.5620593966741,1.5850631583837358,9741.265820288723,0
4.781632646838807,1407.2142057045148,21.384488673496396,2.1629493200921552,8137.21738700799,0
7.275039879668734,1600.3275192169208,40.84530912311424,2.6055769734678855,4856.401082033085,0
6.977035226240507,2559.343827338794,61.59068487941049,1.4249303712471155,2445.0291089598313,0
7.8689372494016325,2649.910687994325,23.21153177026218,1.6549650822875779,6359.9365347883495,0
7.17937055262123,1994.9644812085965,17.771131410714272,1.5612434160037731,7596.1537008103105,0
5.540396588677667,2473.284961600428,36.949778780473935,0.547172148873633,11761.79539152644,0
8.794857252496737,2756.102131004796,30.466755925520008,2.085027074190505,7698.194974531439,0
6.762205640459545,2914.9385657719304,47.98295442140841,2.560830647497095,7410.292897349922,0
6.959043190735102,2101.4658875280606,25.934809481059155,2.6099859243895294,9156.581380525338,0
5.600098061390206,1279.4113129320053,69.36879231205428,1.4775401741355567,7189.964037646394,0
6.335076623212735,1871.6484310361252,9.206478040778883,1.2489811708879146,10431.625996840816,0
5.672795928959649,2029.278322025897,60.07469572439469,2.012963328555011,13938.000855151633,0
6.740580910114866,2096.4244813686437,19.70301543383794,2.4975642119398804,14572.356542632102,0
9.567562720213516,2124.8562395965123,0.0,2.0929102689862304,8291.121881733468,0
4.942148285602966,2647.5578391722674,39.75750312697735,2.1735827815242565,9010.677094086344,0
4.579657903184888,2709.7713706750324,29.90784027972233,2.6850985566417402,12736.568361120451,0
9.206755491240413,2131.3305384300866,12.807812641939385,1.556518064461578,7550.113931311187,0
6.686014484272201,2639.3939504207274,1.3724621656947207,1.868017947996182,10037.576425772537,0
5.996390892010125,2343.0645466524356,34.83278425457087,2.980763307056721,4594.519610942525,0
8.559857031094115,2225.802389145029,54.51673783247635,1.8819133261414238,7067.4825551750055,1
6.091576690394704,2562.6176628439857,46.69906986172889,1.2395978204200573,11468.343849935922,0
9.739014570320403,2228.9008192951665,36.13413297678531,1.5983863422498232,5845.41309863713,0
8.016888807008904,3023.124470839105,44.5769514643547,1.4370920892672547,7615.846463810967,0
6.268132887781446,1624.6355332821763,34.45571735244286,2.2142975514207626,3277.371063193641,0
10.235962319898256,1993.9316403631929,6.405515139392577,1.4624317978467327,14017.304883528912,0
6.091427615494992,2149.3924412184197,6.5821202955311335,2.162620551716747,11789.08420945071,0
8.11314305801396,2375.781076183196,30.936629420306424,1.55836086887561,8564.298698458246,1
7.448938870609738,2707.1841948412357,31.78693427267851,0.7259728769610632,9522.538616246984,0
8.952611934098197,2190.2405731055374,52.019653570135304,2.1839718721891535,9187.694320830105,1
9.342266795090278,1631.108140197517,50.146084475494945,2.0890782089281332,12152.935259092357,0
7.04800622359865,2537.005558582002,47.10266031517899,2.3106546894253044,6443.599872885883,1
5.869873194480725,2501.983506456786,29.394345738456387,1.596207668500846,10196.802859784695,0
7.689958214408675,1423.2565362482376,7.386956597797209,1.5322733147843741,11232.24949655652,0
5.983426945371841,2198.4783465316805,43.24142274132048,2.2408801150889275,11645.97791142937,0
10.020080871289935,1563.943267727881,45.503386265243364,2.9114117435185887,1221.887348504907,0
7.204802996624106,1934.139560999175,0.0,2.0067008057037965,6202.176565204566,0
6.452017673031837,1838.87642921488,18.313236268346746,2.2547510576282868,4942.488136094287,0
7.277020458797363,2523.705879296794,21.17891245212208,1.8070473893445758,8448.764856712058,0
4.979310565705456,2246.7320696688735,37.36700402246873,1.0738216868757893,1951.9093414571835,0
5.542578942234023,1685.763599697589,18.932791344686123,2.5804576514924347,1863.1313271631916,0
8.800620861916638,2552.026385182937,34.23730862350719,2.5450485434516974,14510.28497562878,1
6.014658581542906,1626.4776704286342,30.78930119294016,2.4264644151051162,9853.068164790022,1
5.42963352597709,2332.0455161883774,31.81701056924544,1.8908327369945488,8363.027729596435,0
7.804979128790929,1874.3957322833776,20.672114125985075,2.3582336598431244,9091.017943516947,0
8.778556231994495,2053.7291669877923,22.220298918666447,2.5362570784326985,8439.022771247539,0
8.0784299659976,2401.7082992153537,13.394658804386147,2.9720952109740244,10992.051969654578,0
8.494071528708725,2408.5797596238117,42.60134881147664,2.593115662788465,6102.667423808064,1
5.864807367145809,2734.7876294223843,46.422052571827365,2.038292735020183,8559.844478220708,0
4.867283999887235,2167.098520131419,19.587640997493224,1.2150480467453773,8682.263803813146,0
9.25200047793323,2322.5803451853362,65.41280192034088,2.093394978603045,4859.426124624986,0
6.515980241736797,2024.90507103827,28.70797105115902,2.1539464375095845,11830.949177189157,0
6.623750475317429,2272.795953049119,65.60371247593122,2.4254178651909823,6662.969780295772,1
8.992291212773587,2375.7944192034047,22.157456523367934,2.8123351155940552,11052.265009426703,0
7.83434501410099,2160.6760610182496,0.0,1.9429096927659324,8344.73817911444,0
7.683831658122411,1478.4998063630014,43.04395649824703,3.2605923138878667,12900.754497227175,0
10.247503517351626,2332.588358532358,39.970902102379746,0.9444277879756537,4875.862734435428,0
6.034722654429785,2345.824590942183,35.68787590615166,2.251605123476975,4745.72359546865,0
8.391760192121856,1927.9306094608196,22.155350431120212,1.520887764689583,5282.913226987074,0
7.085519687345627,1686.2451855709942,34.30855549028362,0.8556668001867183,8399.886651543122,0
7.402888418294886,2790.351660201586,24.774810842609455,1.8789353742205048,12624.405187334614,0
9.292702639618797,2396.578204357761,28.953008673364987,1.125696380947426,12779.280854495752,0
7.761753634434435,2108.367587631316,51.8326451153015,1.9031432611803099,1070.0941986846801,0
7.807444118574449,1745.186846741005,38.68434459060187,2.020861548856674,8749.121483667615,1
8.608761005964704,1871.2740686314617,47.199027746639544,2.6711248456015695,500.0,0
6.452570905685672,2721.0361587144926,30.362629867484202,1.0954489191416377,10385.095381355104,0
5.7411854989914906,2255.0647763472184,28.159653083904498,2.5450670993874636,11354.508244685621,0
5.43278620896845,1979.7651731997173,11.930349382227128,2.0588482701678763,7879.267175923444,0
4.050465115935998,2403.8756924898626,27.59926774863606,2.6173094921657567,8251.944732484264,0
10.084310694910483,1874.2407250214706,0.0,1.7409492949813234,8220.916678820719,0
5.345187451417475,2800.337212112151,23.195560673887304,1.2006532479419327,5646.6742437762605,0
6.6681195646213425,2741.1202139586903,33.36251645618322,1.2695004042704803,9295.117355964441,0
6.584780050166619,2013.3703715188894,46.27347308540312,1.2249155277997303,7305.775995040229,0
7.461110046713651,1948.5319011876559,29.626442449500864,2.2866884917523933,10790.875127868856,0
8.223605818808945,1152.746720523088,41.95347084489999,2.8861532133288197,7659.119196442311,0
8.290710232539618,1607.367691379453,0.0,1.6610290840068678,5416.9306805352235,0
6.125383842146592,1664.2120900168975,33.863262955861,2.37748117895467,3392.405987403469,0
6.749317429320382,2254.0761363949546,1.409944141731934,1.0859347651186282,2407.8055248328637,0
7.42386992573245,2069.506518223456,10.833929686813345,2.1081927495063795,11937.528031863305,0
6.62696331072468,1661.8658050339034,31.256689042722783,2.401137569802276,6626.631941422942,1
9.411018364029989,2087.534383014177,60.52527975747109,1.131125134833879,9015.722570244947,0
7.7364624274573774,2402.1348590589396,42.42413526940118,1.8776699186120873,13349.689675233556,1
8.102316679074725,2411.1357399662347,35.364619942742344,2.4295502842913392,6311.587006106326,1
7.994321903001119,1440.1318876564474,34.60939221065796,0.5,6117.567546856539,0
8.760210786227987,2148.6946078064675,20.727422135910654,2.8012718370210457,7603.514742934029,0
7.27153233805556,1646.6636892113559,24.120331732546326,2.212207625534629,8088.2981012599785,0
5.05475207806623,2560.69147885611,43.547520909415944,2.4300365886304056,13662.65405076754,0
7.599531927628963,2513.6585665413995,7.292789631110111,1.7523684324831414,12697.461782282338,0
6.022964659312256,1840.7891094702168,46.861081005660424,0.9663665110607869,9862.626247720242,0
6.207074977375365,1893.5819190398402,27.229858657622945,2.320437773790171,12348.241306990603,0
7.87954602813264,2015.4931798006771,51.51114149739131,1.9504458047500928,7465.342962296432,1
8.857424607150453,1298.8826421074643,54.221869144641666,2.0192692732593924,8897.493701565436,0
7.031907365104092,2334.3872693762305,1.538319749885197,2.6525641911193722,7095.459066383915,0
7.463249518898445,2090.8621814639478,23.36838473545564,2.457238324317559,4128.894852261082,0
9.553322416952856,2588.070033027144,17.889446241187525,3.1527424502537675,11611.624225380785,0
7.361129769232853,1760.636312814979,0.0,2.0923125373240996,9595.096201969582,0
10.902524671270593,1952.3508207000273,14.349334475811787,1.5852725373253298,8054.220420270992,0
7.848264468447316,1597.3898967843538,83.8251169053068,1.8869498918547642,7992.596452063474,0
4.358855861266274,1798.2837746022988,47.19019792424881,2.2493980235231636,3481.355387280475,0
8.130012431656798,1727.2072015727124,73.34575937211508,2.609513911395786,5067.574000541854,0
7.571737577324167,2598.389471538578,51.58196880036671,1.1197796291367688,9008.459510342074,0
8.934629131124119,1920.695260499443,20.16313677983049,2.005122569107501,6412.6619981764825,0
8.009772026904937,2249.670273897845,27.36457606651914,2.9657249942230215,7346.8608763475295,0
6.792316024024339,2047.6946384552782,46.76872360480615,1.855874677398488,7686.031805662695,1
5.163552645565952,1692.213893594875,43.750124069460725,2.5586071129214627,5952.593692948668,0
6.686465114070963,2132.679830731343,23.453159685833324,2.295870516329603,5096.245039927849,0
5.72421931868605,2439.641332745438,4.80013658841586,2.573516363914988,3162.927107223879,0
6.129214825292916,1716.896242982659,100.75522374777478,1.5141436750400405,7560.445162965379,1
7.8828676066309145,2523.6451162925514,32.17700655314388,1.5167589979606517,9855.82564283085,1
9.50485675652711,1860.1116314089215,28.485222136347602,2.0121631352733726,3069.097573340149,0
7.592007294734472,2006.8064295708637,37.266689278106035,1.0806669276558132,7927.856524700521,0
5.2061754069472235,2412.273249204019,30.14542821377943,1.8381556360330054,8843.429758074682,0
7.666904002330211,1934.6255371122047,37.454578154109676,2.1517259945094,5031.258788812565,0
8.794947229968477,2215.029943734346,60.73894572232838,3.0707813641698634,12266.425434644265,1
6.085325643520926,2074.123668484763,32.50903040627153,2.241630913561893,6842.853892884776,1
6.798974249990623,2251.7472026815276,11.745791213444772,2.375137082523861,7696.220934630467,0
7.022032292093796,1247.704357790601,31.76712411042778,2.6986855082300036,7516.191498206063,0
5.82265253037664,1468.1272739167669,25.711964371801784,1.4212054466629662,2687.6767322268324,0
7.972420650765788,2446.3868024187354,63.477978744937026,1.9009504025774087,11026.256215052132,1
6.818577777088327,2614.8725622596203,58.42238129475142,3.4552475550823356,5133.443694742287,0
7.629298665860541,1835.8053185873914,37.15050000861598,1.9525266665692949,7290.438453782791,1
5.66876173329685,2102.3886591315463,9.425282903614871,2.6698584492693245,9792.983003833986,0
6.343812549514884,2317.8877011609206,10.482154731201085,2.5782427263038645,12382.710278433602,0
8.083572036741657,2477.2870406634815,35.30246523169107,1.1131317713673865,4760.203154309482,0
6.440750271862349,1388.9290913316604,41.72645938642562,2.18628756620356,6660.549243216718,0
9.590445776850107,1845.5839012086492,27.5075436134789,2.0880484833231354,12147.25589002146,0
6.400545721578096,2066.96824806005,25.396608315855318,2.197975272704261,9391.14163782634,0
7.337027088627829,2481.2560788944197,23.14401533642706,1.547532512125364,10013.514077154825,0
8.398886247809635,3199.372193488598,34.532120795121074,1.3298482928527044,4846.604792671496,0
4.872451400600452,2108.797709276113,0.0,1.714393999987489,6862.371410220326,0
4.358786782028837,1637.2090151584043,12.9734674246058,1.9413230017494782,7496.493702858707,0
4.711515528144858,2360.9072308805194,22.45898309105299,2.7109906685601897,5426.315727971078,0
8.893876155140774,2728.398315816284,59.150063899038415,3.090386491835364,2976.2911229782785,0
6.172212781161329,2243.2056483918004,18.72372716142141,2.8379587077339066,6468.504323709212,0
10.837298928502378,1837.3405819382829,38.60936283662413,2.5161111264691067,12062.86459875329,0
6.153628602013917,2583.197576592008,39.53085501861992,1.397395842620246,8177.520396681488,0
7.276826954795555,2465.418247399374,60.95833011321524,1.7546622950063027,12122.87274072013,1
9.313164928851814,1789.5676623217503,60.251548139283,2.1259556314477988,8537.062742688559,0
10.009139332238684,2352.5702470137367,33.84994062410167,1.620536577154295,5705.876811236112,0
10.092255364954596,2598.906227063549,25.490305176211145,2.3463233915167705,11832.857039695165,0
8.812549345889714,2672.7560170235574,21.723337943486193,2.4322916649525728,8636.978422003696,0
8.536093788717194,2173.4204098762175,30.178735550684383,2.321774037539281,10885.516497282191,1
7.888790423801774,2056.7682215282725,26.319332913528,2.6150807627345487,4795.015486638285,0
8.167541614249956,2690.909528832505,46.07254818716464,1.4572452717721558,11116.26886884351,0
6.1732214255072,1715.935798807646,43.40619634970409,2.5596972224553185,11206.667826632596,1
5.772701674866539,2375.4317163684022,46.836023822900316,1.5826127299278823,8869.301433069606,0
6.994938313883572,1651.9893490542283,60.18567422872337,1.4354384284142687,5579.233742570652,0
6.744723066212607,2626.150508903841,72.25738242800354,2.319269680511829,7861.9735138621645,0
6.320157926009087,2096.7817937555355,37.493267868151136,2.7295241373193884,9833.873441714732,1
8.044581171185072,2707.4332942589876,56.989275427913064,2.2928080918256057,8703.7100598096,0
8.432957812855767,2396.5651025422108,27.966796323315698,2.0124824142635265,9803.248214323292,0
7.132610329437771,1710.711907975228,58.70013967166031,2.186092295660904,11036.737722958715,1
9.216295121582892,2769.8510928308974,56.23018314351688,2.081856150840368,6054.6600398842365,0
5.287466328799742,2820.4981065710917,55.16831939885982,1.3244294623187636,4534.773137119582,0
6.709510811080423,2552.914597039686,36.88139682383048,1.254427913033051,7887.383595883274,0
5.924766519095792,1895.3648539855121,21.632836720182226,1.952704472315927,7010.770523390396,0
4.20019507439041,2077.5944182570365,7.109431242690469,2.0479141014615823,10357.53923946845,0
6.875978971235951,2258.170886962304,34.199255849578016,2.0067994270206406,4776.504831023576,0
6.8173787374250745,1918.5158402674267,65.66025084498366,2.405660968189948,11061.145622533038,1
9.270174614863198,2876.938628985282,28.803101972718537,1.870713970301396,12060.836328640298,0
7.946217526832166,2257.7305886904146,50.70253170920109,2.3377875091429137,8000.914892786869,1
5.463719763506193,1118.660781157057,51.87902801037862,1.9132479396041313,8182.2083767439135,0
9.781138849501282,2335.742325102488,29.326275581456542,3.0940153772218797,5697.36049630954,0
8.83155054328803,2060.7370412730747,61.32689675039039,2.048428236035868,6372.0173030778005,1
7.873146555202924,2170.0293775526206,0.0,3.404433566915406,6774.989958062949,0
6.660273851725252,2052.55225368572,10.5449944252365,2.2112069546545188,12328.820203513793,0
5.5608411449147805,2522.818566642675,16.687354072830804,1.8717936976470706,7784.387642567678,0
6.4416898358934205,2647.8751114213524,18.605699542652204,1.4603312142441953,4033.4811300799747,0
8.63312292955628,2313.2212649034614,41.72525902371791,1.1342668555653839,8766.06302633601,0
9.826879458901914,2064.2755251447365,40.80075606107804,1.405134629362306,10478.870373866828,0
9.314865292408284,2183.4651180763317,42.87981144350016,1.4722362145016061,7923.765892035215,0
6.266725867320589,2207.8398466310514,46.92162988264974,2.236892012247306,12407.640319180968,1
5.320573850066483,1879.0279840540652,15.997908617087013,1.6843007773638876,10332.526001797694,0
7.211329370366806,2431.571459428494,10.636478663853623,2.1121562315326985,4852.613810336439,0
4.347340951655722,2384.0169295441865,42.92639364015726,2.7691870174260114,6345.701562810794,0
7.484751571277172,2816.1764959106695,22.395358527071217,1.947314989019088,8678.678844273827,0
6.778596120551997,2702.13991211539,3.590499092640588,3.2474940190800825,3001.4322859201784,0
6.300945247197637,1925.730032963948,54.42688569082963,1.2945134117964812,9009.070212411843,0
4.6079453990998065,2528.119349803586,62.90203813004595,1.9096498709750434,2715.2527182360554,0
7.770400159854574,1819.6186467622115,66.14321779397318,1.6764122458334128,11070.30036669353,1
6.200948740507133,2478.37284037634,38.7401544294944,2.5619039636342045,10721.821054375125,1
5.245124746434568,1993.354320495957,47.51864191945805,0.6561250217803274,9514.344082745212,0
3.0,1790.6987106497663,62.39736446723822,1.1341308264933132,5972.364906943066,0
6.958727642424045,2312.018137078962,22.171684199531317,1.9355919065294223,8510.608473840617,0
9.658377395004617,1130.1731487383438,57.21355368108184,2.930826632605696,6459.867537456053,0
9.491888821821805,1499.6097702379088,40.50792468286417,2.1355051004223844,4907.5541676498015,0
6.314355615120592,2129.0032464902865,53.27423304685182,1.1890715274414596,6983.7709646857675,0
6.096681909457329,2232.976706653937,38.721860417518705,1.281700044385862,10094.796609476287,0
7.703161384112535,2052.2724919367247,60.92513419496004,3.0037938217069717,8131.442578495283,1
5.502421841217563,1568.2254805129605,39.47047525083074,1.6273191207222555,12352.12977240327,0
7.452687849729199,1872.8432631445978,5.320418810651649,1.4342219765301416,10297.341618440823,0
8.149120417577036,2356.4837308949577,64.03853264629444,2.8864235363785165,9976.072441716857,1
8.840399835826462,2432.7127082513452,16.04938518055776,2.6066582033521946,3173.220351663188,0
6.849768885280071,2193.5107529616234,60.06116420487828,2.7644357859600777,7144.524409534165,1
6.694489374734551,2662.7335124147958,33.19514237119356,1.42997487184051,4806.882768697402,0
5.683026119865159,2358.9588093836937,58.520219703954126,1.0849366153913835,7450.991361128288,0
5.7596794689402095,1901.017738416715,57.6953722973353,2.079899893617623,5920.17162823053,0
6.66028166214771,2087.799178635353,43.60285948630742,2.201075679844198,6867.185140826184,1
7.551048260224267,1638.8535371168582,45.17070635254262,2.218761082222899,11183.488197121551,1
8.370376939349875,2156.7444038434332,43.452572343851315,2.886910361383401,9425.749787017501,1
5.795231573979483,2644.8402476885353,0.0,0.9597397459950512,11021.343286944904,0
9.239032853439284,2474.116033884387,37.366604377964045,2.5158170307786594,3197.9506729520426,0
6.593314598436147,2760.8037303676488,12.678716478562102,1.3420249735116094,8173.924089846991,0
6.967949058477346,2078.845902480403,38.42374287491326,2.5134411925165048,10900.114944189803,1
5.879182481278265,2738.439917805703,12.14114907233569,1.7150259772871737,12518.887744661468,0
3.363639609590588,2122.678309420812,11.300961175478502,1.511616922465693,3355.734830922521,0
8.326068094541574,2788.6340330279577,67.09869003507804,1.6340583758304787,6945.54909151649,0
8.10526584563865,2191.2573010231504,56.388947762483795,1.1326338795340625,11102.680022014289,0
6.57800866432268,2482.892549521711,34.91714830111691,2.0242573639000803,7423.165061565664,1
7.100486075837308,2790.044945723942,38.695373004980475,1.5363959656037256,5268.746977490829,0
7.773908826556149,2122.628948567518,30.041679485139824,2.471778938540167,3350.0024645119775,0
4.656181214670186,2287.3555950176697,46.397527519590454,2.3840336486197504,5153.895396010499,0
6.206420983980558,2715.545370082521,21.478912669023902,3.0128942317416745,2933.2949943088133,0
8.19139701943274,2146.7987344279745,54.87480525735914,2.2197964901246463,8175.3813705020775,1
5.118565865246126,1671.6430869975356,29.938263179717783,2.3124066602480444,10688.93055733598,0
7.440336898249944,3057.2028218339638,26.60306008337542,2.840059887096688,4217.075723274188,0
4.965127293064892,2012.0942142651452,35.43426036969685,1.6234023823839823,8773.189223633159,0
7.699644973650289,2263.502420375017,23.17706340148779,1.1070450723061804,10535.8130883376,0
6.946537776553774,2662.402667780451,41.57364698992966,2.120056435477036,7991.875019454951,0
4.577302276141736,1956.6024385075193,24.252748213732005,1.1464199184713575,3167.917115248264,0
8.747109031685756,1796.8528347111478,44.37047205637672,3.4723632037552337,9158.63466398751,1
5.898112634802926,2301.4949187099332,59.320130778229526,2.8732989752473657,7836.059165706589,0
5.7846213444784285,1482.7694408350442,20.613566263836525,3.2983857999809483,7530.486054197433,0
7.300853795846415,2084.837569252832,32.388490854096574,2.0374681859978776,6359.488262718605,1
8.722956024143073,2298.0154657261623,44.22661426070843,2.3303441562209586,8260.362278822124,1
5.476267271532405,2092.0192412699344,26.282852900371864,1.7243147408284136,9529.45372534088,0
7.092519774771957,1582.6196227257012,44.2864112165333,2.529754883352051,15171.944403007546,0
7.643224750495859,2837.671182481605,46.1079772130348,1.2706740727693657,8336.996205161615,0
8.039658410894717,2241.41526157967,56.665235525886075,0.5,12533.42348003802,0
7.2646623329158375,2772.4608471046963,22.88019907830176,1.52557362830686,9073.26525028063,0
6.449458241375017,2095.9854999278223,16.14449519539051,1.1267159146296106,7701.41501705674,0
5.758614669026921,1847.9952073236946,28.848452208725124,2.886756041695721,8445.642583133877,0
7.129215824569562,2307.672368102064,15.644953209058002,3.0894064730481894,4334.790890922472,0
5.39179148202159,2113.685149468712,46.28996408094994,1.1582425565521335,8917.580812256114,0
3.0,1728.8954168034568,11.764973996471774,2.7750293645127435,2023.8048055358822,0
7.654839706236501,2787.9137035149984,81.66032836505377,2.570830990100462,5412.0009263344045,0
8.355902261629293,1951.0919108424016,60.91855723147501,1.0581339891686743,8329.529279401431,0
3.455601346687242,1463.8934460817727,35.25151539200628,1.7658394814410292,11581.946819536533,0
5.485403942935093,2731.266421582933,52.34788985995952,1.6519017667252882,12291.873190995182,0
7.928731391507797,1998.2807936749507,2.263962713784167,2.44879723917632,7290.360261077196,0
10.086243204567548,1956.8704429537502,85.46746662799116,1.2627323894569917,8467.151958591323,0
7.031190561513112,1493.8449651880105,23.19570775599021,1.9406764246043104,10953.087408746083,0
5.907995588156298,2896.376594638796,32.59005172201281,1.5884392976302293,4011.5192834212435,0
6.72565533834274,1684.2077651161248,0.0,2.284004710031086,9214.242515946511,0
9.062314628722277,2223.37979228226,44.72574609481789,1.8699247809872424,5516.321397902573,0
6.031053731313197,2565.048129016176,12.873116858457823,1.6788525776357628,7484.524865969844,0
5.801211990024619,2368.686773201239,37.033115231320586,1.872022054620753,6622.930248517054,0
6.275884716726951,2176.138275203123,24.114511341509235,3.2216256997040675,9306.074381144443,0
5.570007087611931,1519.3336566850335,13.44512130139313,1.7498602183283665,9650.91102202727,0
7.184005473992193,1876.1100656930864,18.912769964747657,1.3753968690297278,10673.236032192191,0
9.43701768770434,2275.1201352170087,39.515760681710425,2.350060141493579,9044.596485393346,0
7.484618909674044,1885.1303720052015,9.370180542623512,1.913885198346226,8514.96130990669,0
6.621469746810568,2281.343783999507,20.02376657952846,1.1508596414801167,13562.071401315807,0
6.562283096626684,2472.6973635260565,48.26546762528956,3.3388978011214796,3426.922789408469,0
4.655213786955015,2585.0011543200408,87.04959749748626,1.7885126326480112,13086.829580387719,0
8.32466466572074,1709.5282568749267,44.551776391060095,1.7732783276231894,7130.534273394809,1
6.883244204480797,3078.6584219915817,16.654767156454252,2.0959012111448585,9712.674759104915,0
6.729280129614062,2506.9917378216524,27.65771659855378,3.0380700615253033,7023.0209582191965,0
11.789661351767291,2199.314338532374,35.63178012305156,0.9921528040886027,5892.375111345122,0
7.44812936254853,2635.814633230656,28.011500987285853,2.165591509652324,9453.731578382685,0
5.872313424857223,3146.1631087999895,53.06116333473866,3.2523632970761764,11126.38492584333,0
6.360463605691685,1624.5119595772521,39.34946966028449,2.077237208443789,9419.023864902216,1
8.722668563795132,2109.8949430034586,53.1570476981974,1.2587996124179122,6373.652639951353,0
7.1699056158066465,1248.6273360506686,28.711124194047414,1.6289618882236083,18834.050188447007,0
4.84258303252395,2277.06061305921,61.51000439442513,2.1241295178540742,11595.721012598757,0
8.378843401862806,2346.157696770056,31.67028831436908,2.7984823493839173,10800.026912621757,1
5.997783871691509,2184.3351538228962,15.576202617240167,1.7963984933503636,6941.107307773387,0
9.809946664326318,1938.186571600676,78.54640762084443,2.495991078459459,6124.502635132882,0
8.620072098571972,1380.19419352467,0.0,1.1387787037718664,7160.482772471182,0
6.329017156511873,2349.4134733647074,20.225225493901448,1.1337689782429674,11244.21963317745,0
8.921524542602668,2782.17379356613,22.459442963392107,1.7103195867890302,5028.186988772516,0
7.101783265791105,1963.5926177066272,85.16612546113126,2.862817233123957,4795.388505637049,0
8.27916051268333,2376.023971609258,71.13717768293023,2.0413247837082613,9618.642600083054,1
7.727099225941712,1572.7422746319799,64.87856287284396,2.1738867173399714,8957.58933392636,0
5.73046501751369,2382.8852254770054,28.386826752473365,2.1668477573441165,5689.0593863273125,0
6.034675251523807,2042.647080902137,83.52356007683551,2.6655247895520384,4726.389264754325,0
8.544941226371742,1895.0328197588342,42.36704007681942,1.6338675844772876,12313.690980105297,1
6.497837001840189,1895.854543513548,54.54526740606245,2.4129710650929392,9071.013275898686,1
6.394527305137005,2042.555367186796,38.59390762212414,1.501470401686922,3909.3924088159024,0
5.5673161309759704,2352.973326277014,34.01066857353497,3.189963593552456,4119.123391753118,0
7.635398598390191,1675.134719521793,29.964426521472415,1.5197653374219862,6915.464082648592,0
10.093787378864718,2041.153867372859,30.807200131616757,1.4705664181528275,10198.525420992899,0
5.398700628618591,2183.411288800341,47.169832973561576,2.3298018880928297,9785.02640632484,0
7.036329185009137,1760.3843101872562,42.34399597550776,2.0478730588593943,11395.035611003654,1
9.118330833123144,2918.666080670007,34.37057259592632,2.1961114437565605,3528.9505776176075,0
6.880537913131428,1858.6018079754633,65.19047985397708,2.136388277295391,8671.540069338971,1
7.678557694374601,1932.2252345466038,0.0,1.3457646807155368,12277.730996964083,0
5.40640970777968,1808.6768200710007,45.1977449584239,2.9680153574476904,11998.405191428297,0
7.6424606458114726,2919.392034855247,49.35477413317959,2.5361253235334655,9076.729944238057,0
6.719283602493177,2421.1620914397927,57.93925736510339,2.8153699707602695,15044.055525961629,1
8.478594993519794,1825.3631975025432,33.70257117893278,1.6830014665337454,9827.855349247578,1
8.781079077347126,2642.4926235439875,39.15840134767915,2.2499141268291027,11128.239898524029,0
10.88434546302792,2280.2794777155514,54.718967666294425,2.1184210773408148,8133.34375632652,0
7.869449759820363,2302.901368444601,64.8233280856036,2.6768015757209045,5657.074121467138,0
7.48869447487325,2062.209116499019,28.98928029642464,2.6961488790977715,5374.372397663761,0
7.291576452366004,1900.2336052172107,40.33951566255121,2.1158304817748688,8544.84564438326,1
6.470250560783968,2335.1064396218408,68.57147928697515,1.0892293208940491,7365.493979449379,0
7.507725765192537,1981.9651080017638,0.0,3.0677971322526134,2694.242990259557,0
6.556897884791455,2926.702251830042,21.199748003708297,2.333592460214083,4922.619245222777,0
7.252691464404421,1692.2835579027583,64.31671957205927,1.6349377751653147,7044.789277837721,1
8.976396303411939,2814.462709141978,56.850756672166064,2.243925282960017,10181.83812781148,0
5.490186152080538,2155.47246048088,45.44890421853388,1.093343870928486,7951.7783415137765,0
8.709817841693567,2319.6342936084425,26.028062537817597,2.6332118404826264,7783.807368498458,0
8.975672601009798,2533.263106651774,17.363630020291613,1.1172729534325083,5039.262118990051,0
6.822897209513382,1947.9002819982254,23.175687615152526,1.8674993047777504,8069.498240186296,0
3.817217651487108,2545.6993538794545,65.96016441637386,2.14667266976333,11957.303082337963,0
6.0882670193583515,1116.982457847529,22.431146216893076,2.623303827189256,8466.725338275672,0
8.945491819841664,1912.0041867112243,37.02845928479316,2.0639268058606244,3478.0592555544144,0
6.965697906551677,1830.3748770635739,19.92584710276508,2.38097772416753,4245.431617086407,0
5.501046651557633,1698.5975950512952,51.85548060198054,1.9830998549302683,9766.366631669458,0
6.242837618157674,2114.0180647684197,24.225474393071174,1.9806884294334304,7327.053574332141,0
8.260930039756829,2354.2999872726778,33.04812219691171,2.0512863502089784,7776.259309689457,1
7.8201003523020685,2481.0639993997224,1.3323573391434849,1.8865652474885752,6161.797474955729,0
6.641601851245459,2296.350702880163,2.7326352759012025,0.9880578541511387,9510.236636599737,0
6.449763382277968,1933.7226140425812,35.15346386643012,1.539005903782023,7097.246860263952,1
6.412362776434267,2347.6065751300666,8.496856896044761,2.146864904667019,7440.160334814186,0
5.616384723252246,2249.7142779403403,77.10173278669004,1.8505273979067687,5446.329825010621,0
9.423063534204163,2574.4224671744064,0.0,1.906514550690856,10765.07389442831,0
6.51651929618299,2510.7746811726065,18.99649402671792,1.8059877983367707,7336.601625150735,0
8.825737781238244,2212.1905655682517,35.33401734535101,1.4818409643609094,9823.640999359279,0
9.281974077883678,1841.0987975354974,27.69734124408431,1.7041403234142236,4419.225307897947,0
8.497466347221941,1938.8199376671678,12.917090866721619,1.815900953366843,13201.649415135824,0
6.352569530922928,1980.0842561447867,15.841443210094639,2.0030858843251096,11832.122115539667,0
7.605595135504914,2073.893466433498,15.18691845001523,2.2360270066818275,2270.60699102322,0
6.963706590413626,2307.2201710359013,29.265566103598744,1.8916698254685564,5594.187574808855,0
5.644447208904808,2486.0697560512235,74.03858179034847,1.3822068465845483,9432.903173029656,0
7.486538922582405,2179.5525227938488,36.5587459311642,1.16115077604873,4040.814031552988,0
5.231440313260296,2206.449915160189,58.65800978775048,3.5584623244251343,7605.217753510023,0
8.781519082692345,2257.3225220000013,45.13952691656283,1.3221109818412622,9279.89535793039,0
6.30307405405241,1993.637874747064,57.27724795964441,1.6888249992413702,7445.8222640615495,1
7.301739483809259,1829.8430969428175,0.0,2.3102001815083613,9616.516110611288,0
7.424931807319213,1497.824841075716,28.91083957703541,2.2165163657394085,5920.010286194355,0
6.611642539443884,1921.940256769251,61.14270846301427,2.3125194155369435,1267.4553734956335,0
7.880040702212912,2389.2581813071147,23.565283545013326,1.7343697582806947,10946.345936495181,0
6.287644515066213,1918.835424784173,70.24946329739224,2.1431348423837284,10927.443960807592,1
8.306945946185866,2104.8771850296243,64.67780307535523,2.036806198544518,15510.909926864997,1
4.981030479629878,2386.572514964927,25.617385677450752,1.8127211794752276,1378.4404461970562,0
7.189569369319618,2408.2757985690673,24.936729619072864,2.147245845062804,10252.496328040446,0
9.908393498587428,1768.1868591335844,14.727883152910625,2.6332193280504237,2093.9535857498395,0
5.499503013091638,2598.8237425814564,22.408115362724047,1.9866798659388052,13269.479845025959,0
5.983382544212723,2650.940035742194,10.348218716621695,1.9906717078138552,9463.600501088029,0
7.770861774488372,1748.060057112576,43.576223608660115,2.6408966209255906,5144.213456971241,0
7.269372672909397,1870.4652521435382,5.87907013307133,2.576816215891288,10340.667423804307,0
7.525945148910338,2676.436273258477,47.07466032380444,2.95036186457809,6340.864976849192,0
7.733780695221495,2141.2585914978795,47.56157393800497,0.946261859312254,8901.248298653807,0
7.9520822028426545,1312.0888210192597,1.7759118963215457,2.5430715099016337,8617.882148627252,0
8.664549762934335,1640.1273981069255,65.9963721265668,2.3609480272413075,13232.504408441884,1
7.6147279853927685,2100.2521499310074,45.272185888304435,1.4686085613480409,13444.777730259539,0
6.638113518072187,1734.7829398861593,49.99396042889738,2.150952750799307,6208.203880179482,1
8.008860551804098,2034.6304917454236,19.826695969144552,2.630673048654799,11174.316853988108,0
9.849822902342822,2212.9584854734317,47.447582369462374,1.50250464650876,9064.520466710892,0
6.801049380426139,2784.9018416138915,57.52786899444131,2.2655374574136844,3761.9537989792643,0
5.538206042994037,2083.8184335088845,33.027832019906455,2.52281220543861,5911.314858883459,0
8.660621003930459,2629.0167198291037,75.03844918496722,1.3573882624811073,15008.438298798872,0
6.819428254069603,2771.5040648147083,35.881292698258754,1.9146285845329112,9073.563203313965,0
3.740995680978946,2773.7238677408304,57.81571600904949,2.180581025985447,10999.338738552568,0
8.271132515725633,2313.901837354227,40.8601761451731,1.522321096674227,7363.867062899027,1
6.197007721069116,1414.6843408644104,46.71043065713735,1.4725080805438724,6380.174255841975,0
6.864200076543759,2384.329946161546,1.573354647304555,1.9189732388823355,8081.793522903424,0
7.497970495853522,2619.3599551254165,42.421074764307264,2.480983830142215,7201.687834261348,0
7.2857495196686,2167.5731578258333,20.30049797485468,2.3862404007152658,3520.241206905205,0
8.064177725708559,2897.8335480300993,18.072033884446245,1.4831523624881946,4990.023627637905,0
6.346770444145235,2543.933424586983,69.88206368931957,2.3913007310694114,10123.653543236693,1
7.769658697264124,2427.3093508611137,30.724595038753023,1.498436134300095,6857.927932692767,0
6.610679983624125,2634.5522844823354,14.933963380490066,1.0338981212039395,8077.114646083722,0
8.108215721331254,2333.3479405043513,27.817367437822504,1.7797138573716613,8704.769151491631,0
7.92305122601958,1202.8758002418585,8.990995421561724,2.6737816229514415,8939.150146456159,0
5.596841946933107,2000.3444194118538,63.677689363925396,2.393576331284824,11439.737183946112,0
8.628973174262548,2678.8672108991414,21.0863851166697,1.9990569155760833,4703.912554794404,0
6.196054832328928,1876.9634639606816,45.58599867887338,1.7499767098453656,9710.758170630874,1
8.212086697421718,2110.6109979052244,62.1221342842065,1.7661427183301412,10265.083380558943,1
7.550930970102011,1782.0654744387716,24.996946375705413,2.0652709435164778,10957.555337004516,0
9.757275515192685,2913.5690380807077,45.64044864545572,1.3589375084925028,3761.247201755383,0
6.6648010264422215,2872.5969829672063,14.3982789019114,1.7911355928792216,8764.457655040995,0
6.4760248058227035,1846.4524419437082,83.91539138227368,1.8706583231841387,13148.227839195551,1
6.970870591168401,2258.9192001556335,53.72760269233244,1.1893553249291013,7702.63844253013,0
6.545230325748587,1927.8023808943808,31.14787122478388,1.496931049461455,9450.484105892874,0
8.199912852913075,2445.977855612551,19.543325382220722,2.246304074891829,10341.186783755555,0
4.575534087345118,2403.8732308969315,32.72006894320747,2.0057071039645966,4923.590466805219,0
5.419476371280469,2524.682228645306,28.200325552969616,1.8147429252839702,13501.474186999923,0
5.39829561763121,2332.767379083155,74.05889107999013,1.4531435374772217,9498.502390906711,0
8.425461387960365,3374.162482555387,10.489305555701954,2.94610989535353,9558.508442580278,0
9.565920058872887,1788.8304939957045,37.69602846580407,1.4972124711924089,3013.917865968395,0
6.843326172193793,1515.7586582253944,34.6332386673258,2.1509556843570423,10383.63439463994,0
6.746767415214984,2042.7639197194153,32.65179399310261,1.7072785471557228,9519.231024137413,1
7.105078244669772,1572.8046937758932,32.82766690123315,2.021767575583001,12872.573983166192,0
8.742817453912286,1603.015091997603,32.67858379759033,2.2745658451642234,7066.204357086939,1
5.608970298714139,1799.4741383208132,52.46132132664199,1.1778460464752685,5037.025011204675,0
7.357553474102177,1831.124437827349,47.1796889298487,1.9960302535079073,5953.283015677001,0
8.462796444673645,1818.152759219976,43.378232227455726,2.7144371893879073,6485.065294978103,1
7.751641254909768,2407.2875801781647,0.0,3.0569011360952016,4643.460445605879,0
7.284372424898115,1997.5243755658655,40.99589748326328,1.9219916160469215,11870.48007129798,1
8.501569138850712,2128.194170051008,1.887212796598348,2.0250087243301453,11983.093588795,0
3.0,2557.693109800374,47.926403262716505,3.3267998171609197,7412.624896579834,0
8.016812979296361,1893.4709900874295,64.4899473514103,2.680954568959519,6821.720233747418,1
6.0188864753088644,2094.181640518111,16.47521774822898,1.6296292584468688,2553.554260042064,0
4.254050654715314,2346.3039944371662,29.764385553145864,1.6286099294683263,10087.883765910814,0
7.766803899287471,1423.3728797519116,23.012885898940063,2.5739296770723614,12960.32032647753,0
9.060487817744438,1246.037796419767,59.70863551513602,1.3933777219725618,6088.415848221331,0
6.793827228058462,2338.446931519089,36.900557705441464,2.652636050803312,7649.646422670806,1
8.429311820804408,2396.8057122267596,69.56658761132667,2.200579978250605,9302.874383947194,1
9.418417386982968,3025.6880539409644,43.275084058947755,2.3106324584162437,13173.255081829717,0
8.972371680376071,2263.237950346724,39.84900361271639,1.845959717911968,8599.328665505283,1
9.459946794057089,2527.895886903238,36.364135652056724,1.6221051174521541,8586.289748079556,0
8.113191236607838,2121.8109425656103,51.35984198514673,2.877195698520992,8537.95550347941,1
7.113150458352389,2318.8908886340346,0.2462760350931319,1.851957631667915,3724.9024792889804,0
4.597051282154247,2866.9027366998134,36.7068791104102,1.753438954055683,3659.6280385104055,0
6.630906267805077,1350.4028727497457,33.5990711254407,1.9519177592721144,5576.014492655382,0
5.735130107025713,2365.4465030286724,49.50837654315532,2.115813279630766,11038.671722112118,0
10.25641407624672,3054.2346920309465,31.245967882519263,1.3815049239683308,6993.928788362021,0
6.736171281351495,2312.813687683737,14.225311316746598,1.661077103475853,6411.187853593122,0
7.184807210176729,2860.2291852931394,35.14701349839398,1.6291807556563653,6358.476187568696,0
7.8272280640607015,1948.315140188223,13.343189422633131,2.507168182764109,7587.029364581968,0
7.06540366955868,2187.1810023345147,0.0,1.4684224592000663,13106.32380230492,0
9.542576560646129,2213.409880955435,49.54244962970986,0.9465392853451677,7546.407842908636,0
6.066025957398322,1312.9635682564917,46.58123145389341,0.8197432622563077,5641.107783875425,0
7.2919111828558645,1732.7288688599199,44.34181887987149,1.1177719191945696,8075.736887244899,0
5.886294121452927,1761.2499682464056,61.058568438916225,2.816922921708867,13265.25081728461,0
5.019966233168941,2528.826431213011,21.699362193921495,2.009723959690431,6491.5258431931525,0
6.082346363642072,2548.861242273622,6.377717144574898,2.3007494520843217,4456.984974707164,0
6.944444804427382,2329.6145770826133,33.59940446383911,2.3218926362727976,6497.026190808749,1
6.35604666322411,2529.641158742282,28.049994005881793,2.033710351035392,8386.2912090453,0
5.961368530189216,2134.3402349112903,18.154085664598625,1.9551312220092152,10064.72285247602,0
4.890523804492249,2680.7726678158174,33.40301693024408,2.6267158578908845,11020.650736046737,0
6.875341641056957,2203.5153770528286,22.767897075908305,2.087597548587584,4862.848178113015,0
4.742919438953496,2223.145618970703,0.0,2.8394584875580486,5147.4639966227915,0
8.140083945534403,2093.762946695035,26.17646618412479,2.3724979671739197,7030.21322183753,0
7.123659629401755,2473.7801910545713,12.272496665922855,1.6293222359113833,10053.479074090688,0
4.8136727508026045,2031.5204733548348,39.63296143221845,1.7017195856780383,4219.976307043234,0
6.536186384425205,2590.5725508792275,21.8793048351869,1.5635211161274323,6178.019268746908,0
5.871765391614125,1747.1403437135973,57.23262948282103,2.7305288131704293,6221.7688117641555,0
7.478761765628771,1760.4334981087225,67.07732134535732,1.7569694282326684,10825.246566093112,1
9.010675669034717,2474.9707020506016,48.587627460238124,1.5209163219202204,9584.782281993314,0
4.187241295531383,2164.5823141667947,3.9794763603335994,2.191866824676092,10711.155083149759,0
7.172539118721126,2018.4434335387486,65.10391997758079,1.941699736176498,12016.033922699164,1
6.7598008066500395,2556.023092990184,66.51440900747531,2.1767411075450984,7083.049714732759,1
8.007010114675698,1957.0954343655662,35.37581022615881,3.1338883423363058,4437.781535438955,0
7.319794942356534,2119.919498279852,61.45852320671064,2.5478424835573157,4457.10914645894,0
5.872046002391771,2759.691180028464,23.966497239066438,2.016206332581144,2485.67730482348,0
6.521419096500073,2815.6569383242604,0.0,1.1549459694763948,6623.699511001421,0
5.805961214794767,2828.9592841081308,19.794311227568127,1.7000225016748187,6847.332155504785,0
8.614010707897897,2087.1496892264354,69.58601732089514,2.426627661527182,10362.660220415142,1
7.031967473007914,2692.281161993788,5.178401527770529,1.2973753762029103,8050.742651529812,0
9.851786028629512,1820.4188688925287,34.99042563862989,3.284582177798212,6529.014666972182,0
6.909008779278069,1837.2388501111757,35.68287786680425,2.008649937581329,7652.003821518242,1
5.937389849634306,1259.8176589502555,24.740515120643764,2.029309035925691,4883.079548855707,0
4.729428411080759,2869.147280759412,26.1295680032577,1.6000128842252133,11076.21971225386,0
4.295290485616082,1854.4080603695688,36.44498268472405,2.298042654065431,5642.253311571474,0
4.623796085491765,2149.386968101176,23.756753161305454,1.3051989160866608,4580.206184192313,0
7.400689976517225,1835.8702632286863,6.558830056641376,3.2989355534608746,10453.64590012241,0
7.7630875348449,2478.066099332056,39.30063885886912,2.7904107827912066,9722.492625091554,1
4.628213946951799,2049.746535713064,56.467331648899446,2.5905778671182276,2828.943864322965,0
8.342557471114173,1678.0732438268203,52.39145037306842,1.1657425965261143,10565.004904130667,0
6.2754084224748405,2376.665025674424,18.80529065220377,2.1232479622746503,5775.222082717831,0
7.220189517978324,1626.5079900759088,9.975441692446484,2.725451838808403,6877.68641730824,0
9.418330942383136,1865.0377098738036,29.31624235690443,2.3558632396146435,8561.060323081812,0
8.345258973798298,1357.2443541495677,66.35583019591328,1.398734537219735,9759.874647850465,0
6.597204028141252,1630.4167551209573,47.911961579190915,1.6099437468148068,9336.43752406258,1
5.663211661877069,2271.411667888191,49.07929353588467,1.7288383171964057,7850.545007281993,0
3.7722768980060426,1414.1855847588301,52.79713903570989,1.6379372993068355,6726.070013252268,0
5.92127002113637,1607.5417101513137,43.41533125037173,2.9172673014261843,9236.662080696342,0
6.6833046417584585,2199.0524335468767,37.41217095227157,0.8473921167060463,7644.836487967315,0
5.519230709273224,1982.557241562779,48.24613793295936,2.393551483795302,13416.063377377774,0
6.803114549361543,2996.814654383724,24.076677915639607,1.2246179750429294,9759.227029909705,0
7.115277824438152,2933.55861840975,6.710739772673584,1.4232491075293594,5229.753125028936,0
6.662716027287882,1852.8310148995386,49.45993869248646,0.7941599798787695,6567.200145879046,0
6.02499612876481,2422.8550473613927,59.7547621149845,1.6705673413046804,8144.5765317794885,1
7.2529820079500915,2499.7130227517805,12.635361212879374,2.906438990923528,11898.293645211364,0
7.662910974354114,1961.0084567902386,51.43842964831801,2.1588945454788666,12233.315027336404,1
5.364401383835731,1601.7833854007185,68.61531426776381,1.280983071800542,6811.595838903307,0
9.116398569619406,2195.080620276777,34.95507596485758,2.6102886046275873,5199.097350231671,0
6.852117801573607,2130.861730074356,18.639956305165075,2.7387825581412115,4815.507076381438,0
7.028274434417272,2025.6942012117524,37.46037347053511,2.0624278886234513,8757.286271647341,1
8.062321634884835,2376.926747265794,23.989320635985973,3.220849494891554,14911.352927652479,0
7.349824196895252,1899.7081571977606,22.665397800871965,2.4929384747747685,9617.282312765306,0
8.429704950869867,1739.2009809683427,43.66368134543085,2.4095915043755527,3218.262419947978,0
7.430686247802736,2243.633188139933,2.9254104994020906,1.517972775700226,5821.987690261996,0
6.0813439380393435,2354.38803702755,6.121421550155457,2.3764390913728044,6128.257394465261,0
7.542255287809152,1729.3420224399788,35.385817607478856,2.130074766562696,5533.992439655276,0
5.2844106890190075,2571.2362443964325,34.55382922175138,2.311897401602616,6836.318525197339,0
7.162839558664785,1491.8075448895688,41.871091540798716,1.5892486285152017,9108.184583059825,0
6.950155014033308,1968.7546165137426,72.50450776966777,2.076859330615392,10045.94350796794,1
6.687824714091191,2096.7965855209563,37.09028072151642,1.509883099871025,11275.290472749932,1
6.807193732841604,1945.510514939228,46.96344300669589,0.7117207400203809,9572.607719141533,0
4.1772264317535415,1973.975810579523,15.489341287707362,2.5989827411470303,2137.5492790134776,0
6.176912638388558,2948.4297929232457,50.358753270330745,1.0985666109862897,4828.08623740606,0
7.1392673517116725,1859.6463643844404,24.472182697786444,2.0643118788694497,7525.717889422426,0
7.239784587996101,3176.4886889887657,36.428416651621866,2.199801277669424,8441.839567302437,0
5.458487288611063,2374.850711892421,32.82302749861677,2.195937809517833,10584.25507962877,0
8.898561761297051,2236.8220549247967,55.65948469828062,1.8301525558410499,8129.552528650318,1
5.7007377276782485,2390.4961413550664,8.800468912500008,2.162726885167984,8152.121761591023,0
8.454185800790105,3211.971099700781,0.0,2.282580241871097,8713.392089417179,0
7.640791542807527,1802.5627984274208,30.73134605824151,2.440978889451191,7234.934783656395,1
6.0306590352342955,1751.8328324254444,44.37062513810248,3.0400648036305578,8260.655419633435,1
9.662966338914268,1898.0535213712317,38.04538751615,2.140516490898923,11377.496537035251,0
5.2095447523652805,2212.8572587858243,59.644084748278225,2.038429307010621,7748.267303647991,0
8.378731260415002,1509.6915500749706,43.74745348359337,1.4559626207899434,7909.36181964715,0
8.500873477064466,2208.935695727443,23.723033362802802,2.2615677943396024,7899.243785698432,0
5.994069686385033,2877.4188533654687,0.0,2.400429861884341,11893.321441373506,0
9.088697950096494,2260.562956249911,30.253755316095635,1.8846180894310236,4675.840019511673,0
6.6249302281015705,2082.925816409889,55.55918004515596,2.3267675025104224,13327.540684373587,1
7.4330404439197855,1952.735820526549,27.15904434665771,1.824490283870395,4470.854436453461,0
7.390482758156831,2559.4046818206257,35.56640527355528,2.4025955912533545,6037.339216016723,1
6.798536887794178,1869.666890704781,43.42720508613417,2.5475613884178463,10234.21480914596,1
8.216212409739674,2938.558368239699,14.694152515003683,2.539176720038291,11090.950086421013,0
8.19023308082832,2973.343899085743,47.46471793277635,2.0707065956847805,3789.5029490045363,0
4.377202040142729,2302.700319464715,67.74243580003412,1.376019109029769,4721.894410258742,0
8.956510364317229,2195.393964769342,31.543732962131873,1.6328521684149075,8833.528428415544,1
4.506262017946488,2612.263923296624,12.418711563353963,2.357094394330837,15033.258163291388,0
8.548819306512486,2637.91940089093,33.66797945956053,3.4692873834441365,11738.788342996042,0
8.690057705241376,1877.6033075762339,0.0,1.795567537080751,7255.7088511045695,0
5.363550354677203,1989.3779467453192,41.73806527953232,2.273502607032884,742.612585772732,0
6.383778568068123,1671.0610261266818,44.04548755297158,1.6663684655123578,8244.928203263478,1
5.341442997271097,2363.625975333623,68.51272587691125,1.4156197734505396,9086.89041093966,0
6.677618454566897,2466.651153382756,31.120104148667497,1.5942104818535825,6851.914576751589,1
6.537948573721388,1660.0297448554907,43.16970676292941,0.7505168139783971,5447.8280283602135,0
8.16949079840401,2017.9204380735364,17.77423795228198,2.8120610377446504,8477.495780964166,0
8.965463119179413,1661.0984329674602,27.871457589498426,0.6619218482512319,5173.216418318118,0
9.093525716184935,1840.480075902465,4.496291266756039,1.8417030617596204,13617.345982426172,0
6.156747960132547,2420.40682409052,31.104207574335287,1.2931232627899674,12550.234392601451,0
6.686167189383208,1906.6071733286883,28.893816929628702,1.4693718707826773,9973.737894778284,0
4.4748427116685745,2079.6696175870807,40.98399532177792,2.825913595843201,8269.131707357948,0
5.791194900255717,1549.0753088210738,22.528062393347213,2.120640194018835,6019.507740159321,0
8.447277449646187,2274.7960838898657,36.666907019501835,1.4207623044909798,7937.638448327297,0
9.423374235322347,2182.2906720621404,28.332398887846686,1.6462897205020934,12917.891405621827,0
5.148476692180116,1908.416299986735,28.370012234009714,1.5407112677347485,10605.962175309884,0
6.1113036112706585,2124.39428092701,36.607246519260606,1.9738725967526716,8611.076835429378,1
6.96039136456161,2272.1179522013776,35.8104588463402,2.1037350108726156,10771.923002502786,1
7.42024173822941,1874.0527404362624,50.22348078103277,3.1373448639371357,9636.831990142484,1
5.785594720117531,1609.4949823992883,32.587139317403306,0.8502195404013759,9188.832619660616,0
7.636091566696135,2922.229773074726,28.002293017539937,1.9791126111452286,10941.689776974607,0
6.289240979393626,1946.690918115891,31.383851098255477,1.8106593844792866,9551.082934474272,1
6.9783215936825815,2161.2959587252444,20.70671766318015,2.5679291166300695,10575.654410310135,0
7.819426372005549,2604.3358940081253,27.80177812866657,2.212890870907036,8484.161148903528,0
7.009633404716407,3611.6220750281936,75.62317426146463,2.3542173248689675,7237.6225304296895,0
6.345421164210147,1702.2054200444536,16.74642478608266,2.2070517116090493,6355.511363179554,0
6.835585294111254,2379.930885490604,29.42687332241381,1.4408053248298764,5998.071183587124,0
6.867455561191997,1916.9790858823576,27.250226734606194,2.726759297895808,3184.488672675402,0
6.444983455176809,1984.4838781693156,30.05656775511201,2.4791029427694014,5264.180159565007,0
6.611805905999346,1911.915191597284,28.3752138224321,2.5493178750348457,5177.4394112534565,0
9.397970755757076,1749.738012879766,40.58480202441999,2.758430102304299,6477.9644120478915,0
7.841379171911858,2183.4834552861353,0.7964979721641114,2.250605060391176,12686.732631914874,0
6.556779522956259,1610.1989251807058,55.74342945064009,2.888595442470496,7527.314133338668,1
8.045431606766103,2578.723026604748,47.65165599284394,2.2265837430719846,8725.30066965293,1
6.499270765365985,2222.00117441335,10.142568278737304,1.8685648471852347,8819.958933535781,0
8.759686956379962,2368.973989160576,0.0,1.996037653709981,12762.7427385271,0
7.554463288297141,2013.5245552215108,15.458557077171978,1.98569373911833,6273.243638464126,0
6.839046783993656,2053.118426315301,30.14667077145755,1.6883652067456743,7332.433759225815,1
7.671575388715416,2315.0255620669313,86.6058379738155,2.9791333090221324,7681.40188467745,1
4.6436857718972515,1734.3797470376699,45.86513929948546,2.1777772193022007,11409.604567324304,0
5.309848796635292,2056.803826234666,0.0,2.056843085499744,12032.317081263365,0
5.2091124904014166,1856.1545944486184,21.20688990198112,2.23296455295586,9423.751459081834,0
7.21441464214556,1843.7724757635942,33.93575127454034,3.787912710042288,11698.72812218564,1
9.598772499227637,1356.0647037497433,40.07367108596194,1.3209654868402043,8532.982989406968,0
10.34695021928895,2735.7306357919997,8.705022793791542,1.4929768929702347,7482.190257149533,0
7.957076652161136,1925.3844987384923,32.30019544045877,1.171657389531802,11536.172259756866,0
7.751266712416685,2665.35042206542,20.647217247789186,1.8604404569387083,9462.853025701394,0
4.298413398770892,2627.5169285577167,12.924828747953669,2.147311065996416,5793.408002277254,0
6.185989300398967,1685.6001173934026,40.191912933979076,1.7208064889953536,10992.262814373053,1
5.818324372137642,1764.6355057308617,50.477543468856446,1.6761639211089379,7374.522106939161,0
6.068728602623326,3224.2011837422733,51.82082553923239,2.0854429199768796,7007.529431827386,0
6.747784272122816,2900.3703767708575,46.48772702267752,1.6987353051021814,10679.013104599137,0
6.291864133454309,2187.392594668758,25.052609337194745,2.186105496309703,7733.503577465261,0
4.0310502844363185,2302.9492425669396,49.290995229270116,2.6685406080455625,9166.875608120868,0
8.121865384176301,1947.6614388211244,41.18108876208576,2.406218281880484,9985.818752212399,1
5.39088546139029,2372.941085680136,37.67883765904026,2.5286080082991216,5651.170762182846,0
7.3588702961667245,1913.1272397110115,22.766137565964033,2.6515510469040318,9154.551694046606,0
10.11112400462496,1387.0584942806463,25.062477453169436,2.1696968960712217,12048.419315784871,0
5.620923112620365,1671.3776853955796,36.47773872249108,1.9048153843741393,5130.59856878117,0
3.204568715880505,2208.4370991402347,83.79748933971003,1.5366481574700828,9349.726666493683,0
6.570993667179834,1747.573105798965,41.0248496018278,1.7652931018185674,5511.596796259137,0
8.651439452497856,2173.0890140345864,22.776229954994278,1.6857886803938633,11064.193051521195,0
9.93752118133089,1770.135584226855,18.352211100611143,2.439003395972547,11035.716751249314,0
5.155675608321374,1887.0584309992025,25.164667746875942,2.2080695327565176,6937.0329792527045,0
7.745048834854782,2541.266122565277,78.54586895098132,2.4180547176285807,14628.885956572587,1
6.30203431482992,2298.992219056042,27.01486708108076,1.3037978863399091,11319.875927411853,0
6.841077468543796,2196.134231474661,53.1374106922057,2.8590496905446474,10120.786955408508,1
10.966515020525552,2551.5855892282607,27.481435090572873,1.7438117770959427,9951.832688318407,0
4.745544507407271,2392.2434373389387,40.22369082559257,1.3399900147552024,10951.780727618672,0
7.38060949224186,2778.625316500547,50.83490548017444,1.7364693411069123,5013.07277826752,0
7.70153975764815,2016.0562950739438,23.56194300380152,3.490259595552505,8583.822795383072,0
8.62867948740902,2028.1460085889964,22.177766916944606,1.7673698801050595,9149.571156131982,0
7.1469747302063436,1679.556293443462,68.1773938891066,1.8049421171174447,6799.591810092319,1
7.462075809256153,2028.407713051032,54.69185789791594,1.8847371916221944,9394.385808331896,1
6.412527148867313,2585.907957720978,50.813446373814564,1.910827769941127,11695.082901302017,1
7.403690411867661,2719.9949489048536,50.74552586245828,1.5311143605192474,6734.692736702281,0
6.485211586753884,2584.122067234667,44.19150976622131,2.0859278499236784,7836.727098886083,1
7.932357834784076,1482.3232533802254,75.3555162635013,2.645356944918998,5538.244112438166,0
6.445584495934549,2633.258085064294,35.87816603754314,2.1885735892872242,2639.032970567623,0
7.56565059085328,1464.5925506911717,46.54524734401839,1.3333008206600088,10336.796541561533,0
6.956105779472533,2559.246929648939,5.981741428119747,1.793392457039775,7922.798615482257,0
8.689075376158252,2052.886189371578,18.500786268175183,1.6690835599390221,8142.738251458363,0
6.922909414617271,2481.0133255735423,10.98362000329919,2.031763680940881,5039.679145479419,0
4.340451297689678,1667.0206608421736,60.48127167032298,2.79827100293739,7443.4894128914275,0
8.892882251070988,2668.4670530824587,0.0,1.9106703223874701,11289.78136754637,0
5.641401548706072,1614.0101015580444,26.953799544945547,1.9471070786777656,8002.46401033838,0
6.019350492026771,1932.618035658729,0.0,3.0665868912916574,8087.551274166239,0
6.106508058934762,1800.762148892386,18.3742420903622,2.5257235950029964,8622.584833590268,0
9.061657139756226,1498.2860588710005,25.181021005362673,2.344448769263921,4290.853614780632,0
3.796488679031957,2237.8110270353873,62.69742187588088,3.1748789691810653,9874.761392307071,0
11.70662280048999,2922.4356471347846,42.93255878442914,2.293886752876408,4234.405655252508,0
8.584085213599078,3266.7620889280033,18.337169533420674,0.8080837148134867,5181.153256162921,0
7.334858371193739,2238.862314834499,56.31927439463652,2.4995994547282163,4852.355692978506,0
6.91765899907557,2646.6725100270087,35.35664509059515,1.04479492572881,7474.325100108364,0
7.428331112286485,2292.837855171415,35.75133717414505,2.2712032211494684,6942.6418893864275,1
7.781683642569007,2399.553277907285,10.946569844560159,0.9717538555224561,7996.324885075236,0
7.967823378925085,2063.1405395491047,15.199725721937213,1.7198867537600484,5284.23152067067,0
7.833406699005173,2278.030770169041,18.498054001089514,1.7817292822340773,11016.485960919135,0
7.134371021882873,2414.9914818425714,35.92922546308379,1.537928535660948,10502.082706178993,1
6.7039923695390105,1968.6161084494674,36.5577145396135,1.79068880168528,7478.559461324839,1
6.773090074519732,2169.0022800428046,65.8818532704809,2.619537032216331,6564.8998502361865,1
6.707637579470979,2176.6279524010047,42.70110335875668,1.571628252704268,6261.927519964402,1
8.700655145300598,2530.56132693221,0.0,2.3270845277063246,7069.565014967962,0
7.890335083421293,1773.5871313489279,40.25283975743381,1.42061021623562,3799.26431374647,0
3.0,2179.3831165569395,5.9996728766493455,1.8863002541647225,5121.178063364478,0
7.9838511647946415,2964.802187621079,15.680581507769272,2.19430355979647,10580.361175954898,0
7.292104292078163,2665.624061034375,18.7566105654734,1.402082950028864,8905.437458227607,0
6.971936865331154,2739.671619555482,21.733233529753964,1.212967740253586,12902.823457929593,0
6.417222320366672,2209.772736071214,7.49701215919394,2.295126890347333,7102.414549492036,0
8.68616907997902,2328.3990254744094,39.069640069045754,2.6738482396043834,6915.4603186793975,1
8.421289693184287,2600.8944666811703,6.7839542981808165,1.9525609883075767,6776.303226369056,0
5.840683498264586,2824.1022118123724,42.13335214499694,1.7256122560659775,7042.506550345494,0
7.610578430686803,1419.3588348468452,79.73942154123259,2.093405232613032,6020.137960560206,0
5.542514898188071,1673.8234771800617,8.412818821318723,2.0332879512592283,8812.9646440616,0
4.930572752816604,2723.7776405610593,29.309793913215557,2.145741524426751,8087.312201445234,0
6.059924163115053,2089.2442576924786,0.0,0.5,6470.256494485183,0
8.293590208574138,1931.311684296769,28.981294140597335,1.358537425300422,11753.446739056708,0
8.42968756806413,1698.3356052017584,47.85434305262967,1.4928619367378877,13689.748767458921,0
7.769628130145939,1977.9933193823563,49.41278462714534,2.0905205771069375,11499.7316167202,1
8.087643680271995,1639.05228663047,36.547274605681935,2.11152673017336,9674.372039250185,1
7.774267430672437,3036.437709092991,52.785268495179515,2.3817082932104214,10285.309178791322,0
6.037777607165571,2191.0255792077705,85.92109071885584,2.154549049526262,13569.246553479006,1
7.647883817010911,2176.819783294913,69.24609374875199,1.2195589577675987,10280.957947278272,0
8.200614287841523,2435.230670067133,24.54958141180726,2.868202770551036,6244.442442202146,0
8.131436994720362,2584.938067706628,5.97792027066523,2.7631509820534195,9176.817579951645,0
8.783370057211965,2578.3552626218557,26.87697166852393,1.2450816259838446,9878.732798189953,0
8.062455770801595,2629.4487775630287,16.060344687653036,2.1996231766245096,5015.8481778922405,0
7.527172311312374,1947.6617796836574,44.026950957292655,1.6427453688541904,7145.207544070467,1
8.605225357474641,2080.8532780172554,11.376129211410039,2.083318393520329,11301.175472166398,0
6.96021811112641,2507.6126621769104,33.54355134819316,2.631986167785122,2529.521794851242,0
5.677188023158424,1989.044375344152,51.76028109072621,3.278062559792575,4248.714364878218,0
6.755399554084354,2197.95734718911,32.98608254365646,2.450766623085566,7470.778839115017,1
5.882646032790326,2359.5055057699255,16.07372354504407,2.1769608410660815,9061.038786517114,0
5.987232587538427,2514.0740329241503,58.49628115171384,1.7961072990150218,3927.102665153279,0
6.783221993926723,1488.9276150519195,0.0,2.1092809226067057,7619.632245002176,0
5.811370118500058,2485.898259955578,28.44409888245074,2.815863135996988,11461.3056172657,0
6.53805770554144,2106.51037685931,34.166799532373304,1.9731747459442488,8205.954371222851,1
4.159577999569322,2482.9830843457526,35.31817316799262,1.4683324091914098,10817.266830893392,0
7.319940561059408,2510.7726769419314,38.60992112156163,1.0281860806900243,6223.65763599499,0
7.001808213043336,2843.166024447663,47.20879639618986,2.3078287204461505,5570.249429632455,0
5.7743670533977145,2741.3814590484812,34.29185121909298,2.1483728753766433,10546.621490855143,0
7.988868502648607,2738.6286650441184,27.638834357126385,1.612455096042622,9107.796603968569,0
8.406355206439837,2777.468127666495,26.84821310680609,2.6156084754243785,4443.211976676623,0
4.588660203446539,2316.5515939263782,22.769683959232907,1.7469338813674218,5597.477251511633,0
5.855912832150679,2212.8740348147358,50.750866486537305,1.9192135449051229,12693.743723172243,0
5.846286475319053,2549.126833271334,22.069430410469707,1.990001520021234,5226.334341592052,0
5.590145348336703,2492.832380573209,51.93542218016489,1.7894283547171472,10802.986240177992,0
8.244212262897623,2076.3735053046958,35.37998164519742,2.1415190394497423,6565.439908298901,1
6.709260791840794,2361.929363523307,24.57490386287741,2.6909090875598007,7990.472429698606,0
6.603227738034084,2185.961413286162,47.3681443148827,1.3145108611289462,8883.777862830117,0
3.99420645338987,1858.4268366159777,20.450921505537636,2.2931120830844054,1697.056368501204,0
7.95312704531384,2716.18429655054,47.76368081456425,2.1032952017638644,3611.8479937181028,0
5.141112407719791,2222.0796970120355,39.254522423835695,2.092258297726824,8258.999056361488,0
7.089898945399493,3019.4833030795403,23.073506218161587,2.5231067419244546,5827.077308648359,0
7.416065406937287,1549.803091920067,45.572696306691185,2.029578455130295,10989.743885823867,0
9.040987893757976,1977.2884908626534,45.93179451377277,2.288137557143422,3181.637357395626,0
5.036769401321331,2213.0555346763485,58.15039211619916,2.4295187777426883,9695.765168773962,0
3.0,2654.9524390515658,54.322940248185915,1.697380879771636,3871.3363387870213,0
7.2757743171305425,2359.787749040874,44.82548041452566,2.179510076488279,6943.685017566714,1
9.700766772266281,2324.1891016723007,12.448180975824737,1.8495274356736209,4806.866707286108,0
8.858419529409156,1749.0944829783411,83.97173976348114,1.9203909321680628,13707.289641413594,1
7.314489122911938,1737.2234411082115,6.9276757785637955,1.806763162113001,3981.5235110898925,0
6.262545721551929,2329.001864115962,53.98526348564618,2.282648242458132,7633.82091389293,1
8.210683894955965,1654.3576024726567,43.62567633772597,2.0489868254109522,2819.491555939544,0
5.539680700443297,1987.2488998842687,11.517152550377709,2.2367264205900046,12798.71036621177,0
7.714536654034329,2400.366931634343,32.51398122243002,1.989489582262551,9203.847248531616,1
7.75820523874994,1807.0702910892896,33.42494227510719,1.0375273925178052,8410.919268796004,0
8.59031486124832,2842.142384944723,61.11165431621047,2.018821049659825,12422.938817875176,0
11.139490058366617,2689.574537695156,20.73378199439577,2.03812277309409,8442.267324267837,0
7.5886239507681506,1571.43200066468,29.761099871512922,2.145557562292076,8658.71406842323,0
6.236554561438751,1827.0515027272052,0.0,1.6437624837885547,8395.175864195455,0
6.961638531712008,1285.68910220202,69.69525586247154,1.2827181700006929,9690.902976329358,0
4.346386142666322,1886.9634549807467,13.590635139598575,2.374763986936567,6522.675848236213,0
5.957930303366412,2506.5553906289597,41.5382172847835,1.8358360660794988,7357.138077910003,0
6.386076342830344,2034.4420230900573,32.97184340556272,2.1027464286109976,10431.003885372338,1
6.213867403098111,2384.318897446387,33.0399806643332,1.8311239520670226,8832.118854673647,1
7.228532308050583,1591.0662726873024,51.1972396974175,1.996362904535843,7657.268257693623,0
5.766370101426699,2519.190101832762,68.42524920607269,1.730428791238515,3798.4328269078633,0
8.681546000986707,1977.95630882866,40.02987339883983,1.419149846507703,12494.150853609786,0
7.000310597377296,2204.867872913162,48.10156035261052,2.284238996461194,6015.6376701476875,1
6.986049518292078,2162.850199442779,41.57783073454082,1.638127947064328,10961.71171525777,1
6.508157925230623,1691.3805916430865,55.35062847861253,2.0983708885368864,8527.260955064256,1
7.232786025788469,1738.766267304087,25.74167241027346,2.246276133141247,4119.648431810389,0
8.237647397001453,2587.1177876013703,56.50781108832828,1.647912370638151,11756.826432591846,1
5.699304676433649,2359.5968630006782,57.20999731294768,1.2776686193762092,8763.62193919862,0
6.012825266387115,2620.019616621371,56.65074017365819,3.4556513683118317,12006.036070211128,0
6.544410956835003,2329.863294201007,21.79704265327048,1.6833368744327444,7452.773897792244,0
4.981193614790177,2257.1962539236865,31.633247315256185,2.374050295160695,10112.153689901163,0
5.771113210417753,1509.5957525332933,39.789339775608696,3.1636781297420744,2712.4186659649586,0
6.285668689683011,2091.853321295532,7.583159103419884,2.4739446481123357,6499.352409218729,0
8.311583771069092,2189.0462718385024,66.8984041617203,1.819734314703469,4181.020003306185,0
7.393841993502887,2981.2428793090294,34.754469329956486,1.9597301674789331,6875.648449884825,0
7.2903848670513165,2474.7826528394708,40.678557752094434,1.500435668156691,9415.435218518434,1
8.276346943251959,2814.4244726838115,23.459911205455942,2.5290178561746455,6186.259737037562,0
6.793942317400905,2439.0150823578915,8.462448812659545,2.339762424835213,10591.526280916345,0
7.5856972748933345,1915.4787092202082,22.91940229050458,1.6913445090429542,5430.162069349966,0
6.8451673706012555,2246.8496864599406,39.38408375267177,1.3746951157409333,10655.709840949936,0
7.398043524099442,2294.489458505693,48.46857625507387,1.207259757401785,11929.271497622109,0
6.125862013582627,1824.3377720917274,38.2358308120544,2.5919084022825203,11040.578405272958,1
3.341774262585356,2046.2450493628317,41.93448032483901,2.0722238773733364,6967.432844510681,0
6.798581256720544,2117.693202529131,28.259472506372468,2.128990721799651,1623.6392061675715,0
9.13412220414991,2842.247933026047,44.92497132490856,1.5062308244825857,9746.500990212044,0
8.389323103362388,1367.7037898436088,64.65665732771814,1.1218981380173565,7624.295855854089,0
8.448096226886756,2682.3273682864174,49.09578884877973,2.5775681448269796,5064.82117961794,0
8.854196082709327,1825.281906016247,51.1908377650588,2.0252234221983385,6331.162805388769,1
7.132986386442156,1651.1683250921544,40.88032798613262,2.544340796034572,12303.275949334406,1
7.295973561108394,2671.9768520153857,4.9368986080079615,1.7684401240906615,4587.979398169537,0
6.073522156848474,2492.7592276937526,14.106669387375135,1.857909294177885,9404.927526863636,0
6.5258907159594255,2701.807480952476,44.097516013276866,2.4279789059723793,8653.874526912212,0
7.923656724656713,2520.2807790182305,34.781218960798284,2.4394088477903146,6927.837006010303,1
8.805826655753224,3023.938000694961,43.79685772945656,2.4785393736115724,9933.598061939141,0
6.790830586478501,2423.4895347777942,68.52846835688146,1.8228792481383822,12896.735776696598,1
6.324716102722883,2137.4090495507367,49.52071998458668,2.368728342590521,7112.085488341405,1
7.0007919382848955,2337.170550928537,60.17772411485643,2.6654596792860312,7270.457155768696,1
7.901810123393672,2697.3876513383852,36.8936277894146,1.9371367929910794,9866.1947149706,0
4.834217775799687,1888.2498698959532,18.855686450311204,1.6919069817355679,10754.728464305004,0
3.555728570294143,1939.2445669874478,33.842676815713176,2.8056485619900595,7616.8783785540945,0
6.174194725762625,2076.415994160837,18.904963725617243,1.6073325598692159,7083.878791719055,0
5.168931361128762,1358.1668804938672,66.16589913544897,2.377685898268686,1347.0604378407188,0
6.2377897035290335,2255.2313633670187,50.80782153070939,1.964946613688083,5665.973262900339,0
6.778329521773792,1445.5485184195895,45.41024993256559,0.8950606301092638,4582.064983797349,0
6.3201273864654794,2221.2237251730476,59.71886404456207,2.677156440487148,10053.874988935673,1
9.178701301706118,2546.1159024541,0.0,0.5,7268.291154197474,0
7.49011714690348,2009.2494157424658,46.76275902685319,0.8095231599454347,7150.935183383215,0
7.450711539416242,2870.846348074748,8.787084313912548,2.316398047688403,7972.831209131056,0
7.933310716065103,1615.7996402326048,34.85488603068678,2.316242719206869,5389.4705896238,0
5.291750323328847,2676.504272652733,28.76584815065571,1.6174520852734786,12659.741560066263,0
8.558667681130403,2470.054822562768,48.23473224193896,2.0886932541819467,11894.581735089832,1
6.88635357019681,1513.5867006757244,39.563745779219104,0.5,12854.320349143063,0
8.00572092586182,3284.3177196162133,61.90234347223577,2.4241852786823594,10050.251693716675,0
5.3922141504397665,2174.5018857984137,22.962056781347727,2.149835292232158,7911.565654934188,0
4.669361850975903,1849.0063911377474,49.182287792665676,1.9726142879997228,12844.187909020655,0
8.226834487037543,1637.1651220863932,38.24446433797664,2.0125048892826634,5957.099492261061,0
7.564614289146275,2111.99278893613,2.29419459856895,2.295952505715819,5386.373062900962,0
5.646922668463734,2149.037251044016,16.627670829539348,1.9826590859012834,6195.4654556904225,0
5.695505378087958,2241.0582114158656,32.00243932955664,0.875566698361268,9568.613800742894,0
8.688152176622154,2080.881537510416,57.24584899783456,3.3177993407135133,5713.684419836982,0
5.2158821606990085,2453.2901240460374,44.27446115114229,2.720480491657071,7533.881035346004,0
9.464009429883944,2044.9480669347015,11.649983522385714,1.2290332028271032,3194.434118345671,0
5.649068898028197,1426.0143531038116,32.193675439056804,1.7929176617140457,9443.292996284732,0
7.957587888412575,2140.2554017401435,75.3561289758606,1.8583794859063756,3448.6898984506724,0
6.507072286376523,1253.0089386506888,37.22446669681716,2.647309739905378,5203.516835403914,0
7.904781146623515,2341.5082523565557,28.453488498552083,0.7044386388081394,11651.501404689932,0
6.183828996828711,1808.279907886946,44.83479281512441,1.7005950413421265,11540.95495095833,1
6.755810640891559,2265.3441419663204,50.2678615916394,0.9436181339974978,9122.939268639493,0
7.061378763093582,2725.629992609842,25.87663305039882,1.828942690502997,8826.990745205692,0
5.496718816327791,1820.5005218928,45.05149548742874,1.7164994641490574,6407.121058537223,0
8.11123651813019,2624.502503404847,28.422210066583816,2.0478164404296275,5681.289008773396,0
6.230179650292622,2026.6441733255388,49.38655203658877,1.63707536059449,6913.274906727861,1
6.657100126989972,2901.277920826234,38.39386315942568,1.5493859651656856,3459.037476613047,0
5.508475938087232,2053.9389547207147,44.63935654105784,2.3717940150578887,8757.34566486099,0
3.1564995118070343,1863.8028057973233,19.816329076649914,2.272803644565548,8146.493374425229,0
6.713458356099746,2474.8953801581156,18.574272318542814,2.3308390056669452,5199.7361998691995,0
10.618923132419374,2025.6841081505456,53.9099460931879,1.8938599457054943,12706.045756524072,0
8.176906431847035,1863.4201943483965,33.412072372290126,1.6569568506648864,9820.741130861144,1
6.971109430398408,2008.8640597184835,40.70069484198723,1.9286885107875376,10075.525412026569,1
6.605663756187599,2182.157387126799,28.872091458269608,2.300697242041071,6537.980221882504,0
7.0336988392180695,2736.8720524979417,52.97453548027288,0.6939321794168911,7996.00976592103,0
7.820678672762815,1426.364901816169,22.843800399406845,2.236467158222515,9882.118010562266,0
5.228780777036732,2209.2322635801684,32.28797520198234,2.1854829124008788,8458.347101300707,0
8.671482542003307,2449.961437861617,50.719856254062634,2.0372905436514364,12805.702354309615,1
8.073071973161866,2277.3794299967185,58.45935398328532,1.910411946876995,7388.6372917497465,1
8.077278588561901,2723.9460677734137,24.524814179466333,0.5,6486.318403291668,0
7.657713608214591,2170.26186809659,74.19367963911766,1.7360880421397564,9902.758629414278,1
7.029424986540985,2126.1794231256217,41.26483387387233,3.073663226646424,4206.058183140463,0
8.00929185395023,2436.931818805337,14.141434763825245,2.007740777340983,10772.890796924337,0
7.887721200612067,2239.7255259805397,42.38104097179936,1.8156260967951692,4097.864598224051,0
6.468938933588464,2043.8365046878116,27.340015710330846,2.0101437173540675,9915.75399817565,0
6.139597340654649,2406.4576158345517,43.68136974366354,2.212863721176805,6055.179337482012,1
7.15278444289298,1938.9886827133419,34.142875046793236,2.3952921468136785,9429.75244095018,1
9.323530227242781,1955.5291391922692,36.4854738038029,1.862671902105235,10722.028838183052,0
5.141339386519149,1988.8023912937547,16.76813246827708,2.2549517614362102,8460.263586511755,0
4.79871210137134,2741.227664066563,54.8012246143272,3.0059904816568155,4401.137145077961,0
7.247141261854775,1000.0,11.877452656979358,2.603750479659629,5309.674266478544,0
7.076331552784027,2358.239533905177,12.824702091900097,3.4041801295141876,5814.022576898653,0
7.260012496555612,2213.7087256800887,42.347206982949736,1.6059377849889702,2314.979319206678,0
7.36592979686275,1527.6518163047517,67.0568849435594,3.005713704501209,11382.433576195786,0
6.665196618047792,2323.890711654401,27.948138058711855,1.5255958160464433,8330.322757268987,0
9.234795157903124,2390.300796732613,49.019446454079315,2.212139688044278,4593.445864433015,0
4.598644032285227,2435.8556925429602,56.466803537270906,2.43948591754286,12367.02457237507,0
5.757254462829631,1139.2687747820205,51.29368874588138,1.6935336848573166,5896.01569958551,0
6.845117859776429,2746.5557647417754,28.77583421652637,2.0527785664845655,8751.717467224615,0
4.5352167832687496,1904.9053181260638,13.17906565611851,2.5462766614711048,5524.188364411395,0
6.736218393351893,2474.6270987012704,0.0,1.5738374610128552,1945.2195400129167,0
9.492205248592027,2496.4295122729145,29.743190010752137,3.0016300757285883,3906.6783234462177,0
7.031329732443942,1849.321165752283,58.56174737124349,1.1692420251635907,6654.5287074007065,0
7.346051358578025,2464.18398094062,12.51668030476132,3.1638148656370304,10694.890613618143,0
5.1097528522411295,2045.8027036350568,49.00419695037531,2.600795680879755,9039.599440457736,0
6.075457887940784,1371.449128264737,15.996949398962556,1.9461646542033328,8420.615378513736,0
6.437205429514094,2667.0967702111116,37.12145152773677,1.758399073257961,1969.9171317653545,0
6.523427354865649,1889.982014793504,49.15583228310035,1.695783042325386,11810.258443040284,1
8.922465692505654,1858.2026149047783,21.810091263231442,1.918522615845791,8671.039089486669,0
7.836536591087687,2038.7736527853112,38.40969361393828,1.9709024830707043,7641.74699032352,1
5.332813064594452,2308.894690130955,26.698173265493423,2.753135747980749,11397.269329966686,0
7.369757167648007,2177.091835671159,49.102973178763534,3.18119246023075,11742.490170704821,1
7.747332622745178,2419.226769882868,39.706343369692746,2.1196279523924044,11463.770742827573,1
8.7102235577819,1664.2042533885365,36.13015348858535,1.4926229072063575,7258.740509890137,0
9.370811029852561,1903.045451827706,66.16699920283955,1.6725643756182835,4989.5703176474135,0
5.477358712258197,2153.6011710713865,48.24612284736604,1.8901455292332292,10966.76875142622,0
5.783713733184493,2959.154917063482,21.19296267747422,1.3819267368219346,3904.836670788749,0
5.113633211628075,2154.4749846344966,33.28272198404476,1.2926351587355729,13841.770215992847,0
6.6489702113395275,2634.0889054646527,33.482024298406785,3.2582763274238165,8083.998635583689,0
7.699537561669501,2215.422067513727,36.60639145250424,2.181568115567752,4817.3472329012475,0
8.481001774883653,2006.5365450249726,85.4901855321499,1.500120119791792,4304.39433753017,0
6.886073464536216,2101.3102303542237,42.417037854219934,2.4899621422146274,4167.185527831822,0
6.520228715117734,2132.6321151884476,0.0,1.2929923251158928,8421.08872016253,0
7.227636988373111,2441.4582955842952,24.144020565660696,1.342392771277368,7980.823039820639,0
5.747285647554966,2749.8445070306216,0.0,1.5181745593614528,4292.233479472421,0
10.13430808254216,2343.8723390745286,28.404034859083204,2.99270796851902,6930.632640332294,0
4.588508459322912,2674.831071496702,0.0,1.8482719605329756,3896.1938417259726,0
7.277110868343587,1814.0841049481257,17.56819057863144,0.5349758078585081,9767.905417832517,0
10.035409328844459,2034.1477964743879,4.585569407317603,2.726039559905356,7836.2202016618585,0
7.010199766839997,1910.2789863169332,42.68320355934955,1.8161711815025856,6864.792482247656,1
6.7149414474977585,2325.777836349941,35.01078725257757,0.8903551964729566,4135.667809797418,0
6.463831865784359,2056.4166459282346,41.05924614997462,1.809989907221954,7099.533199331704,1
6.729412477356388,2491.909174813678,32.90897222862947,2.3126023379629417,6755.816355961019,1
9.059272712014796,1827.5993153470233,7.1140449959116445,2.2424294999197816,8953.18010362879,0
3.6822071330057398,2217.2123893285125,45.270427385094706,3.0790489874988918,8501.053934350883,0
9.300150551944489,2474.7431644049025,73.44449120538906,1.4883392824580417,10376.180306238028,0
4.864064271324782,1373.878889983756,43.18425157213093,2.0280320721589833,6546.270369484813,0
6.600021506148378,3048.6525229320814,26.48150801364868,1.580258432852947,2418.7654934105167,0
6.3561333695520075,2086.7392460480496,6.438656477891097,1.0746842634876663,10973.27862979412,0
7.88282990465608,1389.9840345295308,16.838660584800692,2.531316423383573,5191.902460855458,0
4.602813472174379,2263.2375594307146,44.06079313144118,2.2779617414885123,4679.248840954234,0
7.693258999122914,2213.3773871892604,56.4623605359875,2.1702070698193117,7870.6503646587435,1
10.036464434930279,2167.2422481710028,40.21732349443952,2.2560741159551867,8906.81153886355,0
4.955238993110784,2596.4764451706665,50.997745794119666,1.588716288386948,6407.490782855952,0
7.284559251415594,2498.977988570822,49.153564880544856,1.396582947609084,6383.92195559562,0
6.007026733305087,2319.150476409538,45.130687827718354,2.0225884233016163,6826.9210467033345,1
7.638830809289553,2380.0622535786592,21.83052809477488,2.6967268414469685,12249.62105297943,0
7.028721666123628,2158.2566202247654,38.47847023950305,2.964846281272128,7991.965737325603,1
6.037769636433536,2910.196339696019,18.032443922357235,2.4772596240844598,5096.111481614611,0
7.7318084273066106,1608.3215926568932,35.348579059162034,2.0175046560608574,5126.6499292910985,0
9.706522164680115,2255.8606696863585,41.617270621338236,2.1618703576399616,7247.347461252892,0
6.713644312409052,2226.009852475512,68.5756761477371,2.006956315595223,8713.573802084022,1
8.079636913222274,2525.3121624258374,8.805360512647358,1.3844339961803431,9451.94048589857,0
5.0600905631932545,1862.4584490300404,44.630152619826106,2.0147884269263256,8372.475811541646,0
5.565345434772987,1502.5309590413856,64.6247318324719,1.199103909446904,5474.3799472487335,0
7.7086094168205666,2262.7292064392773,50.17695531677593,1.9255536643381763,6728.176101317652,1
9.226174042803947,2312.4921968874414,51.65890885650083,2.9816630663577914,10201.723645593873,0
7.53342002317849,2795.8397637790595,46.753898037356244,2.493715533670011,4561.724118640714,0
6.530412954215269,1691.8551814699656,60.96668979550834,1.4461284894580821,6602.739820767612,0
6.998937108135031,2661.877506686688,13.250436637752642,1.95654255821463,9792.388573644057,0
5.124388399045424,3146.9657456108484,7.28146668059507,1.4993742129471572,10625.84427990553,0
7.90677298953305,2048.894044991009,34.873317190694884,1.962491739093674,7421.253886725852,1
8.323499593485113,1683.6231122027102,0.0,2.624664689914738,6766.3795682875525,0
6.3218645007503795,2037.2102534506516,59.61291608356022,2.3918047629859425,4033.64617566878,0
6.294936778360748,2205.601986948552,59.414303909908824,3.490486448447202,9576.919768181284,1
7.398817344478073,2425.515150002766,26.332988898309477,2.715486441504543,11956.339055440367,0
6.3449203959391065,1963.442108064781,27.584588066789806,2.122400228646615,15695.462175799075,0
6.900801078061266,2822.0794136589366,33.55305049698657,2.406289984479976,9159.33855055414,0
10.149582683749774,1754.1870739967753,36.04041300879239,1.8785340954899985,7847.361045068057,0
6.629461448881005,1504.31793913088,37.543478383885706,1.3234974517481022,5240.568160547278,0
6.462489771968166,2642.684169714927,46.16464213756606,2.7834659469725125,2363.4292587705513,0
6.028687291547262,1290.15158751752,31.54747293983044,2.605394886158989,8530.8777492195,0
8.116287957249906,2118.3480924509136,53.86386606955588,1.8553674712436214,15051.017360462909,1
6.728163740172845,3447.072451683219,43.91895554250607,2.164361442158803,11812.436688970738,0
6.025940442517861,2195.182578816027,22.86073108254729,2.744563512430884,11349.692807341395,0
8.981956048409518,1751.6929397215001,61.70225335608195,2.507810855723612,8736.808451173747,1
9.129404506770456,2177.0410144852826,7.834860277550263,1.1221392492501807,9078.569480840966,0
6.099364651391943,2179.6796845521867,33.15668378357047,2.1461720128938944,728.7580451660679,0
4.200190072959076,2264.2599761412466,54.33834802150936,1.8994210847069817,10287.53174229199,0
8.511270534755383,2464.905192863848,20.53853790175711,2.6678004194832083,6261.978291272553,0
5.973055261359994,1784.3555326529045,41.19111293534303,2.618625643269597,5894.817960212338,0
8.185938398744153,2875.0192220947174,45.866791939980956,2.7911646969068267,7030.229140854178,0
4.044844273432247,2298.045713749047,17.789522640375218,1.3292633967678755,6928.986531646955,0
8.338896007448964,2490.7176185607213,33.5504456081193,1.5295330795662567,5847.0932240850125,0
5.183242106078828,1948.740240097743,31.869923395815796,2.6684494616812633,8041.616216527928,0
8.096146178599787,2714.5528547982135,23.965242963354143,1.6450125107945326,6325.16721137584,0
7.021409601754651,2097.179036474774,81.0334970410155,1.0871402114514157,8300.968867268439,0
5.569090870905033,2311.021005397413,19.737872931090486,2.3195578925684393,3538.466556349901,0
6.389445530609829,1826.7575691251564,55.09860588135766,1.6716689358404164,7357.826688103948,1
8.029477685435051,1801.2273494391493,27.143979662377163,3.0738744621850405,4711.113230941246,0
7.158841679672851,2475.282122581153,13.267276222294363,2.177710732393078,6075.652044506402,0
7.876619470708726,2022.5572679170457,37.056284863101375,2.0961555719849994,8430.19652910059,1
9.964660876773229,1858.4707649982493,47.98186768775001,1.7784536650305458,3188.0071557351266,0
4.653637582433423,1942.7266631891878,53.41019150131358,2.954501200356183,5532.777868183588,0
9.425818862452935,2479.5812286869686,66.24530221310138,2.2151326759338925,9706.893154509002,0
7.156533906284819,1948.3848555185557,93.904925798702,1.7549002891062762,3760.4664744025968,0
5.6518239275153075,2152.9380273591346,40.01028407511194,1.5235497760367318,13333.601420836421,0
5.004529561391515,2206.011100114839,21.738156523492243,1.9559161672614693,11613.22386839194,0
6.71631941383445,1433.0604455958805,44.05748653589782,1.4134118977071166,6516.418746643162,0
8.382475167886689,1611.5494378505928,29.675740991870168,2.617326465007366,5638.370936644809,0
6.808676319433698,2334.511155699025,53.51932259704459,0.9149947675854595,8605.819710006446,0
9.266732395371022,1905.188255538921,9.056714072685565,1.9162915830001575,3657.6132289185216,0
4.823236464922662,2622.6899645121675,82.36669084800874,2.3660801270527605,1993.5718255027014,0
6.981866578230918,2586.722841700218,52.120961895510256,2.2052716520657945,6621.9946278423,1
5.121409833380321,2487.6674665421747,1.3199196440767054,1.5696302161905986,7597.853700493426,0
7.545447823937452,2927.908714925039,20.819421953700555,2.3961552240239294,8283.28167306059,0
8.33033108514595,2166.7642689027266,51.32162088227878,1.4683763669684555,6155.7781516463465,0
6.36885730947842,2459.5527703615357,58.52688112342909,1.986569206101914,11821.840188424841,1
3.0936792150592987,1966.2396093615876,9.555247455360735,2.391104943188213,3514.58102454835,0
7.298422220194742,3180.9479651474894,49.26051700865898,2.277747667695868,4585.213595125704,0
7.655107827600264,2993.453460974408,0.0,1.5949765931483193,9459.907868434435,0
7.606442132442546,2204.752173807117,33.21328269057908,2.718496709938618,4515.057843088576,0
8.853673287733232,2354.634491962077,57.24093684206413,2.0520167428913205,4399.03864340805,0
5.393419480526427,2743.719039745922,23.96968539794039,2.4457972465634907,8370.06437662149,0
8.020324158175674,2141.144198074357,4.86155401723973,2.9174606040039484,4839.432139051905,0
8.788761268716963,1937.350371680118,37.924295927551185,2.6705123292647643,7600.746716237938,1
4.332118623990224,2549.595900402753,22.905622667290437,2.6720776437986262,5900.43032102673,0
7.479477738878466,2231.375698433468,47.59116732131672,2.1156079579096834,5415.008889881781,0
6.243730253488493,2273.1977798581042,17.293471355638793,2.4763610725463057,1693.0838259651791,0
6.877715990347531,1866.2914627728137,19.547262206937994,2.1281579447385894,8418.689458464012,0
7.5215147253075045,1512.9311406546415,0.0,1.2744053193329519,4258.430023661213,0
6.2691571538296715,2294.4569639516403,38.39889422102966,2.1816462755030255,7495.273389408441,1
5.986437881257582,2561.98481659768,31.781901234468023,2.1538165902430793,6463.685304954305,0
7.051228626232037,2109.6773003695835,11.232306585198582,2.3502376169130916,7380.47582390035,0
5.369131091705796,2774.571807823547,38.87597427534184,1.923201814871963,7550.973877960218,0
5.371262306672222,1918.4334698337823,55.54140601288278,1.5431266659416896,8580.88475275479,0
8.019059924434755,1778.118218013632,30.688641131621004,2.3939036499051363,5816.722095525672,0
5.276808947262015,2173.1078771215475,40.363338996439474,1.2120366276486512,11728.089437820105,0
7.999468751363818,2166.962969859484,40.466224991703285,2.8752914815138815,2457.7998174332697,0
7.693886939280927,2507.987492534089,10.913403456420792,1.8611491632770045,7320.226644418312,0
4.411289906814105,1890.0148703744062,76.13171641415192,2.1473169032337007,10508.692929232602,0
5.983653021496517,2747.237694725959,25.58300339755432,2.335134891968943,9430.317659007811,0
8.79116410457106,2986.7667850033013,48.122324037205416,2.3544128269065148,5075.493270414208,0
5.528251703290477,2184.3423892126634,50.38430554458099,1.1546094200289592,5575.2635210359285,0
6.303393606535918,2699.8841680737273,32.208097457684964,2.4944519483265584,4979.622322020188,0
7.693091339877845,1777.401171749896,47.135900501192694,2.181892297025764,9797.682891993169,1
8.175085763923892,2630.0886164727663,39.91638443632778,1.6188431692648346,5780.228814453474,0
6.622691670933256,2618.910563423785,6.647204855451882,1.5501998294324517,8765.36926437035,0
6.103734707962538,2545.374912075951,28.354545974998235,1.7995681507658927,8792.904242227865,0
9.133554792547761,2193.774764451882,22.74898195291876,1.220754988033705,15105.180404706116,0
9.608349495696368,1018.3004235031876,25.76509917307746,3.0333604345922156,8939.75377940511,0
8.468287076172693,1943.3091425391483,8.919936443267243,2.8916907950860065,5566.567955748609,0
7.127977213847536,1949.6335929261593,57.5286743349206,2.271020120585564,3619.549213800803,0
5.78760141753861,1808.698024775809,67.03985309226826,1.8659609501947454,7172.441856086763,0
5.7543333901651526,2248.8972018188265,54.56005951996818,1.8817352072375628,7642.742472718045,0
7.783771157898636,2032.414621791506,60.41058448294286,2.4548394237043807,1367.9014178283333,0
7.627597331333026,1870.1551960939912,28.107303259836875,3.0546961397011705,5858.43751912096,0
9.102397889419644,1776.479940700872,22.27486330027927,1.657761956241954,8892.057628482658,0
7.975675138804209,1913.7948058059085,19.42825906376577,1.3294483744260055,6402.932989201476,0
4.7453795473602725,2648.5996847399715,47.88129845914445,2.9285844641571623,10905.87135711751,0
8.577921426584378,1935.5899781490023,39.541261062882995,0.9277168474493291,3324.9306658384403,0
5.502909059028381,1994.024517426691,33.455565768031484,1.3948815150484122,10030.64846045965,0
6.424043092071472,2017.3209539907016,60.90297088390686,1.8518852644934882,10741.669224577858,1
7.3753003093775416,2335.597405523768,43.09882707630686,1.0637399193169814,10869.48942752461,0
9.993501234675946,2382.4997954114133,18.226847249588303,2.6672894376839587,3302.430846036864,0
11.664877834008042,1000.0,21.381823417286107,2.51414316230306,8943.658387572152,0
7.910084588704274,2608.654085531043,48.639865985082906,1.6551240636708098,5993.737644435456,0
6.725205071919418,2774.5472136975013,55.834657053091945,2.7677684715066486,3781.5726740512964,0
7.801758472720826,1779.9253850553323,46.03360464511939,2.8695754570422958,6758.396825078875,1
8.331483138810754,1811.0807021060662,72.93777495744163,1.9320976110259618,5285.066024297572,0
6.518998561664213,2019.8986448886915,67.70014331462838,1.7295990934591956,10762.25140449161,1
9.692817033868483,1897.5983922173582,43.82071669701526,3.3557612166454867,9539.190029040708,0
7.345106138787103,2289.5707495786423,18.228386810369955,2.4326970932504928,4542.666595673397,0
7.746614633637091,1421.3898854564543,8.800249765364647,2.153794791781312,5827.336058507213,0
7.998886378081692,1752.8289567853042,27.252365099705703,2.8181275679837676,6857.907723150129,0
7.632379915921684,2815.6788800699633,50.06426892832314,2.1811583810018127,7782.784558046308,0
8.258410750704417,1828.7120130607927,71.53294158623876,1.696627648448487,11019.134824411341,1
6.074120220179616,2697.37131124117,43.348940688216,2.048095856292532,10072.3469794419,0
6.162547369080954,2342.1352782360545,58.37445588462473,2.623192572391841,8154.17590692452,1
5.349768650542458,1476.2929141646969,30.093850276243952,0.8046886601904719,7218.053450315234,0
7.659251845930339,2454.1316780864827,47.455382504551004,1.8271815563364675,2679.9378961775838,0
8.16840475526817,2152.9330791228585,51.46713658954345,2.829834439148963,11875.992878378169,1
7.686659299227829,2017.8131775001038,0.0,1.6928789593438895,6658.710206403029,0
9.511738650021305,2297.9828372688016,26.731223952469797,2.9276651362588457,12664.520721278772,0
6.99160597175643,2389.853394226717,53.99400768555739,2.848846291615888,8588.327876395506,1
8.003112483388769,2483.036728789848,40.4893667127313,1.9606825307066291,14075.852625864334,1
5.362448685791028,2671.301139019201,11.06969903698134,1.6588764170665995,9818.964600098949,0
6.419350446288399,2363.2543651113424,0.0,1.8275846755102192,3703.9411063373636,0
8.043306636348666,1649.7463644854552,27.68438509395987,3.5987686952008606,6156.753559216364,0
8.273653166114716,2010.5418169395236,33.56828614212242,3.1246546681599465,7492.595117984105,1
6.559049578503727,3377.2193341074485,17.32154100343309,2.075234583084043,5378.6513386750285,0
6.892601122212899,2489.796424152691,37.86169874055989,1.6351078690277543,6868.817548453867,1
4.723189379978786,3147.714920324599,45.127734944657895,2.070224621348758,3899.1825242536715,0
6.464456198790086,2758.173632879674,48.41374341452466,2.1462961559700586,8017.163843297367,0
8.33557474527968,2296.7208286222995,0.0,1.2539847574343876,8712.23584703282,0
7.86280752415985,2320.562827912447,8.714298043837594,2.048024761529156,4987.671778381644,0
7.750998582071815,2185.367984049262,28.90754703290529,2.793442594887038,13820.762880445734,0
7.07466053077144,1504.8781536614001,46.44346262074927,0.920385991270116,8190.539783841376,0
7.010594737942265,2207.2189009872895,44.78468027100071,2.4959503790823487,5549.777401631264,0
6.0095182907898295,2684.2698210168787,44.43739895753352,2.824878782032868,3111.382100104349,0
8.048242630303802,1960.1440020715186,27.331641160621363,1.6636655929433792,8179.828668191505,0
7.631459416584085,2364.7811996247237,28.447331253800783,3.0165054549146335,7218.534401559941,0
7.738028271989199,2540.636418357279,20.433414631565185,1.585797762530993,10349.122721859329,0
6.210947735998629,1836.1278242750097,50.363882562116956,2.264649597116242,7569.889205084096,1
3.7699856201931334,2019.4788542625342,16.590224245208436,1.8159363892018217,4418.843653193819,0
8.645729067630544,1792.8354038091363,52.0007279037914,1.8158021857024378,13012.154888532743,1
6.281743815987394,1871.1337573242372,39.157064762752924,1.6296205581451728,9306.874638521556,1
5.705836353935319,1684.9578865387755,34.09911043089693,2.419145288517212,7237.673865204924,0
8.04021836787099,1839.8206154487893,21.86579200447067,2.5092832746388694,8493.915594349215,0
6.411981040121305,2767.7822723191357,7.889162776717473,1.9613466802536867,9422.125869684975,0
8.589904576069934,1833.809188363883,22.046944872439088,1.1840190717966355,3713.430158319695,0
7.9255089243650465,2250.583687624276,28.399862627502273,2.241902099980634,8473.08265988843,0
8.025353984800716,1998.8524985316176,0.0,2.2532086156464164,6649.629580118325,0
4.951066433199198,2671.546374814776,31.052896893306716,1.8699709931681436,9521.899956889254,0
8.8179159780796,2724.4649186414467,53.48714736052011,3.120338772308485,5779.454226181166,0
7.391875796850784,2545.6279928555787,46.344358108677454,1.0616424410596077,6185.894434708753,0
6.4460842911306955,2322.453821241102,25.07588248516985,0.6696297738478592,12988.613295692172,0
7.215082701013377,2107.5761852636406,35.93872596830455,1.5614990601813974,11692.736272646409,1
4.33564715065252,1723.2501183235,23.876708611560005,2.4262547204548697,500.0,0
7.612979217221007,2977.411552448879,37.975214666713924,1.3664932175396955,11470.285947392935,0
5.455942737726893,1896.1307928989786,65.80215647488063,1.4114174488843547,7779.043921226729,0
4.970994571234698,2465.4585388131363,54.36997605249752,2.5706128017068925,5875.453811302965,0
4.716461220673163,2623.826229049359,45.41588611385505,2.27752875367865,4978.47579287705,0
8.669032562484889,1977.8878012378682,25.142301752325636,2.2262365457770397,5152.647115160034,0
6.056104909460817,2615.205010926385,49.99876785889677,2.4688573516793166,5960.192165724754,0
9.300591564874749,2505.685281335542,1.262460972538939,1.7448842280362693,4618.602248954469,0
6.196297805421553,2891.185534152706,29.95293036018219,1.7726095555650851,3936.201016782073,0
4.43896306361058,2012.2614134293156,46.674228396478995,2.4858675635368552,4878.859547468268,0
5.325213340077012,1685.654393088114,49.80842428095503,1.1930679315312802,8970.181565197061,0
8.853717430010407,1997.8040978221957,48.39768980431482,0.7143680921608722,8150.270445712391,0
6.766152733094999,2283.541417013733,40.89661378419389,1.7400294958232874,9667.569354655569,1
6.177569055264098,2223.2850908340224,31.08550041832234,2.558523973439415,7800.890482369838,1
7.240027338779181,2042.6248414901797,45.759519396529775,2.153335819392082,4079.962008065625,0
7.752674104251318,1436.3210164091029,15.942779188273988,2.514374902473809,9483.322770480818,0
8.67609822385369,2388.1931984516427,18.106454734135003,0.7902234137461008,4985.932163375255,0
9.17274884483939,2988.93779163288,36.234693529205934,2.189298084994095,9939.842905966801,0
6.460347031316371,2385.7004952492016,38.46395285417495,2.3923187027854267,4502.239991129118,0
5.010928470876943,2443.6542076214055,0.0,1.189521546433589,5937.5701207894235,0
6.379802258315086,2428.9781224620406,44.10292761899037,2.517234554327927,6915.825078296255,1
7.3904207598743294,2358.81866795296,50.454567558387865,1.9330886620965242,10023.214403170845,1
5.554361610684084,2572.666386747238,33.45429525067409,3.842802020963601,8527.991756382185,0
5.564273627657435,2358.1494724742665,82.48932566567984,0.6936583586619587,8060.003966452773,0
7.5156818223248285,2074.9291321386895,21.341297873696277,2.8214686206048505,13657.006355165915,0
6.9270214726443236,1881.6044359964985,27.77825673226261,1.7635051420843557,2489.0505163245634,0
7.04919549311738,2100.41053788773,27.09866187745581,1.029708971335974,4884.867071898347,0
5.8622569979498955,2325.6517985802666,33.47624777417965,1.683826913861005,4756.434565883026,0
6.654398928691349,2073.5668155508106,28.42550374067418,2.1664875448024796,2688.043070233177,0
5.6136502835975435,2325.7354732525723,6.863789107902566,2.6224800017390257,5841.441461341918,0
8.33529761668718,2375.660053480167,24.069034075270494,3.0331785728793053,10063.307491390118,0
8.552874002085629,2533.271772508073,33.04758608451848,2.8531358532226054,6225.057804452746,1
4.230718206642859,2713.117987535592,59.57144164123995,1.4207707875773035,7000.991084041071,0
5.6057337097113855,2231.202967391543,79.04486546745827,2.67809881535967,2832.335516359154,0
4.755206117364882,1676.8893739409357,61.70947795701309,2.234770974272524,5610.423274518958,0
6.024964098389653,2061.958361272324,19.49241940654787,1.6072381874426074,6614.903853237248,0
6.874843045314459,2217.62502696264,21.08380778747669,1.8728536439135115,9927.201267641341,0
4.825532170452204,1465.692497529164,31.81342844981298,1.5740944043331657,2975.250806245337,0
5.6172102803120305,2755.4658080409927,70.69117777707172,2.0222554051618733,6634.973762836586,0
5.494063941877752,2256.9511650041864,31.69151895636213,1.5622052706235279,11260.454090206671,0
7.310900994098416,2352.541133832114,8.449850189251386,1.3832035560695366,6664.750143130208,0
7.104016505554376,2746.2105850105063,24.9764572609393,2.2874714766696633,1653.3157576439635,0
5.91739366999412,1947.9428679430612,50.141120036388344,2.3772383289557824,11837.527332044574,0
7.265231308209097,2429.616772353612,48.79880553792174,1.8874417999450328,10204.690827614999,1
6.179979873119102,2156.0543507592256,30.995666670166877,2.8205907823615832,10608.191525236372,1
6.59251733451092,2126.3652531936323,48.66829347120061,1.843741648102932,2768.6490597638176,0
9.510178135447806,1891.1230448782483,0.0,1.8183352729246771,12537.367177541644,0
9.010691577685522,2866.241285474611,37.07658470065395,2.3962933894074183,5680.171744666406,0
5.050628144608604,2049.799983969772,52.2137084273726,1.920544649033998,6471.683167339307,0
8.244598626818762,2479.785698758281,18.342734496909298,2.050878637415686,5891.668502023989,0
8.217094831737388,1449.9970450112255,18.27322927007424,0.5,10840.811545865621,0
5.277605066871073,2671.9954118759147,0.0,2.010024430842785,7460.604942484113,0
8.228166465632292,2620.8844623828236,66.79791189621389,0.9036824375172441,9445.223097762877,0
9.30689787761883,2238.973644118921,20.596920459568665,1.2674296574006778,8227.703068653105,0
5.316182790633379,2109.2230135448303,39.820865557242236,1.198806476746697,7714.873988921238,0
5.623745768478605,2360.0000022454265,47.07834082966749,1.3744501078797042,5159.6478087614105,0
8.526492200265254,3115.5162643521157,65.24135898282907,1.6706876842206482,13436.421761923297,0
7.4072429662384724,1494.7053204386061,31.922044520287294,1.708104430672709,3609.819114484312,0
7.827214412859285,2512.8109550296513,24.211404124431628,2.3985651225542752,9236.761922104053,0
7.510883824600745,1835.353079138439,38.46135297141107,2.133432688480818,9129.969776321837,1
7.586043881392216,2192.0326414801075,60.681605530845744,0.8593553427092087,11463.068858457276,0
5.010291807533376,2100.8479523685346,31.596549371984324,2.0499767825280846,12164.270097137834,0
8.570976559932173,2028.6726968808978,15.902618368318471,2.1909531479500566,7587.8342017496725,0
8.754384988641661,2195.813948378908,4.184843833692753,1.8028600902482252,9591.182917774258,0
6.655913883897958,1746.3315418888837,10.574052307895492,1.9634684138559784,13294.62113135753,0
6.934784575279206,2611.672174451187,52.28782994813329,2.114186075238234,7804.469699233243,0
4.703338746166416,1482.3425955205598,28.58751047386377,2.458759758581348,4800.69957480447,0
7.771382134026752,2415.905805131337,22.849581801585792,1.0550720075223592,6846.595661901736,0
7.858086162571216,2069.3856589861716,20.680655536321154,1.8534097768162106,4086.0620041565985,0
6.906713474501034,1731.6300424770186,36.70091720400364,2.9050016588346375,9115.450432984167,1
8.686530039805755,2280.953348239478,30.210898124688324,2.8499967849787735,11193.368624421906,1
6.498884153530089,1577.219565317409,29.53735712561495,2.510562156665468,7636.875523797385,0
7.8469088888404,2215.885528687854,61.986478556214784,2.3220948103734056,3137.1198516390787,0
5.470503491961827,1630.8492368753782,65.76032563723267,2.992780849041253,11064.952505173032,0
6.964671773688643,2384.5088337271327,2.79956654182007,3.1507088009639994,2671.1031153026643,0
6.738468613145746,1830.2570665478497,41.55185462285915,1.9225520071718885,3362.1356662308763,0
7.337961883061412,2019.6023931882762,19.462758027572157,1.418340534027008,7464.9848375158435,0
6.445709606749962,2317.579755177265,30.03497772277813,1.837824609425303,8755.355737026497,1
6.802791106492498,1890.9831552631056,41.18556770253389,3.858017308263232,9266.742496275063,1
8.23907075716226,2176.814400132679,30.745601661381613,1.0583861943648836,7801.58134386058,0
6.344853644142674,1594.4677995020586,39.60919761255266,1.7176765162823497,13280.131295404572,0
4.590134348891981,2452.350241438462,48.459404120638354,1.1523853085044213,8195.505023249605,0
9.62437585630813,2905.9655222203087,40.8915360108064,2.0748583177264313,11104.004305258808,0
9.07218111803573,3316.8835471639845,22.063273916647532,1.2783853826630796,10360.863692284094,0
5.0616059573415715,2236.4672586665756,22.416007860593524,1.9347493862998293,4121.378803386411,0
8.034561707867791,2515.281656318875,6.205894067639292,0.8299429039887447,7490.808538143436,0
6.245537844172985,1487.7497308370043,17.921594049585636,2.3705723990507903,14369.961539843058,0
7.39523082299659,2801.093730522235,74.24136723797056,2.733407153880785,6486.947438179228,0
7.4413361935202404,2510.4914018896425,19.15992851809511,1.7696338267619245,5976.138426929928,0
6.648388299525517,2006.4266220195068,11.132423751123603,1.9189219957545787,8511.726744431067,0
5.824351501620406,2694.8723201156035,41.39855723689547,1.9019556615612125,6594.440212219844,0
5.964188421525611,2098.2095693418632,32.7927048141628,2.1085464051350153,5618.886261493284,0
5.6257121267781365,2016.7899267941775,31.08813526301549,1.977098247820143,6550.14981710724,0
5.752266687654333,2390.1339701709967,63.1809193282418,2.4608701714584162,12296.029014105876,0
6.899232564925967,1774.6582000678725,45.982533511167304,2.739823480070567,7590.143925567283,1
5.926360016333872,2608.6499057599794,24.400141365930494,1.5115572665046904,4015.774901735864,0
8.02307809856893,1777.6040752292627,26.5104816481644,1.814402904335422,3464.760385735507,0
9.23086923300389,1779.9780840707256,24.948269721886298,2.540971669354847,14620.414796163408,0
6.129920137944936,1836.1240846366663,52.49479243160514,1.1469985711645805,7329.996891697693,0
7.359106750803066,2503.800015006449,28.837047410937252,0.817567230892658,9303.735502896256,0
7.7495276654544005,1953.2898553921168,0.0,2.135789571739087,5685.868320981172,0
7.708003406378912,1660.8016862531326,34.03360642531312,2.2978078466422955,8962.957907814247,1
7.113932901874131,1957.7280000256808,4.259479977441419,1.5666198872278447,12377.988954804596,0
8.114023627539584,2187.1830517278054,78.68461203509804,1.652809367527727,6043.210448768736,1
7.7233734290209854,1727.611006534246,15.68664172305538,1.5438846069554608,9375.760339845749,0
5.143506366509053,1739.3275563862626,31.762704692845386,1.4798448563933393,3782.7611723288355,0
8.30373409658391,3044.5185336398335,40.16405469402274,2.41609749236276,14068.598355100376,0
8.330936255900113,1855.7738384744453,29.2268367864154,1.2917009078014168,8805.607790733724,0
5.855070843732127,2070.783052490797,29.199391970676146,1.8406862831399908,6761.618466943124,0
7.056906753171403,2053.1051996802858,43.43654572321754,1.4567982994910884,7106.377630141508,0
8.024993489216603,2031.4572768918233,65.52431917592557,1.1268266144592707,6469.885476456993,0
6.686029270630957,2448.538695987641,50.35018163634595,2.522106904848062,6623.284507629521,1
8.609467071649018,2579.25718018882,64.57027757147085,1.6881048666958767,657.5145729510195,0
10.54580874192904,2077.6182273873633,14.067617838129962,2.113064048252454,7706.102803709733,0
5.821020951047526,1705.4086853630604,41.34725266510723,1.095154472119394,7580.363958182863,0
4.928433095269337,2709.7760911395612,38.10492104116558,1.5548363277461146,9465.98461178143,0
7.455727893407314,2161.863563521327,42.0218258335347,2.453652728417003,6430.568760675421,1
8.082343757689216,2892.1287259428673,62.52463941271145,3.552362873507186,5686.891057576933,0
6.653700439232846,1301.7656409739348,30.58421700415892,0.8142703613658131,7976.675166641075,0
9.179890994981552,2278.161288513328,26.889932668918245,1.8793353228263443,3162.8956457285485,0
4.992091300415127,2967.442533550483,45.67961594837328,2.2473683588861,8430.269562603753,0
8.039377934547417,2058.694345824737,0.0,1.6303399080564298,2414.5422214348373,0
6.09120876886166,2109.8026306661454,30.262959017556433,2.5097131921964744,11362.455946492388,1
9.579066859310945,2318.2046766361354,32.31604621429094,1.4799603976038123,10052.809866982325,0
9.988773029752178,1976.481672446017,16.592827673861493,2.092308596129985,5221.44237072796,0
5.850015118324978,2075.171227178907,56.14118022713154,1.6867568573009841,9983.414040014111,0
6.17566429613713,2064.8739623234387,13.755193653134317,2.7316586497728634,8334.542672761643,0
8.289381830469702,1949.0317062294507,32.282539032724074,1.5941812981786367,4972.969306745421,0
6.4193040253157285,2691.542620080224,40.86314450645936,1.7888757222280904,1931.3715283127322,0
6.931883173101642,2384.431212918574,62.069031229522366,2.567413422498293,8949.307050279356,1
7.038082630813615,2300.2512928413207,34.78887130238294,1.3831768045442818,5617.154458594896,0
4.120490265703515,2523.4284027560466,53.72307188256421,2.041250034058143,11284.908709088239,0
6.9792433808586445,2094.257666718613,49.011907945542546,0.9064793937880391,8042.101201645554,0
5.965408338903739,1890.3184726588397,37.46915112338285,1.347239924822555,5901.251910508049,0
6.260315766400342,1958.950278154177,13.209731834530892,2.229278765534482,13393.516199271415,0
9.16544800520322,2200.7132164418435,6.308382781913021,1.4055814942782607,9729.339477809015,0
5.115239658581116,1776.3153166508391,37.13010802838373,1.673256240905725,500.0,0
8.219807780121966,1999.8955933653297,24.146062521947727,2.2958518412287625,6540.824693627401,0
6.581555604502287,1993.5533432514262,53.385221833625835,1.652488315311842,3847.73302396273,0
6.5803597472562485,3049.8224919316053,49.91713036197155,2.493705243929815,5600.606186839074,0
8.185557844077566,1090.4740240264334,31.307780111259003,2.1293976724916384,7565.802803244392,0
7.5100769418533355,2128.1521114377465,11.845741521174613,2.261409867154702,9062.145525762638,0
7.855919495829296,2890.277517125908,45.21471099214547,2.744579359243119,8784.09722634072,0
8.452276990799291,2248.7377856529815,14.641011077296994,2.1918938375684394,11233.619229694406,0
6.503037425225016,2501.3669893684373,19.8307215413827,2.923308374281606,9909.795132526,0
6.081644898238375,2239.9305260399074,15.411685235696911,2.546757369822694,9724.240787376515,0
5.372274210163303,1933.0666475134078,32.229979561200935,1.685928542099326,8604.476969399822,0
5.761884205031567,1303.2336261964347,58.40384668141123,2.775888845012763,11860.396558177705,0
11.423641637963087,2282.182274814521,34.899182595529425,2.158319612541767,7051.170370427248,0
8.86701937110518,1889.7573581590436,26.135626151446086,1.763192174803698,7129.090193794428,0
4.973388450687968,1879.8658375338784,4.487701399095116,2.1670314171925296,2283.279941082409,0
5.016313064884645,2000.4050976083552,46.04249169459686,2.6673960946341575,11168.492131430106,0
7.722799092577738,2897.9445626493975,19.39190788142745,2.273027056545333,7769.222732662536,0
7.820897196066951,3161.9350169015893,37.35035238316193,3.0934356995308385,16800.81711851382,0
7.8233257529760465,2286.8831750113604,27.91562768166719,2.651918334739293,6783.401924712626,0
6.617566309669453,2014.093110435309,51.76354439198875,2.3138960200412972,8265.734388250206,1
6.811818609995649,1729.1094330195158,31.855272159428957,1.3843591503553054,9639.51486082524,0
7.4918192862390365,2387.4160646184278,33.82147290953897,1.8921604915939274,4694.300081033862,0
7.128839509439995,2913.1622400260576,44.714942949109194,2.0429984838505106,9075.643141637684,0
3.671049440878697,2101.063845189937,77.13880364526372,2.417978900730648,8103.984296171556,0
6.6553005541372094,1248.4015836987103,52.76893860717109,2.382399824763316,7088.935430969487,0
5.72289034860953,2468.0198687262096,33.227877873027815,2.1017242461309715,11517.81187622902,0
7.262817128362768,2594.15988458002,35.06395981230577,2.072209949226303,5288.753846268033,0
11.477888503905115,1565.661743845661,24.50281079351131,2.432274137045642,8824.706339246664,0
7.551222498211457,2270.593673465181,16.000085929606097,1.4848482646220085,12363.992874155138,0
6.529705470741403,2380.4904064544394,23.94498425867356,3.0173094915499137,5880.134732131105,0
8.382702252965878,2170.7570791964245,19.55702072576115,0.7716998689019172,7109.342051923103,0
7.724031830813819,1883.6916323658586,48.06736767591771,2.8732456893032174,15035.913690415484,1
7.630141735677762,2606.374889425422,13.57610284262028,1.9728886829449028,9423.17319546817,0
7.910275889823507,2038.648101612527,61.66421122760089,2.6015478885629566,6481.407570072147,1
10.084815347244312,1605.925534920027,50.0409276723766,2.2183042605755676,10407.874280235434,0
5.303667347011126,1380.2102057321276,35.41003458735337,2.207620646546481,6295.719345226922,0
7.710448115217182,2704.339807999724,35.00637222930137,2.3325526856159127,3305.252227519787,0
5.610428305027693,2446.6655905884472,23.85437380770893,2.485432573452667,12117.09183579551,0
7.833268969513372,2235.1894188516676,40.40168822695528,1.802701504047656,4690.822207606957,0
5.621970232770859,2023.8901452596785,56.761849264171786,2.6208794783157416,15355.137874991873,0
6.373949779592373,1988.4006343187493,20.936870754883724,1.3493176258527297,6532.002873613384,0
6.5573651286431405,1769.7053406233554,4.3321582216253915,1.9968016560043251,14399.794044685566,0
8.463725079017063,2027.417742176046,49.06436509713488,2.501581954563366,3893.9867944398266,0
8.37768166591362,1351.96511395193,41.48731948487601,2.5970105477695338,11076.480758798758,0
5.131423935330423,1905.5745386125943,12.596023971176411,2.2764733089568407,9499.178818953951,0
7.082401166499773,2075.6249934595626,20.33217258171764,1.7639645372265587,10513.238676665456,0
5.935630217876241,2443.9520188761676,17.817914518997185,2.5380246670212223,10904.068120028782,0
5.112242633986998,2184.0294146506544,20.50935461931502,1.598380256528748,6506.764573156484,0
6.674474424363444,2517.9692455502236,28.526344919176246,3.0508454442493464,4073.468473991005,0
6.537275817316271,2739.654042045372,29.669053914385053,1.9491974615002015,7847.246808982346,0
10.640074729518282,2623.2680375296404,21.984126898630798,1.0762245834764237,8669.090772755402,0
7.649439738041044,2388.2039389514225,19.836723610001435,1.2831899191900689,6584.466136533486,0
4.933573748868644,2204.7450716723138,30.424313121612368,2.0261861821277525,8832.661910479585,0
6.152838993743586,1807.6847966345763,38.35383069719123,2.0838951627956317,8988.87659352422,1
8.532074943144098,2495.9776205517264,28.674069272703107,3.1817940109706573,5269.920660368402,0
10.132664159304888,2871.898952888612,58.17334046682603,1.3769003974314642,9184.913845071396,0
4.621025031643063,2336.8424158601674,45.16175428841573,2.0236773195823585,7198.363928916063,0
4.1801134222914325,2966.903659370449,3.183082862826083,1.364347155750766,5900.057299389887,0
9.806447763057673,1589.7713167755664,45.47455530827707,1.704407088071958,10362.12541467198,0
7.5844212660563555,1738.3346460881835,47.110879651711656,3.0103832180416026,5669.026364919368,0
5.69756090218545,2542.080603099305,26.305300637516176,1.3181982661064056,6629.9972302858205,0
7.801943629183653,2305.7160840613005,5.096048253936889,2.3522254544407004,8216.152550559967,0
3.0463783914746836,2725.5128706287232,35.16133518822272,2.235744415408635,12122.934861962716,0
7.005063259895741,2193.8113437093043,34.84582697035512,1.9854971441850748,8578.352233172895,1
7.491731759264628,1852.8098309886673,12.567075269336105,2.3116619739150424,9584.864997424003,0
8.386405209306744,2114.562703117983,5.97561567480129,1.3039877708340268,7107.072392010511,0
5.479156071561194,1586.9264116305062,33.24892907093121,2.9937935046821345,7764.5311268709775,0
7.128530742105038,1748.5637307611862,30.33845615898356,3.1549072970741125,7853.3682994412175,1
5.611863060910619,2588.977599167204,26.65469269355213,2.028262818655588,8879.918708051075,0
7.383075633511476,2549.114965787844,33.33178530506877,3.4538636783681325,7112.09728085522,1
5.656980516455464,2345.201713922431,12.944472523593618,1.7605832410700477,12019.999656428628,0
6.387848741259669,1511.5689916158121,26.303587742677717,2.240259196313768,6880.5012844935745,0
5.506276907814657,2056.6385697948444,45.66650061228695,2.859133438264708,2878.2765943838976,0
7.976704362735486,1710.0000445359797,28.000598392974226,1.7245973238662544,16228.38981311006,0
8.287676674984997,2670.6133015151063,1.5605505641489614,1.1710705646723372,7017.893927168744,0
6.64806914506388,1966.5111465749594,25.546154445528565,1.0329697606286876,11939.509361274042,0
7.0573569924400426,1765.7009156873803,13.596830729862791,3.236495938341595,12214.372525879277,0
4.827112878049684,2211.91846604857,40.34272592923462,1.6825852096167333,10835.642936751145,0
6.5504850279898195,1943.9382172661553,41.3767480676085,1.888557941948901,7405.918341207793,1
6.924693074437383,2793.497564081483,1.824507498279381,1.3323415530073675,8860.054459623028,0
10.931189636544962,1906.0756409863236,50.18025941164378,2.569003567597513,4176.469372085218,0
5.332049461338754,1640.3086963101475,12.75627397442883,1.531064084465249,13970.443321454828,0
9.196265858128656,1338.8345936969936,66.18364580964703,1.705242183403207,5444.582005451991,0
8.495288160198712,2187.685399034634,34.024474709987665,2.179712251649696,7238.297111777373,1
7.420954606735204,1975.2279544568294,10.072130029216755,1.3615724436526566,8296.959461120752,0
9.6379307262927,1628.4381573953092,12.160278586146372,1.8928506382914647,7677.68073548912,0
7.558158208910294,2675.690584502314,41.9619058357469,2.8413257537019616,6029.380153119818,0
7.583738793501893,2466.8980589716966,27.174002202032447,2.2569526385101177,12183.017156164064,0
6.920319020473682,2188.712848425108,33.066921807637186,2.0783253754570152,10850.837850464839,1
8.835353323627942,2745.7304976683467,67.2556046539408,2.128918825678319,8966.141612977079,0
8.644703850716326,2465.0144133594454,21.015118715418495,1.7665189424140617,6801.34083200975,0
6.061484068755681,1870.857639392627,36.19925715391413,3.1976913918529553,11192.827615533412,1
5.021129208101849,1784.3119344036936,63.39688974746106,1.5127057216795596,6606.594101667303,0
6.6955290439065145,2527.1926177815444,40.410269509328,2.126555697178358,12711.175521013447,1
5.7999421534035305,2358.5467825869405,2.8679452928398845,2.0690153398056843,8333.662746450284,0
6.904713138076968,2267.8991071882647,45.10778023464273,2.605257504279881,11689.344580918145,1
8.856157202026209,1861.400878852437,11.739942844331118,2.6619043632761836,7658.53902144925,0
6.314047517369815,2443.1790268023015,63.136150574659304,1.9807887173077576,8214.599546122834,1
6.935764928032638,1897.8004467464202,18.542647900040443,2.17439989586783,11676.263184376,0
7.087034102212593,2159.2053381625287,94.39019015491328,2.1971208523483687,14581.775455413335,1
8.272646323307928,2778.7776585547917,64.34751976655356,0.6367150066576357,12681.100452514644,0
3.629665999023092,1935.6663056759417,19.06774860744043,1.0466062385133348,10631.40385813355,0
6.089949557852055,1570.8042971708555,35.40027610003221,1.6369617855668177,9767.850298872789,0
7.316925538419209,1778.981123251956,50.07288563266927,1.6630407941738787,6479.153929221122,1
8.800118434640291,2597.719530675049,50.673209484534155,1.2804305468215207,8885.689223316298,0
6.262146328740692,2301.892454952084,43.846725199523945,2.449749542824178,5260.852448009805,0
4.185170940937189,2148.4490485244987,60.043180739322196,2.0012710526104835,9127.346401054321,0
7.929567168949204,1996.3624778753722,32.54062106731261,1.8711832715678978,9320.15198208072,1
6.046956416761556,2394.1439630212762,27.665646628479337,1.246306835295568,2117.4645755954252,0
5.215500011364458,1860.3580596039105,28.06272024150779,1.973273081453127,8116.215827575121,0
6.063481915430164,2322.2662274570384,52.16746463944254,0.5,9244.624697267316,0
6.723211963516226,1907.4981724748172,42.30362080605292,1.9022262135164953,7748.8704285829335,1
6.09288300319268,1840.9362458899784,40.825673313805126,2.0379102012846535,9074.146516569712,1
3.6916509143513965,1945.0050260699954,50.90468498514364,2.145148990592899,3974.8332699310577,0
8.345599295330699,2049.8370214064153,0.0,1.0615389419124321,5672.407083319224,0
8.912312561918084,2180.4680656265186,41.201376477503004,2.134890042014885,11104.814489491797,1
7.977282987009259,2294.1823180444458,39.371377777474315,1.3751412380812744,8001.71499693733,0
5.293471494362775,1000.0,68.3761616260141,1.5125181006245998,9019.636943944726,0
6.697762699078723,1876.939776901294,4.428240354726661,2.430758831493599,6360.436517874264,0
6.990218027155813,2043.3720090575844,66.14373264753516,3.2084682340158466,8058.482069830569,1
7.898191584342865,2802.024815443332,36.50818257849332,2.030815255281608,1093.9634595944035,0
8.002510733077122,1767.9989566471472,44.7797906132009,1.5097427248158608,10538.0358152623,1
5.898739301832256,2265.118647239965,68.51837575218752,2.113202268505999,13423.79851685741,0
7.1229933346203405,2798.0121238943348,46.21522536011146,2.5634174944994874,4804.947352356077,0
7.685920606922862,1674.812588021091,43.00736578925122,2.3725985395236413,5179.003437471296,0
9.18373348322015,2357.590090345761,39.84582371604637,3.645867723478247,9322.639694712447,0
8.056759809737084,1879.0912664261919,25.33043730011246,1.5707974585432,12421.637871520237,0
8.183585031063279,1998.1465030843062,34.43021750979214,2.151338887951579,7993.708047851165,1
7.125739941894041,1878.755666418674,20.68974467754503,2.9293507720509218,4312.045937562488,0
9.115688717805256,1907.2570766336457,34.10866201149036,2.891695542211119,7374.14829008638,0
7.614644193939246,3288.764859162597,0.0,0.8299532440853716,4910.203759064622,0
5.708368134739644,2537.7823488286663,43.580791351350975,1.9979854279760112,5993.4611213936705,0
9.105054955187786,2640.695144714484,32.56525492432749,2.8907124595092197,7087.87670254005,0
8.046854908808541,2396.7973947345986,28.275925266664714,3.7343857942394827,5212.026235275118,0
6.335433968307276,1557.4972846392168,39.395161678802864,2.422277530250491,5666.282827476305,0
6.280760548901135,2357.983188129323,6.328721540691188,1.7792820237821099,8223.602000666731,0
7.4448633177111425,2629.1718458029386,73.58539993242564,1.394478108537566,8645.10743641169,0
7.694777192901377,1858.6402103843554,32.944650770248,3.331246014518509,3728.058998537099,0
7.295938398446809,2586.1306668644506,32.08311134055621,2.4372449518794554,9189.145167528011,1
7.466963010164327,2481.7344839416314,15.692075797341552,1.4911598438687497,6854.198410605806,0
9.549936061864571,2940.8160179254683,35.47892764898523,1.8781061801997314,10160.784570657826,0
8.607314728352328,2032.8867949945525,62.73919780546561,2.1861119100972224,10341.49256206358,1
7.285953386897536,1760.9556070897092,55.71832418864068,2.3262839923328706,6366.376457134854,1
8.411965871151224,2055.3487562509818,52.08875502281112,1.460228805472526,9842.4430821132,0
5.451214144708691,2774.2283972654495,45.92797903334543,1.6314857491247043,5489.13188090351,0
7.596890574920213,1468.637647663215,27.829149448747806,1.008239262576224,11971.28618850587,0
9.713959524599666,1372.6497138275872,5.996736659265963,2.623857373762869,5602.591397430606,0
6.67293115691144,2235.7581115726452,30.979224562667298,1.7950289199378104,9058.248825876539,1
5.728549107071373,2022.9642828903375,30.282570709326457,2.2797929895099753,7437.17256606716,0
6.021866667110409,2203.091157270274,55.975888793424815,2.853355105145796,4949.3164572871965,0
5.365550443986417,2578.124708494346,41.1878088491964,2.1319220854243675,10702.747285355927,0
5.822857137808445,1978.972261552459,67.24623055807096,1.9322177144305592,6157.604573399627,0
6.444237852114957,1450.7976676277517,58.94977080076349,2.1163528861303607,2899.783505065081,0
4.8916494712320375,3017.792622879978,25.870087809918086,2.037916162310136,500.0,0
7.023427500924405,1801.1086850244897,0.0,2.747698998726767,5374.865916716088,0
8.35341576067997,1776.385151195161,62.71150467882962,2.186503038523274,12127.72525789692,1
5.638365729779619,2641.4880054890386,62.18770446461488,1.6733593882526525,11773.21540251098,0
9.278925885462654,2046.2043515833927,7.675768181955476,2.6287094341338504,5844.204792957404,0
7.766188132791392,2174.6440591860755,65.18480039655002,2.7382906138150114,6876.635255895862,1
8.545870878436086,2393.1160496241273,42.642343411850355,1.197001623907722,6605.260773331931,0
6.013248169221795,2633.433241243998,38.21370996251306,2.919670330860863,3999.703563651294,0
8.281787840599923,2066.615722727291,67.29566508494655,2.218827063925091,5153.504385129971,0
5.3620991494070305,2807.9808023657197,61.8937034646123,2.169961970087959,10943.448558202355,0
8.335371251254763,1345.6800605060778,48.02661903990408,2.603974778957909,9511.6636141382,0
7.257759009690297,2503.914894781231,44.46434131623966,1.6598141653974328,8819.266575589667,1
7.8298768299771755,1864.188976792937,47.327885810607185,2.572498708514554,3994.5601650174244,0
5.236608091562722,2748.9085266431966,26.99885132234948,1.7739347181572869,8302.109642101934,0
5.657395236585093,2256.817791532218,33.89797100535358,1.115029592173797,1088.4650915359352,0
7.895842327380077,1930.8378671962394,16.953656908109146,1.4013462325358395,10528.408073781598,0
5.577477993663699,2465.136437208653,28.339204485221625,2.340213099741936,8775.724702211424,0
7.694809438148685,2557.2753388829005,27.66732242662134,1.4327189960032052,3964.302643700509,0
4.949293290309631,2456.757649143455,22.293892607566708,2.9660456739137895,12849.276672470121,0
8.272261319000002,1788.1215041467758,37.73493005296926,2.713570072063786,2611.5060224942563,0
5.151215027847236,2006.3931505511662,28.520382985988455,2.800063499619779,9590.918546748808,0
7.8284499065192845,2198.370865151426,45.04469440703948,2.0748671478064473,9665.515306935986,1
7.938446400469001,2183.496138939976,2.55358773412469,2.1547169703769757,4280.988681942557,0
5.954842272355638,2499.898190175339,32.732904117854005,1.2837728874534335,7886.447927569649,0
7.87303985062709,1394.0395069973567,37.631032803549914,2.597470106094494,3089.516473541411,0
7.390663395000334,2333.730821821401,28.787415203262388,2.2279000730222513,500.0,0
6.1917372157108925,2084.007458225344,31.552146003815373,2.340383375175356,4796.371319205024,0
5.487167973885688,1864.599753446419,3.2950797854028515,3.0129870868717292,6150.12517321401,0
4.056061462491131,1903.00528889216,42.129542093389844,1.636422209631494,9932.768542432375,0
7.52447507094954,2114.1849341928146,47.952119651341405,1.9243150700736091,8202.224255182458,1
4.652795842956918,1000.0,44.87074588407533,2.1960025529253007,8280.636378158439,0
7.143016299161962,1919.48417168338,55.774541188843656,1.438738756724776,4956.735130149245,0
6.604827675876626,1849.6740701414826,39.03059211565004,1.8874407072338961,6409.9660878758405,1
8.018714163157293,2413.1132837290497,44.57362361301874,2.2957698862801816,5210.220170392517,0
6.546931750765204,1877.7893269957917,38.121814769137046,1.8047472371763014,4325.0779789105745,0
6.505828320479363,2113.954479931804,48.75101439184988,2.785393645837467,6218.901719038228,1
8.097806056432443,2816.9106510645206,3.4554072773575584,1.0934452629098037,8223.537155289001,0
7.502587043626177,2597.7406079261696,17.128380640439783,2.673662744140005,6282.08444172739,0
7.474233935774167,2560.908559977381,66.73799314066181,2.396711284889603,7029.491991725081,1
7.70390138471279,2000.0510278356592,0.0,1.6587028474660455,10084.744432734171,0
4.696641815189341,2417.212911715861,32.19644140349312,1.4453548590620011,6497.73674392789,0
8.135183019980474,2106.4408798185623,58.445499192161364,0.7518304296545291,3998.1001070363254,0
7.918703191020404,2121.5627157292247,33.134786689164706,1.5228949925516995,9690.360564803717,1
5.474975307135255,2363.87413749862,26.89977857098605,2.6283059930017982,8797.548945524853,0
6.633879289488698,1961.202564631627,37.588433536306006,1.9663485642327954,8985.978494516943,1
6.9410390685585535,2797.201241777281,27.93759639995107,2.697788528235105,9877.515972607129,0
6.798254823397401,2135.947944160825,35.61698985513878,1.6280773576252687,9369.924581923835,1
7.500789949852802,2447.344226503866,21.332379269597407,2.424263696063938,8086.186077413912,0
9.147050172746775,2782.240191702919,57.17348839911448,1.569500838749347,15174.35798855628,0
8.622650091509243,2612.66150983007,63.46529842131322,1.4206549962740966,4145.093761094136,0
5.031671209852891,1636.4323589237902,32.332193557767546,1.9357236696975941,6240.748164534325,0
7.933104985459073,2377.958358003954,7.270211586175137,1.601020093208002,10902.0030940345,0
8.993399979303113,2540.2877577842587,24.523136593732097,1.0743067105776727,8427.758876286724,0
7.580212781033804,2556.7452088642995,31.320226797940716,1.890611179569804,10273.769102033715,1
8.63647063777895,1754.6820663541475,45.11077753806416,2.0638612498587734,8509.269288610614,1
10.018405668551148,1937.1859051930705,14.839735536586439,2.7610151668976406,12122.169653479945,0
8.535564319160471,2597.823294296649,19.61675362715699,2.562083406279836,4977.4674331002625,0
7.373962893462593,1895.2958517269417,45.21352275717615,2.731965919539699,12027.379668220128,1
8.56763271112713,2080.121577334274,53.77817664079116,2.432214499036105,11512.9894796128,1
7.217331749645337,2830.350323800788,22.568119096586315,2.199567655369985,4369.13265730886,0
7.035854564927433,2180.880299846084,8.33565892098008,1.2626330561168646,9891.996229663018,0
6.472878646429401,1909.2903448664629,100.68236402575768,2.0899233187611648,7870.880203290231,1
9.345120038248162,1848.9530572548379,50.66608474177427,2.3580762663984887,6180.253942642808,0
5.7723570010869985,2333.0877318340754,29.65992476465937,2.8744627696222618,2334.1424308468413,0
9.298551587017174,1666.7407966091164,52.380625510616795,2.411773125039088,4967.5589866480495,0
7.749796185610557,2101.065614441433,32.51086740571156,2.744230060763253,10124.336420553767,1
4.9010407377970875,2333.2922139960087,52.34313778200372,1.3808012651808568,10441.52380778167,0
7.551473939487132,2719.659928219067,38.18786395552444,1.804149424311143,7367.868558271485,0
3.8499602385225637,2467.019232147998,36.82543796335146,2.2576104281967626,10450.955429429852,0
7.938262025246553,1914.3739528071285,32.72836263538423,2.6965716144455367,10835.780233682412,1
8.327847224483486,2671.367727025488,6.052373330738202,1.9128628124966482,8463.919875879043,0
6.11146606652192,2080.193984981009,73.7618979878628,1.950532424510508,5832.999128449387,0
7.185321543933373,1705.7187911802364,16.169321594645133,2.412284183601787,9323.162338446935,0
9.93123615062543,2131.183456293811,7.799528473788108,1.3244775037129255,9460.95412297659,0
6.241379943607095,2775.2676804582807,30.742802344872654,2.964442729894057,10021.83317105093,0
5.411638619415099,2266.09602002597,15.770563729789867,1.472518344135389,10596.209810006718,0
9.222495103693898,2205.0087457319146,33.96574418879458,0.8488463458644182,3913.506284236335,0
9.943880785796193,2854.8846578811413,48.755276971235375,2.0060402051135484,6470.212263902774,0
7.005543507771771,1627.4580611782292,54.90605801058446,3.019075221425339,2304.1359629365415,0
8.517194553112535,1685.760354378891,51.29461443243363,2.351871878200166,10240.988115066042,1
9.012213873296322,1553.6614116132673,28.887358904286394,2.45065432580218,7363.065656058751,0
5.886273651192424,2349.059274592022,35.99183655323172,2.0248314573842685,9292.442212092245,0
6.272041246948198,2266.59725084605,43.157581017949816,1.9085735016372938,3572.963755429525,0
8.846311769732102,2817.0945469119106,0.0,1.0730543782441306,12202.942549079151,0
9.527521418062765,2297.390030854708,46.41169400239719,0.6443682452574884,4416.982506142175,0
7.844321290261532,2038.337136208279,5.85401424832337,2.117763403064518,10323.689913147377,0
5.680278469746918,2200.717949151243,75.80693197812978,2.7875295166041356,8353.850512677625,0
9.980591667549161,2247.082967384383,26.909698307166096,2.206480222896839,7431.671667421463,0
6.203543653282053,1531.2954906687332,31.302496456108177,2.3741597162312083,7189.5196801634775,0
6.497293328242822,3284.1326577339573,19.60585801524289,2.9502305273837237,6085.8109720516095,0
7.5135067517344325,2407.9484072407645,22.400599362886204,2.197260110864635,11885.588530702305,0
9.331240631072161,2284.0033232090354,80.4818713828648,1.9264069398154282,8037.838503056728,0
8.280963964828336,2446.065593711432,53.80739377246596,1.508885116609961,4192.33540894034,0
7.622298250542865,2483.764392234642,4.015951097043235,3.2133275377832513,6848.119393895479,0
7.694932795177159,2143.7786057990274,65.08425801370458,2.315928667492208,8385.017081608816,1
7.065272002965199,1947.5035455037198,58.86484550282863,1.4338389704484014,10693.415844335977,0
7.837209271777759,2439.7802745286817,29.375750754234232,1.2972993993192579,6186.140838448378,0
3.2056598834585452,2354.284336212581,41.133938840596755,2.7518382361573477,6386.670332586356,0
6.5550888113953025,1876.0439603642367,34.70111841157851,1.3775349821550047,8070.2963814422155,0
7.361982902375171,2767.614244546906,74.45159808893865,3.1123004945013326,10620.274459841978,0
5.273478874570739,2317.3408145291933,19.074196220158193,0.5,3893.7363932119115,0
7.57948497671734,2491.9277449070523,37.92021219551454,2.853557118673986,9516.063892975237,1
6.6932931685208175,2756.7683550719676,26.437093380143907,2.2921368866971785,6607.812409614032,0
9.633213547473236,2208.755528465934,6.339191907642917,2.0711566538341244,7026.70225475454,0
9.359529587822284,2326.780802793646,78.83276510109974,1.8947249389749423,14004.727235389248,0
6.301291646322756,2524.0108954024467,11.368668417951753,3.134437909156418,7410.592326345423,0
6.773743432649957,1910.055566479979,39.40258374975552,2.424235315040722,10264.08125092574,1
6.889078651587411,2221.6206651384005,0.18598787239329084,1.4580778346627292,10156.741511610046,0
6.322510785760566,2250.2194346604592,27.018589215138135,0.9686540263826713,4459.92825770448,0
7.29253747604219,1817.5765793266423,43.43937642866915,2.106378327888385,2463.817024331288,0
5.862576896668615,3127.0547154695514,18.505320409952745,1.9993573198775514,10462.946277250732,0
5.304076997593711,1637.082622603039,46.736037014713105,1.0880791775746945,4749.361422654443,0
7.934066835850403,1680.7584385251369,29.61917816223835,1.9667638847105986,3007.451136286919,0
7.944294376332716,2725.690630281432,58.20165024797227,1.65563922015548,11078.486644532593,0
5.793526360510011,2485.306500318617,62.235218266804466,2.005574040984017,4941.719798673221,0
8.343033146143899,1789.6140730076888,23.265104785399764,2.435554166989041,5682.447572946818,0
6.052633406252003,2442.915606040677,36.53465718785914,2.8955659684784214,13923.119465267886,1
7.379747857056972,2787.1401779989237,38.66908452944465,2.5453334218215726,3020.793915855287,0
8.230516018918685,2187.8947769612055,47.38698590869397,1.5671355501018767,4231.1418757792235,0
6.949581152944431,3239.529160029833,35.28763992488531,2.221349077297517,6620.905572578238,0
7.682111368211702,1510.3752756527858,38.80421918685684,2.0378642728952143,7279.229480496733,0
6.225355534168642,2477.5293815436407,30.13187050409761,1.2007226272214595,5318.76415364704,0
6.705300124857854,2666.6113344884016,37.30479733944037,2.2389396708153635,4524.034708031251,0
6.69121085367949,2556.5375606420985,60.95880387070265,3.1140034027506283,12529.982973295791,1
5.8801324801896415,2118.257709341741,47.921664824237084,2.0194559625122026,8788.958372314146,0
6.734838755326327,2083.8234071955403,49.02511278886738,1.0434903921647596,9755.506232627564,0
4.67707255170438,2377.658068434903,49.46140648271157,2.0181612026651714,7588.324470324392,0
6.263269379286843,2526.301794660828,31.92382444237929,1.2717726806160499,8868.36484657741,0
6.572686759945494,2440.9893745129452,41.376540871590606,2.5181633041317726,10798.704983328771,1
6.61573037125693,2616.0231563173556,13.29652643328511,2.314918995035077,5011.102956363996,0
6.637753831193832,1792.4520171733059,60.37615312633914,1.897453967915154,8794.507989553946,1
6.907353700209806,2108.891608350546,0.0,1.8013014404865073,10088.126940223674,0
7.7191622771290955,1823.9936271504985,33.2570321532915,1.872659419030672,12634.39203915278,1
8.311775611198783,2045.5548895655434,57.81791954300549,2.0049646966053922,13843.672939405285,1
6.0253521597276,2606.088356725722,7.722641327413168,1.5366589871950747,8209.579390945284,0
5.195198716916283,2243.1935682900917,42.99559835233702,1.1673481513991377,11415.916849061403,0
5.436933381635345,3242.743665259908,21.384671068419465,2.683219368016789,500.0,0
6.269195618207609,2277.362546875887,27.623934696222626,1.768759414101825,12656.848728130142,0
6.472118023275236,2223.8767522318944,53.918819212788755,2.1002258625014867,5822.3490148375895,0
5.845005900703814,2242.4731677760865,38.961138517703006,2.1711691707004968,7276.707653036327,0
5.055825003625158,1944.8765228560255,0.0,2.1932122877931284,9323.313453101064,0
6.315818758788717,2176.8653550489626,15.47148920536803,1.2957092017409455,7539.672898053459,0
7.272139930170957,2651.1152108446586,54.506714697775195,0.9944959012688914,8589.360138704404,0
7.892544198753347,2245.588267251109,43.97885436385995,1.6467844851848048,12763.07890467843,1
6.163865420337518,1882.6161080466113,69.96271145048568,2.237426919450172,6847.339863962086,1
6.380503266784849,1829.9661518085459,68.65295188026595,1.5632300795154122,4739.228550498339,0
5.609952536729034,2019.9192433336627,28.155097397064164,1.78704718778046,13440.391571895652,0
6.952841244437836,2229.545373764352,85.06475610138978,3.2763784482497407,9580.292651014031,1
5.727357048713778,2677.434614190505,35.48959339703821,0.8927456691172786,13766.71692594039,0
7.8596917198618,1663.8045434534251,15.74662931181949,1.5469796024537008,10590.889731736712,0
4.3212002620988335,2072.0694888444973,22.327202681788453,3.137962441144357,4029.21682395969,0
6.460555491321307,2257.7240077740316,0.0,1.973240796802866,9936.154015270644,0
7.451661008787613,1466.517692948226,67.14038016498563,1.5764089007006536,5048.155802352336,0
7.275751774483757,1866.5606868134373,66.89523978087728,2.7012613502066722,8022.295407319001,1
11.039550495970744,1928.0445841055255,14.68985122373358,2.033138261888667,7772.856789176726,0
7.524700036851861,1881.6118504598007,30.44231423236188,1.7910149629735963,3147.008586100831,0
5.493918104736984,2276.755818008659,36.91215088225155,2.1154213562225066,5561.5685313146405,0
6.85680362936639,2135.776156199281,15.792938957157723,1.6051347143703403,14615.5619004773,0
4.335630499800322,1977.8855589595855,0.0,1.389505362267153,8715.132214523494,0
6.879100376054859,2371.185050621054,30.792847924461764,1.9318418434191509,7473.211596011143,1
5.750415914498862,2889.2298870585,28.578411410815065,1.3934018239543957,13438.670659822776,0
8.373085413340242,2855.702606696701,27.231775180224496,2.0064159870778884,6811.294069792494,0
6.175689588106698,1430.8912911750654,39.45432125201929,2.2126439404846034,7725.73891409264,0
6.82485112630713,2430.8288735340557,63.590393170519846,2.5118362736309665,10972.408568368548,1
6.046663237893394,2128.7906839744646,28.938145606165477,2.6767549913100965,6797.792604150951,0
9.608277027779998,2262.0621371461425,38.40885997442726,1.756558099020649,5760.437781942496,0
6.518135850823133,2040.6867865829806,49.53741047489872,2.2996487647634414,1238.7307539178473,0
9.748835565218803,2247.035451954881,46.082858530254974,2.295514067723814,5190.5050598517155,0
8.2212276431774,2260.5629584288076,22.71152951104316,2.1966912294895904,5161.91676203116,0
7.723100091003079,1968.4192970604308,36.92754246228072,1.712324353429725,8475.70008640583,1
7.553099720976279,1841.4529808699276,45.95079640338106,1.3831593125215336,6168.625202816672,0
7.590695947324377,2020.5217269522063,12.432973249784446,2.301201133439936,14474.057032571589,0
4.1084911309815855,2293.703705782706,60.27078021593016,0.97588246268417,4827.113209295581,0
6.5816749087738655,2439.5985366737054,63.63177810428222,1.8392963404590132,12201.940060572215,1
8.267736956776481,2541.339590936059,20.544394891110123,0.5,8659.258865382648,0
6.926654224788842,2002.323990773235,38.873400366963374,1.198158545985042,10420.322107137166,0
4.892215229794637,2313.5378269210946,47.845565133420635,1.4737196369315453,10238.05878420761,0
6.9213933241337955,2585.0010367813193,24.087716873424945,2.6580345245775705,1345.2934090627505,0
9.556158274383236,2666.237958057651,44.632276913761885,2.4128648146425613,7965.341963070328,0
8.870337573302079,2176.4668583473913,38.26511252584331,1.6676391896946545,7213.315588298504,1
6.906993985950953,2111.627310024155,5.641636447223984,2.4376218770778504,4601.065715926198,0
8.42717391558713,2276.449693534557,44.18322631957116,2.532573778028238,9378.878111647606,1
6.450239469447922,1740.1170108410377,12.997151674579285,1.903601090975167,13149.620947632415,0
4.444192619759922,2122.5561955857966,53.78405703324094,1.169373113471786,500.0,0
5.613301017805668,2497.834559389252,21.575778497322226,1.8752526139603314,6396.590972474837,0
9.344333152762296,2456.7788517774807,31.7742913267771,1.9412645568967182,4262.7015076591315,0
6.589010377256043,2091.8929582544442,62.4455782689315,1.2605273655018645,8215.33347871308,0
6.634924030937473,2287.0872804348664,44.927632930576905,2.220228075757981,7023.136150550012,1
6.550242705587679,1870.139863883725,13.410521608509093,2.167887112581413,6182.968361728465,0
9.85620488435951,2481.39685929001,14.701668584018325,2.267025619936512,10068.520484987177,0
9.438938373043095,2168.8714255454106,23.013944227525492,2.167353858300466,12908.543903171296,0
10.3281703501722,2089.6194193215447,42.892881667133324,2.43790582106899,15983.955955273506,0
6.761432184399923,2055.3104655626453,42.165996298655365,1.8924031832761812,5781.1128545942365,0
7.443436733120643,2174.842453240057,18.137953906742617,2.121071064422572,2537.373344545792,0
4.725036175868813,2020.8489420272167,11.655810287712818,1.7613558294526808,9677.589302235021,0
9.215401639177411,2463.2572144010255,40.631668101716684,1.6493004706268297,12831.45420596961,0
5.248330673098097,2041.8865807935276,31.36279868419676,2.8029497784572452,10441.069901122184,0
7.325163345643944,2837.1856384109524,78.14431774895475,0.7737387790841022,12819.041118590932,0
5.354046208550734,2786.084201392552,35.73207313126158,2.5260559934925584,7323.539988193642,0
6.116699759891956,1843.382604058198,71.2850565540055,1.6276754747326037,6171.276680680615,1
5.744106353425449,2227.881707771712,11.592328037913198,1.5499770934141275,8346.307722203937,0
6.088187108986273,1939.737351465522,3.535741208765856,2.1569464904392444,7008.340437899335,0
6.191315945276532,2069.3409747245555,12.598297349489307,1.1062342325893983,9989.282064021032,0
6.177596807612384,3000.970987057919,58.78259562906933,1.5103861568322783,10909.303334010474,0
8.250000867670462,2076.97143315368,70.12203179387068,1.4905162120922049,11144.250993715657,0
5.34270581040622,2344.0904148309714,19.35641092094732,1.867161045088943,9531.77801241317,0
7.3308121405208,2416.5285176033112,25.788679404808846,1.517517387103587,8737.4669800259,0
8.826938728458337,1799.7482510067039,11.620381795750006,2.9606712113835614,10383.280067752545,0
6.230205453229906,1857.9618102363181,0.0,3.0782099098987725,2111.0242770418363,0
5.9231216638785975,1717.5910514367524,49.368233955532595,0.7868038863511622,8631.712257001825,0
6.654213062229624,1845.6117064408893,39.46040605924326,2.3265936228594417,8157.434171511353,1
8.769587812541065,1059.987956273127,35.20975965347751,2.5151980634465447,8639.241187914664,0
7.291161446430037,2417.832960317451,6.998869256732402,2.325791121434663,7737.1293612373065,0
6.203178558088602,3021.6775365024278,67.7991336365732,1.6051319041449834,9295.566480384849,0
7.725814976782059,2259.1282956146106,24.93286523901054,1.853542662704875,6276.191235397954,0
5.346561775245365,1633.492456263757,45.67252849632952,1.5510352071333826,11388.57028836089,0
8.022039265664421,1942.8894468400208,5.9087718951055095,1.7478415813047028,9420.949332240423,0
7.612910961552651,2016.449261990001,31.18949620759925,1.2740209827996942,8452.057573651582,0
6.538287293291674,1792.9660891146498,40.827489124771674,1.93112670701927,5907.450288091641,0
5.742121302329154,2544.0730553580624,41.54150436106615,1.098318973216958,10445.950655623716,0
5.669978616574814,2524.1040177501336,38.0929708647325,1.8799192674631173,8619.979095483473,0
7.802226004518865,1737.8192824729363,44.89044984097545,1.2508509865401414,5733.549819389251,0
8.843470753733593,2490.032417779003,12.389590879340776,2.124089817074842,7830.015372760285,0
6.044038379456808,2810.725065430906,38.9474521087932,1.5923482634342656,9887.24785772372,0
7.687580055327226,2961.023282091824,37.275153669605544,2.1743482087247226,9654.720616459475,0
3.8694594720968967,3346.084809234385,39.633453683901216,2.648948437018869,9461.026903424465,0
6.1230734040142005,1839.202940222721,36.44690434638363,2.953668161662825,8277.594175223232,1
6.953411600693647,3329.6881705580813,9.535744521732049,0.5,11077.45859990569,0
5.635474874527249,2058.3174445964846,8.644004957820528,1.4994835436757303,11713.38951143483,0
5.595240437815606,1963.0138178477944,0.0,1.8181483537327916,10211.96784702662,0
5.99833066529667,2330.828949951138,51.35069019690595,2.2761966910288898,6237.646175432878,0
7.43828909248956,1967.175466362795,51.553150194703974,1.0097872975072826,4825.814848128448,0
6.719006472390438,2359.6176562586106,51.871005824442406,1.4107445559198708,6368.180699085219,0
3.642653150012542,1671.9691249050793,41.13579924922904,2.078214321594266,13860.970243930169,0
3.818949771047401,2104.498959174626,0.0,2.050932944916,8845.08774148206,0
6.089702233214237,2714.232893744672,14.465790164294678,2.2265710438520556,14379.325482579156,0
7.686529879080328,2177.1754834275375,38.40830835186224,2.2662054361328696,7639.40496923769,1
3.0,2256.6383146959533,37.710360055835906,2.2031566598695176,7223.558988521236,0
6.250404735772554,2390.1034418869244,30.545035736959576,2.1161931899788957,7777.830390067779,1
6.210628215223869,2668.264651727064,42.378344058164934,2.0334438639958208,7723.47775984009,0
9.082506667312671,1537.9101151242266,35.233034153704914,2.3988578538346177,5679.047264396828,0
6.422467282430705,2433.809620734974,37.41540931102723,0.6564064000614649,4553.45519549997,0
7.574483477111393,2092.744344303295,22.218693343359675,2.9266000921827406,9504.009881542588,0
7.211885710131195,2266.6551581247354,54.64021972243181,0.6773107694718057,11164.702152792092,0
3.804150280289199,2623.9800679049504,26.38456782639232,1.352502909857305,15334.943901999204,0
8.152310824947605,1722.3253394352623,8.387018339587474,1.8639435220099132,6698.861279926933,0
7.323094758184432,1794.942223422764,19.580019743625428,2.4035677346539055,6942.033539407775,0
7.762402959511885,1425.8280161144776,28.030676172760394,0.5,5686.312116646948,0
12.0,1980.3364232944894,54.88005576737693,1.9831254056348993,11377.1822881207,0
3.8738305907521173,2732.1729377515267,34.15464003130414,2.4754370236494405,10444.962364388794,0
9.587044974641662,2151.765124610612,31.27703562068702,2.596710869617086,5369.196254376421,0
6.568828720899466,1663.9500417380857,10.026731504747453,1.5816022049015248,5293.40573908117,0
7.430993356604514,2005.7285021699813,50.70965179659153,1.8194988278269806,10857.544275787692,1
6.931731632048137,1604.8553186037507,21.960956919532286,1.6303111226644234,9149.588453625223,0
6.363645499902935,1749.9255593075354,32.99944282117328,1.7643952078843494,10275.166139033432,1
6.145250607641862,2355.5275641054855,64.6036615376373,1.380904069562939,5351.694564983261,0
7.494263103359514,1730.4506694775885,45.17526662098609,1.4664487025174493,2366.82540826938,0
4.724239454992482,2645.0537220813208,2.4349190456965104,2.2606261532170207,5375.10494995949,0
8.125868751282649,2171.5518836678657,0.0,2.0789692239636453,10063.30019003368,0
6.375708392672119,2234.23788157781,33.71379099761508,2.294951904554284,14333.173935904673,1
5.304895991439463,2088.6508129568424,10.745187702503898,2.128408633820502,6711.608031417176,0
6.32498071300628,2509.1391354174893,47.97093495265996,2.422603160688557,14827.567645630597,1
8.885723825293859,2513.263955110804,35.84526129929959,2.5269283988929967,10489.459302475065,1
6.196997369475666,2334.021740764869,38.30769538047726,0.9549700280803377,3820.9030948735217,0
7.53768042731443,2425.9156423630593,20.86513636715294,1.4874142097513825,8642.101513433096,0
5.90356558642679,2115.16413203183,69.8276731057341,1.8611744255059768,10591.922835235582,0
8.136882774885429,2416.8812027636195,91.85187456020918,1.9863934847075955,723.5513043419405,0
8.028261608185307,2064.8488898104774,29.428305524865706,1.59794565570918,9933.353473740146,0
9.772913249944617,2200.892648864961,42.06078496830002,2.5472142025929836,11518.163539469337,0
6.736654081751177,2090.142500253481,36.948346861286254,3.187969020974359,9196.604372393429,1
8.00298220713686,2017.1125842723216,29.806262731178627,2.1116971733490404,7814.83636795573,0
7.147101309308417,1924.355280911284,18.358590645344066,2.0506046193189267,7481.22025099578,0
8.943807672794522,2387.0760415435543,13.300640250390458,2.5096737530625988,7306.0330169245335,0
5.921751418586904,2724.2423651253853,12.288054689489517,0.8804961468779384,4472.060588698672,0
8.117507969315922,2668.4407886678237,43.10480051098291,2.017081364263046,5937.428504285098,0
6.7079540558249775,1697.3738656218259,24.606510435927294,2.58742149528051,6750.217863043521,0
6.9037177343372536,2715.6812205627493,0.0,1.614107601679333,8340.483038677226,0
7.137628726672559,2072.7365993528283,43.89716441196644,1.2640636520588209,6329.555727028801,0
7.378360594640016,2440.2932060582366,34.23477435071688,1.888516633940133,5392.61227250621,0
6.825656435317063,1837.5138671811155,61.93346002802292,1.9635887400788476,10279.312577377535,1
7.322069774755789,2256.791965549602,42.46244794182019,1.4548086308507249,9111.841915843568,0
9.367177086343277,2325.489273158763,5.426528073794053,3.2576967656305706,6382.311389631299,0
8.478174528422828,1606.1580832321388,0.0,1.7127821713952327,9518.835414462763,0
8.303731888745345,2443.306866537676,20.610552313241254,1.3078043891440587,6640.526318942195,0
6.316690710964194,2738.3740031353263,22.49785158612695,1.9438272085576331,8189.19508846436,0
5.666138757657514,2130.140821727349,53.86318402000333,2.5447163826226946,10925.1321641686,0
8.432950837356628,2744.067252331205,34.82258135420853,2.0104485493989386,6188.77672050121,0
8.314070188794691,2124.122602619037,57.67376996197018,2.2913563520264013,4482.765176498771,0
9.209006013626473,2539.833812418647,8.503338885947308,1.4770936434001056,7564.596250935975,0
6.094029061046156,1312.57201361956,54.30528768760896,2.8926130678421083,3909.604951443614,0
6.655677016959479,3167.5111117253855,49.419783068618386,2.337026616751066,7167.654471947074,0
4.540773756211848,2798.183298097183,0.0,2.6286209413265658,7158.08756205963,0
6.41129334090869,2086.1497982985284,61.452356825215446,2.2190963794851015,608.9476282833111,0
8.49485576586917,1411.1643893424728,36.86916983532706,2.4949304226372706,9591.90549123353,0
6.300256931157703,2315.2113473221957,42.84089007737011,1.4761684641936634,7451.930699956039,0
7.960719692801236,1622.4297811704973,17.702077751431545,1.7051537499862626,11545.689358315807,0
6.7142453410032825,2377.941415022995,60.50494025843945,2.807888357333618,8646.595939382247,1
7.486085542332341,2364.626287665713,11.282953415222604,2.935845168370378,10206.825710946645,0
5.278462915276499,1823.43873239919,51.64184036747892,1.3117606401685538,11570.11625962113,0
7.127814174450852,2648.386809445751,51.41214951817342,2.149841640718287,7604.848751687761,0
3.0,2522.2298811224696,15.516651436555556,1.7414337197088636,7997.530433408295,0
6.719655762757022,2590.3293349154255,74.66747198845148,1.581781118381083,3279.370329829305,0
4.55429013442729,2203.5430814675583,39.630569604350384,2.17090381721327,11718.613235702724,0
8.808991774820225,1633.7903732345173,48.077852205420484,2.684577759419245,7562.907800835336,1
8.166111029146768,2591.148908884455,4.457584093284886,2.2709974839705165,4982.808348956055,0
7.700006472949122,2091.8514403456834,77.3546000601713,1.808292530048579,10219.167459462282,1
9.28150934073907,1644.0879427229324,10.508861195498206,2.308916707961096,1460.6564241072447,0
5.576625218762744,2740.8157463897305,55.49772865531861,1.7840142958514593,6712.177331380466,0
9.621044796873338,3039.7630082010037,15.104565641366094,2.247268580438361,10724.933123635523,0
8.398287346390577,2183.500748408319,22.620223943046348,2.83787942027344,6686.834444102285,0
6.645167069171581,3063.648461841317,50.775080877708945,0.7537042044195035,5846.234147154255,0
8.703430220774417,2236.52589144454,55.55105427350314,2.47835137912402,6751.535608661148,1
5.340559731382548,2047.8176383334596,9.574315017717957,1.0765670470577189,1970.2122065942785,0
5.7632287577084895,1947.816618325809,56.80944338113988,2.7369966263266767,10146.4352953491,0
6.087115415140449,2854.832963197097,55.89960990266388,1.6177846340762836,7631.3418740692605,0
6.206533437903977,1887.9424474448913,16.24093182310215,1.2693971734361096,7183.026170015713,0
5.415163535859621,2494.107723989995,66.9729518718222,2.4171615362532486,7193.994150772876,0
8.834624600642988,1976.3344659763166,5.862847435039239,2.2185020378854463,8042.239395393753,0
6.611718399445253,2015.8772949702548,22.50454834444769,1.4004878582230051,9960.3121120162,0
7.528757452535319,2612.099877587827,44.58005248183977,1.2482001456989638,7843.809376402253,0
6.1444729503794795,2047.9852614842584,17.928674305947872,1.8875111075052307,3915.0903554605634,0
4.269095049177224,2038.0818482318828,40.27638171358682,1.2775478298972822,9726.5483646322,0
7.405086037587133,2653.121878869923,39.821521576065905,1.3631162162458235,9495.709073012678,0
4.131617536870335,2838.958917288649,31.25851460154559,2.06937247425286,8616.580994649381,0
6.897048930871797,2457.875921313693,51.648010771811194,1.420477019446942,11225.723920883956,0
4.947527441750784,1938.0920897504202,30.43278414684722,2.2559235740159256,8091.136029238876,0
9.980913998846212,1995.7566002809683,39.63082137627612,2.894086157530086,11334.128266967768,0
8.367044083262083,2231.966105496015,57.92943754975805,1.9108667510596506,12221.63306443519,1
7.1586306869072205,2328.372024770263,50.81372420051681,2.078090637191351,9746.938656573448,1
8.895560016482003,1804.8536359440914,50.72034581628417,3.210858039701292,5756.199134366188,0
5.730526033801397,2489.2151758319455,12.016407955664398,1.287439329573592,7607.642844492678,0
7.815219068005139,2234.2053318558396,45.495851510026434,2.7147411171084452,11716.568102175122,1
7.2997156505780705,1513.7166725447482,17.430024180609905,2.6425145587474894,3507.11640179148,0
7.396030122000505,1828.429407015708,9.371700404439473,2.51259040350427,6824.138995464174,0
8.908530250160151,1998.3485305393344,33.56587307430063,2.7750487104395787,6971.105490659767,1
8.098738154169704,2170.856924463578,16.914096266968205,2.1683449795751715,5404.368198938799,0
7.433085494237535,2955.7115182015987,50.81235437679955,1.6502423026404396,10618.63684975636,0
4.517668845657556,2295.2685224558513,51.29070919390648,2.6567439747323407,9130.445213122332,0
5.559930557080804,1863.69124404055,0.0,2.6797053270277367,5866.824930198523,0
6.815936599606414,2288.2523217228654,18.4339492084622,2.6631883408959727,9816.538760707517,0
7.1400585614149765,2059.164901018448,5.8042665616400235,2.0267012493915417,7524.7512959953465,0
5.3046944129891145,2329.9032958134167,25.74741446814219,1.5702832918320042,5329.416280332972,0
10.617515013367631,2432.227074814246,44.10351339737649,2.1148173524669667,5861.244769271399,0
9.27459108288036,2683.692258889575,30.154238036432233,2.5653380105407013,9308.15322432782,0
7.903177480588726,2190.2854017319896,23.204815186657292,2.614611073915979,10817.029635565515,0
7.108055291925617,2855.5842110399335,61.00353053626279,1.742194323755243,6539.695301135642,0
6.681686545148272,2563.2090650144764,0.0,2.189223737676434,9633.324001007035,0
5.572122309966646,1917.0241820751248,59.737437870364495,1.2147330173084265,12745.262472732447,0
7.1162207777782935,3083.9422662993857,24.11423413689029,2.5909700618035107,4223.388330889242,0
7.386628810214126,2330.797805308039,33.43781979774421,1.5300147459649618,9067.00961851587,1
5.1373591367775635,1865.950198411106,24.452733245597827,2.4711532157429286,10491.967073886224,0
7.501264625867346,2861.165220492169,65.85776211078237,1.310417253565903,7714.5505502035085,0
6.7671114267628765,3031.111034079378,10.38043006389481,2.6188495438604047,11714.84963256694,0
4.138288663183913,2186.7898945121756,35.234727394438714,2.193101114013662,14596.511114783852,0
5.709422483830747,1998.5398958497615,45.548773037199936,1.5311853826298323,9030.066045158908,0
6.379591699867533,2131.050017018535,2.7799446422966483,2.414813828648315,7299.230803166003,0
9.831531486010284,2485.89269100708,16.602036591076928,1.6457829849168015,10930.94842298587,0
7.834829686800637,2711.1426620122056,32.03642933003542,2.449733022467077,10526.206581133703,0
4.9967776463501625,2428.1949323454296,17.266699306312503,1.8355331147715672,500.0,0
7.729054434126455,2240.6892833887077,18.688164575617,0.9673717246222022,7991.793331726659,0
4.679044016592451,2799.204708121771,28.002746738471252,1.4105502557114378,6816.201599782658,0
8.62403658083061,2074.865410779391,47.99162663292346,1.7417511747876293,9190.11707454175,1
6.293313022273182,2612.367735346763,28.14564446243711,2.8209134142491465,7419.025159118629,0
6.859545716891244,2084.7748806594886,56.56852388945893,2.540686178317535,7744.4717231869945,1
8.988694971313285,2372.4091832043573,15.044844346812905,2.9743168473932853,5410.361721616755,0
5.069254647123625,2154.5749740838196,9.961554790530947,2.992181129617915,10203.587655273463,0
4.904322722330513,2177.6591269388755,73.52690811442268,1.6791495172454511,12965.126664406196,0
6.124601010480992,2049.045393015116,21.840837446689775,1.8869078841447025,5456.984152354895,0
8.557568276528976,2737.941612472278,8.781759858556804,1.753232045401677,3808.83493055908,0
4.720980886784736,1906.829584756586,0.15892116456339522,1.597093636819354,8060.009659482392,0
3.0,1903.9070989805166,56.502069076178785,0.895103174398125,7914.033016894208,0
6.323261712386502,3048.3974263380437,28.173909706798817,1.9911513691898945,11512.79835836108,0
7.82761119986638,2591.1390258617325,29.92580529867203,1.2286606437733338,4312.415142864404,0
8.800392624608243,1245.9545205227855,31.81596576826721,1.9794968710794036,6386.134474927708,0
6.305257956871902,1973.8965043158387,55.258857693395626,3.2694624857377907,1556.8902821994416,0
6.382860089325996,1475.2042649751784,31.40940332048159,1.6943929422015749,12124.950908635468,0
8.730851101383621,1819.723722633898,81.88107557665252,2.1168644033768405,8751.633884970091,1
4.195387450456869,1000.0,37.67521148108459,2.54398903148557,6609.70125805761,0
6.417218837225486,2145.204168922423,56.235695339166426,2.168174775179544,4033.185564226471,0
7.285635834887587,1743.2232723354755,51.10479715808813,2.1754905127653776,4308.571825468247,0
7.673828081927551,2223.9621027185754,34.271053594839245,1.782558539787152,9242.800699374173,1
6.235289960213676,1549.95149644699,23.260580279590734,1.8608732149632605,4677.724863197869,0
7.051661517558762,2233.1647412688158,41.639278571331076,1.423993686687303,8312.016269445709,0
3.2675089698805158,2034.033488751869,45.201974624145464,2.5076270053336445,14128.834583405092,0
6.012627381499227,2800.781186075438,23.548279037469456,0.9551050060315425,6957.237131165538,0
7.680263068831701,2764.54274469825,38.32677731901312,2.5826530030293213,5115.666668076863,0
5.52655894861798,2514.138241204113,59.72409956519192,1.1577809691528547,9146.02161635829,0
7.0884763323843964,2069.354487735515,76.39895478139357,2.5775643644459914,4322.624777654818,0
7.670308751204047,2994.1521581041175,52.08738640698843,1.7877094842726913,13159.95359098821,0
6.486176198713353,1578.7858888640717,72.25519372760564,1.260878787120152,12210.859005585005,0
7.255695656494856,1638.576548174535,22.412515775870887,2.347579187047782,7507.485143139068,0
5.555901152073082,2166.486760044374,49.037645041185876,2.557260521045465,5308.12045572734,0
6.69008308045593,3101.6152435684476,61.77039017162544,1.7371528111378778,6722.690381673919,0
7.915324254383834,2119.064437251965,17.073333340560083,2.43236632920736,7113.003163743715,0
7.235459441452651,2126.7019027162873,25.288197759099816,0.6289493031983899,9150.701395121194,0
6.120203095654096,1623.2358575552762,69.758095236705,1.2076422261520396,11118.896987903348,0
7.3363246064361896,2578.3718341081512,15.498022884261204,2.7754453582812375,4890.46210772423,0
8.071914685954926,2581.2705017317417,8.177399346885785,1.8657984354812502,11032.728696028233,0
3.925088082133783,2515.630080559964,65.55963147279023,0.8826720041306915,9853.056838433895,0
8.738611097433846,1948.3117308610551,58.93526449960877,1.5806802917348037,6476.631527580181,1
6.495617891978392,1917.3172926507978,43.64240487967539,1.4459597164849516,4739.864312968969,0
7.638234899860345,1682.7510998380117,34.08578490708345,1.900422961116245,8348.698151877703,1
8.795870385467842,2233.5490007043736,26.229509887900363,1.7775494097154116,4821.234548893748,0
4.942489454154301,1767.8370682885993,40.638977476181026,2.1073590373628965,11071.042547487818,0
5.93583849635868,1729.0333979002844,66.596139148031,1.958320369032455,4628.351683603386,0
6.567176956186443,2030.5237132357297,39.77132252284152,2.8158435530222112,9643.118579489432,1
5.824369718313358,2004.3375299263134,78.33918534493932,2.2547291598318013,7758.150905554754,0
9.602404863755213,1984.808588471218,17.041160287195392,2.274602966716152,6318.125346874396,0
5.714841859259811,2386.5778387361047,34.60638491343461,2.699094274336713,7691.505481042128,0
6.1666798307697,2231.6191208601117,27.538826646721688,1.7667387497422509,11239.949508902606,0
7.306583547404465,2084.737587795553,13.297169136753343,1.242873533984909,4423.227773018631,0
5.196775710885866,2273.205171324593,31.93832533980689,2.7241821947793494,6763.530334424549,0
6.406478932365604,1803.3891835581471,43.346586033208794,2.0815050488648676,5744.769305938436,0
7.476179891875263,2242.1114495638712,45.4846035990406,2.083610724739357,7884.148599353856,1
6.500709393426233,2260.2409971378534,78.40904357889113,1.6200020470818581,5945.957322462037,0
6.859919711650077,1598.7812562570077,44.289349394471195,1.6298868001378535,2695.756272840157,0
6.206001831327444,2598.277501748145,58.00273607359232,2.5080334032625062,4834.587359202913,0
4.72829453622885,1847.4265179092017,36.32188492597952,2.590793478882566,12913.265055614334,0
7.482389817008858,2236.123919682574,68.5611120090519,2.470294043447995,8740.184633858818,1
9.632399607470862,2665.764696214108,82.96898571176139,2.475776963267285,8637.086161424233,0
7.027602446175157,2570.2707030855477,45.621702619519,2.3414177223558554,7152.162829974085,1
7.337896175871324,2213.733355427534,15.146819690968375,2.078913638046894,7845.123727672491,0
8.039084132675288,2055.0003988471726,24.023899544456633,1.8947721894074117,6710.564231505859,0
5.096004255179951,2579.004763430227,40.63868606410324,2.726194309964932,9580.785593123195,0
9.55377198719441,2469.877991123448,44.12996070501292,1.77576747770574,8302.426562778119,0
7.303493194634203,1952.653991982348,48.96850268768744,2.221987528328448,4486.195369524155,0
9.447785348633664,1882.0425411993238,44.20395362460082,1.517592201227452,8761.173509312577,0
5.900450506714016,1371.0579273216008,35.13969832511877,1.6044205778897298,623.7742301853477,0
9.727092883836736,2261.612736673435,22.276031175957428,1.8583072592856642,9241.577599033357,0
8.162733241052175,2166.9209019926407,43.02276522528459,1.517636973963702,3771.9294294904357,0
7.829560128778538,2654.476549857017,72.09974714961314,2.47871109528698,7711.834741489773,0
7.351036681529722,2343.6220373921465,55.39857210855509,1.1911794490729823,4416.117190411433,0
6.627207072888326,2733.691677669076,45.69407899272396,2.0595377740286436,8008.469598599291,0
8.80079748771081,1921.0543088335316,55.59133847645502,2.0795048581053086,9734.835557828666,1
7.21053980477207,2655.260132387047,27.57871942198295,0.9135202530081916,12508.48125574874,0
4.049395444619272,1988.4334483581379,24.83469707833359,1.7353857076858348,3375.9270349655644,0
5.3242203074394965,2511.038424716909,20.044297912680364,2.1534197228288856,10926.418867013404,0
6.721231371710879,1616.4966429877227,32.49426754461124,2.257236795976441,8393.458116132415,1
7.464998474748333,2294.0541197464754,26.559882065818396,1.8774156748399005,6647.998541526128,0
6.915117266650157,1406.124823421636,59.165494813042784,2.406132922688429,10279.569515178378,0
8.828456184690495,2093.145005623298,25.493531646356224,1.9344102456583756,7292.22544674438,0
4.073347203942063,2376.1415975511654,18.945565675501673,2.008191747245034,10152.591549202038,0
7.2153819047577405,1991.6125795075618,73.85154357661264,2.150992321391932,5023.190860616016,0
4.273031161919268,1779.8249484976131,25.97249537837313,2.556199777240501,6101.008903111123,0
8.139568443226253,2538.4473877183736,38.07056914500702,1.594569198550681,10830.800158383798,1
6.858311928336996,2158.6148840612304,44.026456494868235,1.7079068764890215,12456.201570711266,1
7.629414958036177,2004.1717411877314,12.266137621583695,1.5986621049624712,7894.904302541452,0
5.704175559115351,2216.7583684617107,59.709675390061385,1.80068137031484,500.0,0
8.919197397486627,3254.667656778235,47.74238080822455,2.8557405548478587,7402.852152174635,0
8.562586996088276,2661.4011399126175,66.16768023761563,2.3436351915978935,8097.278353467289,0
7.875316454517831,2665.029467275136,21.415561255637993,1.3213461528986947,7301.679869920484,0
6.8057241297048385,2374.2185275969455,36.9825158495232,1.6397318206467952,9009.015684996593,1
7.869785927942698,2266.594109030859,35.787115099883906,2.2236603345658414,6569.2702172080335,1
5.939661148018977,1241.5670846678336,40.27776988700044,1.4560953314403378,10516.612582034082,0
8.283333488531069,1928.4078614147472,5.907705028456782,1.5647959755111458,4499.860181806874,0
9.474221341485881,2007.7702347190102,37.216727573844445,2.8069757997044893,11710.546122062424,0
8.60591583996878,1450.0431743809868,6.4707217715250955,1.631974622916088,12650.236471883278,0
5.905596295288886,1737.0336839138265,42.16668142393843,2.572800089617632,5260.820785819078,0
7.542125975909654,1407.6654116309464,0.0,2.753193913718563,5259.2005231908115,0
5.060287684362028,2184.670465721051,0.0,1.5599227452986213,9232.085941332585,0
7.858585466763514,2527.5063883395264,51.37097432879997,1.466022466065715,4438.338770771332,0
7.675905119293808,2642.7098074497317,24.063230896104347,1.8343207481113009,6522.191386693039,0
4.1952754907017535,2365.9137848316964,15.242838527355183,1.346823367595825,11307.580869368043,0
5.257324234131454,1814.6414635205724,60.41691242151096,2.0726203271016455,10212.820293430888,0
6.575291654884349,1427.1739365920162,41.5525243465683,1.876608852887968,13940.58902506877,0
6.54871037928876,1497.2525202393992,52.441803910675674,2.216348009531781,8512.352442800624,0
5.185784596871792,1692.4069690982005,31.67515855358339,2.8381660737396928,6167.485993165444,0
7.583468094028276,1844.45612078573,88.59257387800005,2.4904909884621915,8153.7305349590615,1
7.3772104134107686,2136.1006008033655,22.9097227888041,2.293543865247414,7548.234981774096,0
6.7085963020322215,1794.3343127492126,69.88991098719777,0.8203709522192493,7590.328672390594,0
5.866312749762455,2335.590357467305,33.77267919800174,2.266025589261425,7928.588875712801,0
8.573060689624846,2107.090598880211,1.909792101745083,3.0335765964227295,5204.699873461291,0
9.483110669632442,2204.21828469641,44.65697491496217,0.5,8846.653264911929,0
6.274657774230194,2656.100221068482,41.29525122910327,2.413629525785375,3774.010196724227,0
6.081749624267768,1727.907306319852,13.973563715215406,1.9043848551461213,5849.520176275657,0
7.736811498117994,2367.481831316947,16.555614457305705,1.4901229981862332,7643.363710580547,0
6.462955930379521,2194.4107086095705,34.506047138300154,2.480677150347172,1221.340062033225,0
6.790904199005149,2066.605487612122,41.99495630495963,3.0258235403643985,10306.974609034753,1
8.109479727587008,2554.102528346384,0.0,2.4651384373026524,1840.536470457484,0
4.135965868739061,2551.605661822803,56.062429050476055,1.7772848292430843,10008.763072694535,0
8.977453487279003,1821.4036816046287,25.110040523700448,1.4339181053551062,4121.572130215513,0
7.109020786494012,2127.1357664568304,8.365050312036473,2.0867765802737264,6785.243927889502,0
6.382760283156729,2312.484673033626,53.82133102903862,2.523901575428953,9557.391940848287,1
6.866148768667826,2090.7973007909663,34.52764041163088,1.7677681842597635,14594.418558438447,1
6.943644032530778,2434.0085329151193,59.32331553564509,1.825770205009522,8349.355933122048,1
4.403198044832612,2312.47680716411,43.75904525959511,3.6932001499030394,2052.121015401476,0
9.242407341179854,2933.024496142405,34.96970994103908,2.6471911675758353,10861.085397907322,0
7.061988448405928,1587.888345628085,31.94540110039688,2.6900772070361794,7304.244785422945,0
7.664503195671063,2151.025604101041,44.65425521112276,1.1238284563647127,8209.71996337647,0
8.427324655861064,1836.5989953951234,26.729374823813394,1.5756867924239237,9673.589089662843,0
5.46825631365955,2441.642982175618,17.948548225070013,2.0448089836725436,1323.8661292828574,0
7.710207848552843,1553.131243981782,47.198182453092876,1.3993174652689104,8019.610543205587,0
6.59853836365181,2338.525084089955,32.110243171111414,2.9602383793335765,6770.918330141913,1
8.27015616282474,1947.9806274606635,35.67135296138012,2.846187383954387,11665.504718016557,1
3.809158869472757,1906.3352535515944,56.78759672309215,1.6798727975695678,10181.34129001623,0
6.851358549638096,1621.400718583725,32.72246784528518,3.070351163964491,3118.994231655358,0
6.095769016324057,2013.9696215195977,35.30067851083581,1.9974487419680347,11787.877557047144,1
7.648394425951233,2633.8002121163704,23.007009770981362,3.553633830433429,9348.575264480634,0
7.705066281052304,2189.924526588208,43.61479867963702,2.086811678315022,3358.275207640345,0
5.93856115776696,2451.07216714979,41.99655825360176,2.3457156501970533,8167.259310478319,0
5.931739203735935,2865.85672878651,53.01550263581116,2.839942064701735,11104.478341567567,0
6.834001947164006,2305.5022339290304,23.417423259862478,2.7665800098846853,4357.8683822798175,0
5.655036659027187,1976.4801711750638,25.843660608196288,2.306439239681536,12132.732007536251,0
8.26297554317819,2386.900886073116,50.84274798290939,1.9153158083336985,3462.1136776174226,0
6.446189199328831,1982.2815414742831,40.04426006725727,2.3084796199958717,5626.318470059046,0
3.0,1998.2309266811321,16.875637476146107,1.510289496874331,5171.387493830924,0
6.437766915067291,1592.042880152406,61.13108135469001,2.0912802313184695,12130.801194765985,0
5.442184268734041,2570.502996433757,1.0309886319949797,1.3344154805012032,6526.95159035241,0
4.553086276808582,2045.5989697402242,50.685695065275034,0.9314710159518191,4511.548992017007,0
5.143860042666141,2272.8392983263448,9.695759280036068,2.030256058483666,9335.632636742186,0
7.164112707749455,1785.6152285573442,72.71577032971054,2.7573667344030035,9983.542971778155,1
8.992961242372347,2374.379051886189,4.108005461887533,2.5554827849576354,10002.608284382395,0
7.46977671079747,1895.2235047459665,58.045013037454964,1.950852622564635,7185.982504321971,1
6.09024491767639,2143.3165113192704,33.36731279977512,3.0481938189052977,8763.602903110845,1
7.6838562927560545,2551.1304124956505,27.66794860322512,1.6585631654920558,6049.300741312143,0
6.311364534671513,2516.303724893012,38.707933129355226,0.8493004029211861,13024.40503380719,0
5.958099446255283,2191.1879709932236,47.63800678315626,0.6907392234794227,11432.615475973795,0
5.268455997650523,1492.7475869173127,16.91198995338261,1.2912854356425698,11248.870487122025,0
4.372256789872422,3397.124228024257,18.684245496628556,2.489974845957337,10382.347803720637,0
6.415114440160832,2898.3435881092546,47.99209730225772,1.6191183899195682,9559.199917985005,0
7.237080234880198,2489.0699299553194,0.853140927007999,2.2765751851143814,4266.912547550636,0
6.855064494977666,1898.7184873636118,23.315418136158293,2.9877700301503864,9899.903708766946,0
6.376049608078962,2154.5631353192143,95.8137390831888,1.3399418224533164,8342.79569018996,0
5.581380908954828,1982.6318280893931,15.639740708214383,2.287099839077534,11790.092254852758,0
7.9123692875274525,2705.5423756385553,57.95605583519505,2.323377843593433,10422.257547147285,0
5.024302120080122,2305.0011563407334,23.280984625723757,1.4835572069161382,9651.141410459064,0
8.164041870765214,1886.3344566560668,45.18090289594288,2.8125265551470497,2947.3256074095316,0
5.4966744716099125,2011.6979603500872,48.08711381192435,1.827375766670314,7732.998390174588,0
5.871347143970448,2648.475257027962,57.57913470365895,1.7697482114521945,6326.323220289031,0
4.799822214076484,2840.0391387281916,30.994923463744485,3.2669679310507833,8757.097772549221,0
6.247896779671545,2811.3326253944983,74.77769277509707,2.313660045420031,6753.355185672069,0
8.462968687716968,2502.812826021591,23.213268708296393,2.5551743298112988,7172.1626717200825,0
7.773442132665934,2098.9500524789455,39.6844082719912,2.8129357589131034,9377.101714720111,1
8.467633168042052,1000.0,39.90553864435215,1.60971560032447,6703.585659293672,0
7.7832138189009035,2318.8640095232886,12.560637601011692,2.7498926582322074,8364.774618722038,0
5.344495257204446,2199.26849646236,29.282554900417587,1.698863531001398,3441.764327377081,0
6.503816163508664,2255.9928385285416,38.23026998476815,1.6732259663970215,5502.795569719824,0
5.8297013063238055,2221.5589388132826,26.357579137411605,1.8368000166151184,9968.130701608881,0
8.99586235605856,1669.495135220337,83.8184793091307,1.6267610990330272,4309.423649910577,0
5.204817030360532,2422.963422740474,18.227526528009385,2.4932938595942975,11737.175232808991,0
8.340546534083666,2452.88652561274,58.58848936280856,2.1603263930870336,10923.198065903962,1
8.339430805163154,2472.9355128238635,52.129196262975725,1.7052653512297322,7195.31019398064,1
9.74443030257413,2578.6308014293545,34.72275730991457,2.404703019892893,16996.202316507395,0
6.385470111055754,2441.620657968649,17.695818922955063,1.8348905375681923,11729.31073354488,0
8.068483239370243,2035.9882353844357,19.6348935921646,1.803157777781194,5152.161479882795,0
10.422477754808265,2171.665260833564,24.640654015669803,2.029210330940926,10238.522161100145,0
6.073537484599455,2236.449946901351,0.0,2.2780762133997303,8197.589198959271,0
4.69743962870146,2243.0797796426473,14.93069148401419,2.2339085896264517,5669.863727421767,0
4.179984949138355,2599.287062388692,5.350469692727149,1.7820504906483017,4790.272570501373,0
8.069068043291997,2457.4675012089965,61.917500063554336,2.5082667244636414,10984.680004665137,1
4.1752746879121245,3030.937375827981,47.36924784776437,1.8665635093522064,6206.163606127599,0
6.441521420593116,3082.587591953869,50.71948197730921,1.6070093068347686,7694.370934888844,0
7.655969780558441,2231.85983304557,46.77663903083895,1.1191870107395891,5236.922215320415,0
7.277763305244871,1000.0,38.339352466683266,2.589907088599413,5755.526188104227,0
7.638167296276258,2694.7329864509065,64.21360664258273,2.0074340457164044,7619.212399785584,0
7.333434783701281,1983.8494644051782,22.784746885365255,2.126523415106309,9164.546878172454,0
8.918298719970089,1879.4064312675973,37.1333931073409,2.6274817494197094,500.0,0
5.571525428891805,2040.6218900042531,49.94117655648246,1.7135562610413104,8050.75939750025,0
5.984507292312204,2021.3427812741575,8.575815362877421,1.1753604509155229,5761.636962244893,0
5.8410108320937635,2444.907924042157,96.93177792285098,2.041868421329131,12207.087960350675,0
8.245287717793914,1576.2256883495097,35.571315255551724,2.184776931248177,16828.257938016308,0
8.350597882592595,1768.9117016833593,37.839789011511854,1.8422905603037762,6922.162895138854,1
7.676837978977762,2337.2634216789666,60.13756063349844,2.8842425468457016,2833.314317860417,0
8.775240500334892,2449.1776121653234,53.29910666020447,0.5083000593671863,8350.630909755699,0
5.232938698935429,2456.616657974405,35.76156038792918,2.67203398273987,7383.712011520385,0
9.500836167326705,1885.1854884266804,37.60258876196084,2.4746921902185353,13914.05194700387,0
9.284857932568388,1808.693740293504,4.917029381040422,2.2740624666202756,12999.768030126626,0
8.10343299586862,1997.3460664848324,23.870684443000478,0.5,10596.124911789693,0
9.67269836315659,2295.94910091389,45.344204323179206,2.770333269962161,6239.917756362025,0
4.515065188483339,2794.19094770902,43.877856780857734,1.3841395336184688,10033.29969854241,0
6.213327795606022,1381.0251256917,59.423315000081736,1.695384812969968,8795.019077204912,0
5.897044808977071,2111.7084972166535,32.58997883553351,1.8976444011259588,8723.969609898173,0
8.082218985636015,1666.9286235899185,7.254269731382674,2.2444508207911853,3325.3104542963893,0
5.424788890596782,1539.102929058604,56.13460861551356,2.38365682531553,11185.386015360938,0
8.136242724006228,2586.782658137927,63.721786923640316,2.535704332591578,8323.424984933705,1
9.055804215995071,2417.8498297997353,52.96489145712459,2.4895121060471097,7697.475957366275,0
8.042804350126,2379.773406378905,31.72732658285017,2.1517563225278753,6199.530514973518,1
7.425626535492252,2568.4103358923976,55.88772103753158,2.2495535954345547,5619.150501039867,0
5.518189988648876,2008.1124412935455,103.57820956016427,1.345547770506652,8951.775743836946,0
5.729723550811953,2026.9449934665886,37.30304628880951,1.5493839159085867,2752.511594425754,0
8.874428357945,3074.2922466890295,8.765266155097507,2.537276134204899,10368.496278950128,0
8.169023505857998,2101.3715782961704,23.27429900895696,2.502325692037209,4837.683689012943,0
6.941470720933684,2494.0528452216363,47.50952000608102,2.4342796498666526,1823.9579413841238,0
6.373135681351164,2202.552616385326,2.9039137820387424,1.6913499430060834,13465.685947778062,0
3.961288190332935,1460.696587968634,38.38806149824139,2.5462952791662175,5425.738851963264,0
5.393721371973342,1382.1483984794927,42.606733006317654,1.303253328511785,5833.522515434913,0
9.867128630709585,1968.406312024038,65.70243479625304,2.6464158859173637,11403.614993024225,0
5.0793166434963,2622.4405006679954,61.20389712108601,1.843477519252466,13563.292701549923,0
7.284219731831621,2515.3166626544016,52.29169583503542,3.010502243804379,3400.99526418971,0
8.511165959792798,2565.6308656896135,0.0,1.087134744760709,5131.495819247992,0
5.117615997996561,1805.181528425474,53.421062560958504,3.058042427551113,5351.96353351821,0
7.277065712171625,2846.3489960489255,49.11026772120493,1.7831214025019229,10804.404988086964,0
8.406873306265982,1814.0426799254462,40.11888754156693,1.7723124463929536,12917.3963837886,1
7.018748982860876,2285.1297594679877,0.39555747709029276,2.116903291391358,4759.242315265763,0
11.302604583500152,2195.859084036905,19.464521816258795,1.581752652319582,12244.23601390466,0
4.497101111682707,2130.4504718741655,11.663544609318674,1.9566025992186158,5872.897665413893,0
8.588092794825819,2735.4368553182426,0.0,1.5574242408374874,9008.368708836717,0
6.740797393905304,1917.9557919336157,34.94169697170411,1.579361881412488,4185.6389017165475,0
8.157880232255012,1660.157897715229,19.043557571144408,2.2921315701803433,7634.2087592540065,0
7.661960727548869,2207.9981944825677,87.50611160537824,1.4590607028178904,7666.661857781852,0
5.9002657043350055,2040.0693062853893,31.624561211241808,1.5390834589967106,7054.525081054179,0
7.34349458868901,3550.9531676330585,60.87506311731921,1.1763252501521546,9154.91294395909,0
4.213147822902569,2470.60299057599,3.618019506135507,1.6976415920231964,4978.907405442422,0
7.904871250857091,2036.2637699125503,24.398208279902605,2.786961217834353,5348.830105439475,0
7.447237698985789,1777.5553723251653,36.93795752068629,1.4924398159382188,9313.616434848067,0
7.957990252964653,1447.884635772486,16.836921027846593,1.5610200408876553,12026.105992927187,0
8.587177487630726,1789.9123657050268,26.555986303905115,2.116353167888921,7931.558917856231,0
7.551429760314567,2245.9767087036525,30.640981875129228,1.777522139720284,9511.012320386517,1
7.222134129697414,2770.9314606379075,30.321840291102113,3.3368926600097897,10274.24003089202,0
5.678397495008062,2648.6756569551676,72.10237146070693,1.902483221194246,10491.515565900474,0
5.931668854526423,2291.6379326585516,42.5645257086302,2.201131007730423,5139.425822490084,0
8.780101930265996,2070.7329337190063,44.590211258826066,2.5662612708795933,5668.969309385288,0
9.154503108558968,2307.5249425648617,45.79309548690141,2.5547467195177105,5929.776218169395,0
6.642834345531919,1992.5448010061696,47.25252754674225,2.1399725489344275,13785.901402681893,1
7.069004120879911,2887.34559830555,33.342260322502696,1.9033235079883992,9524.578817515712,0
5.643078437509351,2124.323927489968,28.585072570423076,3.2144171218275543,9389.94716115505,0
8.759135267901167,2165.464856701309,38.33632119036555,1.94014383481144,9098.707259551216,1
7.9981252355376675,1313.6710299917327,58.13607897826945,1.7349859373429117,4037.6197891415027,0
9.911826154695625,2121.8260613908947,57.524763768727674,1.612490607023589,13814.571412331115,0
5.682515384230392,2534.5936551859763,30.19203048623178,0.9639180783759465,9437.562592360882,0
6.432988151472674,1772.910969184582,50.35687389336223,2.4929694513422977,10169.480337964858,1
7.347168883788359,1899.711866202875,31.108306739206643,0.5911589617395041,2703.436133252594,0
7.969734306588656,2517.084407093466,35.677410988704885,1.9965662954570476,10338.931557084554,1
6.676498543678552,1609.3371105927786,25.52953236891605,1.877083619437169,6931.362649617119,0
5.6905583643194495,2623.1204030167673,31.36709722187533,3.3439791153388687,4031.6510758212885,0
8.322111293385356,1987.142443930759,61.8266013909936,0.9010092627718242,5138.709002384608,0
8.081703043818372,2044.5727118035188,36.84842294678472,1.4593380278093857,4205.317374639901,0
5.625588849154413,1750.4486379497623,37.70565017104636,1.9183421247910104,4154.647414656169,0
9.033164201658243,2351.218504171153,6.055644414840835,1.881482397518499,8181.64346109263,0
8.755298063794905,3183.948794011752,28.81512184734541,1.670273245513973,6839.711633805047,0
7.201444745871689,2512.598895784253,30.173701925105426,1.9514072543586996,9002.208086484163,1
7.1193967935640545,1854.2858952237857,18.417130291131897,1.2442623626781553,13027.927613204014,0
7.831086656673861,2654.2482341965906,35.43330823407127,2.2143157273969636,7611.488859117988,0
5.707445394615613,2073.3281816263,26.416354195446914,0.607108794753453,1265.3321181247184,0
7.045047218746123,2749.793992571024,36.59991710487164,1.9845383864736457,7274.12536535655,0
3.7714246830862295,2522.6705608657453,37.43006019637869,1.639785983441856,11580.183309193615,0
8.314683468254403,1022.7433738113068,15.884912843547113,2.6097727656539815,7742.181582509511,0
4.65776016633721,1798.368146817989,27.025964350336213,3.0531866423799827,12587.991961075106,0
9.255129742643499,2577.754089134156,36.54748565521667,1.8013686987497854,9358.824779413457,0
6.504819859050325,2260.662908858007,58.685988623134506,2.8344355574848583,2485.190796807833,0
6.682499527103235,1790.49762091686,40.13438345591481,1.8103302316217535,8328.746751315075,1
6.058399140873242,1946.5641938024748,21.761296401651446,1.420324086122546,8891.003882794186,0
6.567941689116886,1437.505351964248,42.980095184877044,3.047542179311372,11241.06740382093,0
9.127797017722056,2164.6506849894417,69.15097778643522,2.312465866840404,13458.909714834705,0
3.268287015197381,3084.2758904063057,53.33412945178037,2.0026631135658888,10723.176559126097,0
8.915448079132283,2521.9733562929305,45.950530608712405,2.412306485059189,9321.43939216165,1
7.507035221652562,3076.166800475369,49.51180350964643,2.1645290210781005,10028.564814735038,0
5.189467528214177,2552.958835915992,63.79908082857261,1.9584683552350892,7495.9795806512975,0
5.387031410426143,2610.9917373410767,56.5125358803532,1.2041391036152023,3611.366489577712,0
9.514589540812304,2989.6314750980096,46.33520762235315,1.83767795770324,8124.488258668581,0
5.581739680085903,2350.9053037368903,56.3728443918017,2.373953254075084,9095.870982376717,0
5.269974234106061,2125.109071397248,13.366978074718784,1.9263371445879136,4389.027122264231,0
8.705971813547094,2613.0630066488047,4.954694953194377,2.5413954566782317,11979.864918499825,0
7.5078293144288715,2781.536094848754,38.141973012876605,2.2301930143200734,11016.233046447294,0
5.5931116351954016,2008.0141429151165,36.373614193010766,1.473118209148756,3884.715754136392,0
7.324937463106928,1911.3723670639883,24.121798929734847,1.2084968253007258,12097.496866369624,0
5.461370974539584,2255.542412972352,51.51705339655419,1.9056929000418992,7075.056892370459,0
8.651232097633908,2532.599546772665,0.0,1.6854629311372475,5664.525304644954,0
8.5920564473097,2519.2364194646248,24.304554878843923,2.2017930857730117,11237.833078239579,0
7.798009298232914,1630.3329599249605,25.3008891024477,1.5691174047423622,7846.8367617198255,0
7.542491591870525,2964.6424268253286,2.27396429801081,1.6307646045470738,13697.55596251061,0
9.641782187301061,1943.5340282412599,64.89462014538609,2.6318418305569473,5441.335868339747,0
6.999529491082338,2093.974001244568,7.815974626733539,2.088921781176739,2805.027428082036,0
5.227188811868798,1838.938256004872,23.233198853846282,1.5783637607436243,7158.685156501576,0
7.67421086924846,3279.331534374835,53.159595156102675,2.010585085241012,10367.66749718142,0
10.12907057430567,2296.828268115187,47.92090686857463,2.8273467458010098,5218.571043393371,0
5.477860760221222,1859.6099677273742,12.83650607030507,2.1762720129648336,4009.6988516003626,0
6.457805849959021,2545.5694199849786,48.64978418521273,2.3557704856550776,8686.782208108263,1
7.624669057152179,2507.654311724013,40.79568957316444,1.5486592780835344,3608.9383694974504,0
6.919142726491391,2124.9091905680466,81.66071124222935,2.6158516262807603,8920.07809884024,1
5.526544629434028,2536.242685113353,43.07880832136609,3.390861356278281,6978.130846315469,0
8.682786784345707,1869.8832156676542,32.175163578629366,1.5251194144922877,9483.39946505712,1
10.48006108302589,2002.8326900202992,17.869960857611545,1.2908636153768063,3848.5135882261948,0
7.294197188535861,1395.9133381735749,20.115132660888577,2.105325346301089,11894.489454331711,0
5.643897565395999,1670.419566312175,18.484618090636836,2.525303029906646,7450.896545018931,0
4.676559212419788,2923.052322268274,62.42197627823844,1.9451661967698433,10290.56800371447,0
7.386963971831771,2856.5714510889256,35.35939830032941,1.3680761623744022,10879.626383854667,0
8.655816014974386,2226.315459459585,46.3049424794946,1.934849502931766,4527.665142902133,0
7.712751619743073,2865.172578875935,65.28495199961775,2.3588553636664726,10646.772528824229,0
6.996394238621719,2135.970205356678,0.0,1.7557809038323644,3724.7996745670234,0
6.116092522316041,2102.635878972837,60.5774752940075,2.364353010652953,3889.586771720322,0
5.361754550922866,2222.6042593862226,36.10793823566668,2.698826471143946,13891.997707965304,0
8.252126989487323,2150.0313618705736,43.70096743280889,2.1441383754622687,11335.560106389874,1
8.370657432078378,2113.9214705759277,18.431935565034976,1.9832313372330244,14220.992526301265,0
4.6814053199639005,2657.3592428598213,19.89751203102963,2.497606355135769,6889.357908176268,0
9.384758467271027,2260.054261582481,44.77691779625976,1.4863395035376619,8307.285992234027,0
7.861106831341002,2484.9927057735217,82.6919560066294,1.4271740997842466,9582.06424025709,0
9.09939196771869,2612.5522101109323,55.06626625629803,1.8400566290426088,7963.413300218317,0
4.986808377272327,2355.2743182618933,60.31045842837081,1.7048723271113198,5761.591937912286,0
4.951263766876842,1811.8914696367044,31.159974594771604,1.5179948148257147,5311.745906359853,0
6.776546035349055,1658.8536444143845,22.99591550828744,3.0982810849992646,8641.586698486848,0
7.754176640342791,2259.512253922922,19.383900968420132,3.303195925696575,4799.420475013085,0
9.694541234390446,2131.4974780700263,25.23452550606624,1.7877769746466508,4715.409522899443,0
8.059118370722697,2234.9565715680487,0.0,2.0550313698490195,9180.716033463777,0
6.63597808478195,2193.5783843005656,20.50161314216796,1.8872943079617255,7714.521945543154,0
5.460446188501162,3233.4294640666267,23.792936878803136,2.664499544070894,10811.618811745055,0
8.845000859078725,1667.9094977434647,31.492836512103178,2.783387337104028,6725.265769751473,1
5.552941861373927,1404.0214920715503,37.635002194945834,0.933641720786212,6256.232150073393,0
9.442702832158481,2332.950733407844,42.24901737251221,2.2856064800393754,9270.660188106413,0
6.573423025590236,2049.430978164722,34.701492551140795,1.215907195303311,5563.925376338519,0
9.385873108926775,2326.4271478919804,23.371138273144858,3.054963294725167,6025.616823329944,0
8.018396935088917,2433.5532089136004,0.0,2.264148818126239,6144.636828861756,0
6.794506765836313,2713.641878071559,23.493827831964133,1.5059902769824183,7370.893681113342,0
6.22090544226081,1597.1096718464246,15.550987246259897,1.855207167237288,13317.309629887708,0
6.48863818398088,1977.3128408571347,44.32133496557208,1.826613645040305,3869.633525128528,0
7.642475038562856,2371.5045035523053,53.18574793387388,2.3150677657314893,11886.522746352377,1
7.115734744326575,2508.1854382748907,53.77142134119879,2.625147562506487,10213.36026886975,1
6.109282887896942,3077.379820115354,50.1390547225564,1.311075624816974,12700.93654210998,0
6.7515528845235515,2582.2815884455467,32.32948529095024,3.1032527005472685,17410.058144966817,1
7.1178655445787244,2177.2845616454892,24.560888690482066,2.963414064692506,12294.359062363565,0
3.8068988583777816,1843.8256988229355,20.057944926658674,1.4748058594453728,10777.000843723585,0
7.687252172183048,1974.2840589123923,4.850021667964988,2.0436810766173856,4062.5109451249477,0
5.530418162924789,1962.9188708171573,54.83707401015715,3.0264851264685895,4441.3332154668715,0
5.270001395191382,2462.0934514055043,31.50577924140051,2.7397511520064897,9080.570553095666,0
4.468983479333934,2302.798978234332,10.073194127582525,1.7979541819712626,2905.771556241307,0
4.309161253198164,1670.5401716631284,18.470172485795306,2.488603888740724,9846.317753873658,0
4.966828745331567,2025.6394123638268,17.660530871348957,3.798318975031483,1595.2343277169657,0
5.936468563554264,2551.019021380568,35.86048970030254,2.0630959891107272,11456.700156693847,0
9.929888706289852,2340.6649419896235,56.34935702141372,1.6204110491359884,7034.899064199204,0
6.211180486157194,2427.4578464051083,28.040209008088336,2.1034519112548393,8379.790836410568,0
7.266625159402047,2353.1686840229054,0.0,2.147931257298391,5754.883110738552,0
7.6007220797594925,2850.572293843544,31.216393296821597,1.6852779565999412,2304.4207693322833,0
7.196597779323773,2294.417225529748,31.876121998056085,2.26497504068853,11704.085837582785,1
6.8838348089110095,2045.5908808517208,30.501595381289565,1.2473593641634992,12007.104184864142,0
5.2070593546011334,1833.6979835465759,22.450776670485965,1.6006796797947924,6945.536704388906,0
9.176391322418818,2299.843783283885,39.348781614516845,2.454946865692879,9985.788694202023,0
9.710794965456827,1223.7183940899663,36.322822302980036,0.9470774890746492,6827.325739368788,0
4.476011958815971,2126.2843992669154,34.503393717467056,2.541900555196866,8865.46953279874,0
5.46395711367043,2117.664056031462,43.25282722885932,0.7928111805765783,10277.41759676033,0
6.580284486434491,1654.2116585530875,26.40334353704293,0.961205252674211,9665.254773721621,0
5.553193307634713,1828.6936645376018,25.268286605986937,1.7006127541664688,12022.908840228036,0
7.758948330183798,2523.8630120592966,62.602465791708,2.17211830569161,9556.642027116006,1
5.90759169639008,2292.284699629985,46.18710819430872,2.795158161876433,8084.253851115785,0
10.247584101709904,2240.715333482931,51.53892121885599,2.0345736578957574,5715.743096367734,0
8.785822891515394,2322.539013572809,59.522091706681366,1.852067835454406,6564.483859028238,1
7.3188610459483225,2237.051035179569,45.518883612496,2.3477487487908824,10430.154190175048,1
8.540479394979599,2697.1450251433257,53.56777358272342,1.4774607077192394,3494.520443257644,0
8.658850636535963,2249.3716726814596,3.4130967585947936,2.0836490956078437,11317.42191023839,0
6.154078767912635,1616.7147544724999,39.083077439920544,1.280332245226784,7156.568821956401,0
5.775674133187053,2852.051985949764,31.34563076371345,2.049554310125248,5544.18228677633,0
7.117214594454471,2348.136106931538,68.55368181799619,1.922098204490358,4703.827469655598,0
8.292454186746916,1964.298507681973,53.552910636066,1.5174392471303497,10023.103356945161,1
7.208590597980127,1698.6393126819926,22.3910961841364,2.0990243819226433,7956.075938590046,0
4.634505276713504,2358.365688383218,42.455883170584116,2.095129791895786,12766.29566968946,0
5.795763334073737,2153.1311980102496,38.353626668984795,2.7052724074034806,4210.773048422237,0
6.8890407046084325,2829.6587144129635,44.08662866304457,1.0366199581623274,6265.509130814411,0
6.886501593511254,2061.637087733269,14.623150612506961,1.9543706553817743,7723.33652561776,0
9.958813265184713,1865.0476841270133,42.20032930476451,1.5438425601779124,5744.429768090198,0
4.921018086401503,2558.318487294371,30.436973014235313,2.521857234905775,8018.355992425409,0
7.758383862753812,2570.1127570867325,40.64899528111201,2.4523472391152796,8958.502299246557,1
9.233669662492435,2267.4605470440783,20.512296697556604,2.3047279070411726,9453.45271738922,0
10.407174618134194,2470.542819069963,23.29873657206801,1.577700045158322,12518.501392653383,0
6.393403865224058,2184.925151703105,58.47684040733405,2.5312823497640573,4089.582713655259,0
7.7371441790803,2293.546040403699,13.96904883319678,1.081921442754001,9013.280959805932,0
7.85464053579797,2665.996353025569,15.44491197915903,0.9588135778443372,6059.171541235501,0
7.293222597329936,2450.127333608601,33.96837485568844,1.2344774000588457,9290.040140070754,0
6.851732198141041,2132.29022466695,19.562192496280908,1.9799151138038564,9293.996559059142,0
7.653963084250069,2740.9450183704603,17.299427354744026,2.405098640592976,5039.241850303006,0
3.201630872170472,1254.057850883395,37.1015194241659,0.5,5296.542972097737,0
8.023104235093946,3020.8293245687737,4.898682861925906,2.7936456991278718,9534.929190408724,0
7.189266855492951,1517.616362043706,14.840755301727242,2.0786673177070605,8070.213532232391,0
6.666287654832602,1949.1628700910817,76.08191165847288,1.059336591446135,7341.134477805187,0
10.070293293579336,2183.6329859219722,44.18950117938018,2.0605681821737485,9973.96048932492,0
5.9875989718141716,2141.4077317087354,20.068732954601778,2.6555152488070517,10195.155427586395,0
6.395386016402454,2602.5644160106217,43.36430156532394,2.3596646091837554,6411.109661894891,0
9.987329953307102,1776.8653525559062,46.34660953973259,2.6594438375323795,5443.8405870725,0
5.751908042725216,2304.3067269932253,54.88828840180477,1.1802520223617334,4214.2430694870745,0
6.174827075595192,1968.7151607120984,32.45687941086539,1.7515968589169573,8100.362360604455,1
6.779461864853725,2318.056391734967,54.529954055457786,1.4451846616858808,3730.519168554306,0
8.261101723194324,2174.091096080849,0.0,3.0305481230265907,8298.285374687102,0
7.31170376102997,2237.1742610731912,13.873837390484937,2.383617706091978,11650.510374273319,0
5.0610619792716065,1980.0300670142617,38.27742803472911,3.7082057533745845,6939.6206891411475,0
6.201747155309215,1995.974419961567,41.59267065615583,1.7194342799496636,6391.387158379509,1
6.088968350181683,2314.909005610971,16.764354246627164,1.5651954729906172,13993.534320881434,0
6.884168432165431,2577.486202302418,40.18839982526318,1.9143040168429097,12529.105457562939,1
7.6387654879447435,1960.688266320861,22.52319502625479,2.8270143328535293,5706.206388333758,0
7.627308633831958,1852.492982170836,29.46081811545669,1.7803281863747915,8417.039543176925,0
4.335982368927397,2445.384066268735,55.49547601330022,2.0746625587441665,8986.034727044247,0
8.595911481341284,2186.998442776924,53.178749937772,2.058014421732092,8610.981268178535,1
7.378853268994935,2532.199253594381,15.05879345273475,2.023698056721314,13444.020343138363,0
9.07679807139086,1837.681114651541,13.854970759597933,1.6085609237225134,8261.68967725826,0
7.6662974909360075,1488.2244298306277,26.776532088933674,1.91762535925378,8711.70462689305,0
8.651984436603643,1986.7983672694663,34.4650739765415,1.8919384391891854,10065.986885439248,1
7.69981796717519,1893.4589562939937,21.84203022850518,1.9954612041952104,11569.759148143003,0
9.019338634304123,2168.48463996788,55.81284885599336,2.566110090891625,10810.697582912318,0
7.783375954026668,1945.2619142918443,41.94779683417111,3.0563768207746955,9614.254358934917,1
6.853127130335644,2496.40678053458,43.12170219748858,1.4957391423981758,3323.9005838182748,0
10.408652080670322,2084.7398950309935,9.669223421100565,1.764803825127371,6535.586827824722,0
8.333555683419839,2260.1897995095605,58.3458143476756,1.5049928609562881,10458.263621615813,1
7.86061663150662,2263.0538233763777,0.0,2.1122609223333635,8751.196091837917,0
5.085543375192496,2277.982036964875,51.68110903698738,1.676990325493414,10478.385901468855,0
5.067538573804693,2190.3483558180105,53.68623475341542,2.1438781002451934,13661.498185013745,0
7.43907322321278,2404.2402761641256,26.35197625444077,2.662176146266872,4469.110384822026,0
7.218281796652361,1881.737946469677,60.45820434494848,0.5,11413.730524413751,0
6.0788161524875255,2759.7671706615533,33.738048940913075,2.2950679337604143,7008.909612519106,0
7.21147404941809,2105.385046652586,36.24863406654886,1.7238877706612725,10806.049457824196,1
9.382940392065393,1675.3803448405274,41.79057574808432,2.2762533607906335,7876.337769895647,0
8.043103711825449,2275.2293427967093,98.7314982362211,1.4621183373498798,14381.013616678985,0
5.2884872353708925,1859.527807021006,61.88867816166009,2.717756592984125,8390.260808785215,0
6.832736759285584,2466.13381380355,49.02262401425836,2.5479683708241705,6078.457326932059,1
5.7925502787211585,3083.8422304169508,16.7439102679761,2.3410112891255856,9259.623868375304,0
6.418450125387158,1885.3711633768598,37.87179650958984,2.475935430686059,8971.82834215481,1
6.379576501555536,2332.9489332895937,18.73751812307227,1.5526277196966958,11414.291282331344,0
6.283531626093993,1497.797764518149,51.442216945656256,1.628225747186426,9344.158395814777,0
5.117296942039908,2381.562091776539,37.809339514697136,2.4514617204904874,15425.19391750791,0
6.8085179777227145,1845.714480080124,12.509566407722094,1.5393625143388328,7665.787593793183,0
6.159088544729035,1950.066152626207,36.62249166837006,2.867381027994852,7701.140150658579,1
3.0,1759.485404064069,18.01165060567389,1.805845357231381,6188.341849840837,0
10.079458036752495,2492.860490421894,38.02432442675094,2.3011366339163732,8257.00501506253,0
8.633154481325008,2602.921742989305,17.81845367269487,3.2595497115530536,8693.177363248862,0
6.435548912612506,2209.3540858634033,35.549752667216254,1.576265987559154,8843.631589867633,1
7.028228574610898,1854.2293178657121,50.009397238701894,2.0412570505068697,8201.563026481997,1
5.242518479023657,2835.809214441545,33.938960161497874,2.6325098987823843,6170.536349818104,0
9.543584316716299,1899.8359488981375,27.182234656552225,2.570766433325919,5355.004615752934,0
9.845933042159668,1335.1870800290244,39.06552442114925,1.8033108138563851,6874.478825493331,0
7.235040592369787,2383.3556039828272,48.94365241585706,1.6899617374868876,11424.61298070534,1
8.535295966278017,1758.0901305433933,12.85633460236479,1.860118440472969,12070.399056474438,0
7.262930168400886,2595.44351739967,40.21312309410405,2.868714659690818,7769.106390678695,1
4.994911841686104,2047.5449213306324,61.35081638034799,1.832536486184032,5175.251100597726,0
6.382264946554514,2441.4852962176783,46.4731392655343,2.046869415490079,7756.479169049627,1
7.197891950157936,2760.600138620863,36.15508293334456,1.743928117445945,14274.996305810238,0
6.318178421884833,1716.4564541517111,47.79475013397789,2.423329138877592,10996.903505949862,1
6.672020083847446,1973.6251476430377,44.04992912205365,2.0933150225501937,9652.228074597642,1
6.862900663736328,2169.7315709371746,50.07202218319628,1.3979397135450626,10888.054751157708,0
6.878682253201808,2815.0205276137376,0.0,1.4187055315790034,12621.699834023937,0
7.078387735746225,1936.6469128238218,3.930877326734695,0.8008366600666958,4541.401395358642,0
5.409092400405099,1962.198521620397,55.09658298966474,1.5012071545246304,6823.880393908632,0
5.924475776308096,2391.256230222323,4.8944164767711875,2.4763674821793034,6413.835101489553,0
5.073123601450046,1969.1085097157716,43.0307727143841,2.7942563228073607,9761.343191212949,0
8.466723324529301,2261.0103531590466,27.959006879354167,2.4113350179303104,8480.332671918792,0
3.8415295872395134,1579.3850316127493,15.076215088080062,2.3327793203844087,10268.933872068224,0
8.730385514975389,3085.7319770226386,41.99299514294947,1.9240843702828103,6479.3379503983315,0
9.079524095894264,1660.9163078762385,39.02067007433141,2.4649487329483923,12115.856152037468,0
6.546729119526068,2071.2989184039166,77.20685304192756,2.1717669338491303,7791.998875552094,1
3.095294368259052,2187.007585663162,22.503775909282215,3.0826693831922745,10083.63665587455,0
6.458034157049064,2965.0752537427184,63.802202401383475,1.940932811493951,11586.21949676882,0
6.903723758066771,1670.0616876269041,42.04845828768629,2.8058048502416786,11345.372946484906,1
5.48410267010663,2993.4816541915006,21.77956236914575,2.524468449090716,9082.48522520539,0
6.227172409287636,2502.870728440809,50.984929150344904,2.4412659717224954,10458.040719147635,1
9.295292798295026,2366.8381297692986,46.314770089079026,0.7931052047229079,13224.98199191686,0
7.997390743452612,1806.1465251928178,35.716865897160986,2.5575137369286267,9540.803701924087,1
5.61315382843285,2428.4564968152295,40.32590712881247,1.923495212654508,5811.060793815261,0
4.603601245606852,1910.60535103208,23.060259379089366,1.733644103339065,9749.152192891655,0
6.509474023585343,2706.664501279365,18.484257494909862,1.110252175293252,7888.156345941229,0
6.679814830974343,1811.575188356907,50.18884347645166,1.9966477196190902,955.9965967869675,0
7.744298781044974,2154.7366022175665,30.52121151373452,2.0201309580909457,9385.994071109279,1
6.197024931148512,1977.8907647947315,33.39834003501815,1.2181988469111174,8349.951950046821,0
7.767249363042792,1804.9908150292022,40.59643191888554,1.116031896263785,11469.253314492315,0
9.902731060090343,2496.527926763166,40.305766895676165,2.291971688076867,5749.71902753508,0
8.223251533666394,2414.1834989638533,6.413470580518705,2.523023078636826,3482.871012862077,0
6.927867239003841,2683.604079560399,60.72504172909717,2.114169745953453,8506.042578231529,0
6.725274293420058,1488.049956716733,37.423643038013566,2.690500789810618,9140.532162816338,0
6.464990298730193,2625.6682809364174,30.946934743557012,1.9481690093891009,8281.498836156707,0
8.770961368678217,3202.1795621427573,43.61692010339493,1.9673892353598785,8062.126051056211,0
6.059029831073046,2019.3435643292212,39.730843872297264,1.4497831827555259,4793.8191373810205,0
7.067834063499974,2958.0594448435877,50.34125378979404,1.0638548134677697,7583.2485890752305,0
7.076796852821628,2094.7354911760694,45.759673443018826,3.1127972803157506,6954.782511486755,1
6.247323710782702,1651.0361049754772,49.356924579925334,2.6787794301498478,11218.12622230232,1
4.941301678173849,2077.747023037282,62.01987811455032,1.164492459716913,9137.976092091842,0
7.484461755426502,2619.2815870701106,52.672490979419436,2.0934511446987685,7166.008634764416,0
6.908494042216924,1864.7294070673875,31.790275593428746,1.9399722133378,13171.654629268298,1
7.750360704154855,1959.8645363974051,12.541976878463345,1.8356045161021741,7193.276971354972,0
6.19959954034125,2437.415772917276,68.3559586600903,1.7545892913110364,9673.360171658489,1
8.831231948219571,2201.224046695429,30.245532533057748,2.2287614881807873,7499.2359992321535,1
5.684839328182233,2433.8491809946963,25.537851732789555,2.490905315282885,12893.457545084013,0
9.56806042602684,2295.1318163033343,0.2654636447112182,2.241434701416923,8260.579327440833,0
4.378545235257608,2391.850127820629,41.76946210624223,1.9276889753724837,8349.24268367202,0
7.652155096835337,2027.0795256761835,37.9777320790754,1.905663969865328,7580.3889236818595,1
7.713146023789935,2292.692376812157,4.697701275010388,2.5620885901536,8589.535778003645,0
5.806664398088676,1829.0507977216266,44.06548084266352,2.2780669628696373,11598.613515943727,0
7.636590906791519,2715.3734490013553,25.03616158597122,2.0436136778212597,10537.531534054064,0
8.919278004640239,1946.2901132730744,88.80630014577387,1.9784592214399352,8084.228543348513,1
3.6747717409689034,2651.538995019756,23.612776158182633,2.2071623057673735,13103.975319369962,0
7.754117211236222,2106.557215606854,26.296133356044137,1.7189907868643304,10618.956924027707,0
3.2600937695048837,2280.7996043029284,17.504475514912645,2.492923290384926,6685.456642407952,0
5.551502794715188,2002.0141796437197,60.55753042083944,1.35448486289728,3858.954938798186,0
9.443749547351418,1793.6018275327883,27.544484110704936,1.7531260941401108,6754.958594610289,0
6.127326949911919,1502.0958449578793,20.501716924690065,2.3666636572676145,9240.046335650759,0
5.239180053386541,1777.8703365630163,49.13910019841085,1.3202703119874362,9791.60111189428,0
6.703093406522977,2070.436458713631,7.392941291736296,1.0561948744102998,12077.413049906057,0
10.101859507245328,2284.7516715315537,47.50221092497895,2.037846605257544,4716.362074643,0
4.25247662919096,2604.151725313305,70.62799433201715,0.9821251073321176,6682.533998159569,0
5.423035132540983,2021.6970160812605,46.332156656701784,1.220717867568883,4467.07199037646,0
9.24614752476944,1847.2156942931304,47.757966325198495,2.4539564711038593,3983.602365261663,0
9.786553515306599,1622.9140855989149,52.401204338149675,1.8771288454365584,6116.543762140044,0
6.844853163564574,2392.0254471616418,69.19416057351037,2.771292169825391,9099.836732882064,1
5.141420946210037,2753.277806131737,59.19787920038209,1.277111395437527,10314.183304670949,0
10.143765252713738,2706.5321071825156,43.79339444546048,1.9436285806206293,5154.937680134976,0
9.391663587623796,2483.9730992588948,53.077828012720026,2.2397507319246555,5572.172241838281,0
8.01842048164335,2455.4173269070398,17.281301490697786,1.2976910419226546,2660.530474029698,0
5.78139647659387,2879.049511883736,50.52587181494644,2.619057142699775,8643.056624830988,0
6.926455988742945,2332.832584566724,14.888880576325047,2.3064073298996233,5803.583294087785,0
6.759459878432754,2458.4518704096686,27.659551627367467,1.0344277479875397,12989.094134635543,0
7.496276956923366,2071.6864552592006,0.0,1.9773549222748397,9229.426398948784,0
9.176502157197003,1655.182651658097,43.028593187349244,2.2315740417551795,7485.662769629675,0
8.319125561706105,1926.4604398001695,22.122559777832947,1.6459659958831656,6076.662717366643,0
5.383935884522863,2196.3363845861377,57.222904304089255,1.112081056694712,3515.9893394173123,0
9.064744675029306,2224.314149000521,42.803852212108055,2.167075273668446,3896.3846691637073,0
7.469698210019733,2970.5143419421574,57.481917894032506,3.326745770169537,6133.577136283596,0
8.030598693788374,2232.5108670364275,13.328069106549243,1.7678095405053857,5903.291353927086,0
9.199811288917903,2671.5373776102574,55.767720743192655,2.941544708770825,5002.484471462017,0
5.332629625729673,2025.9691033694735,77.11712688726654,1.548626706943119,9131.284182327034,0
6.946261631940305,2075.3296456939065,50.283165998637884,2.129327381005971,9542.796777244577,1
6.2028181729611775,1668.3969451106207,50.80698017384577,2.4629135185256716,6624.102808094815,1
4.648210861951816,1903.0687948493712,38.3919535278987,1.994951800417181,13805.456804795951,0
7.5200649664073795,2410.792556545501,24.506624388692714,1.8213586106712614,2759.811900451724,0
10.767334827376636,2203.0240721576533,50.22384745403017,2.4356765128102245,8174.49169691679,0
4.239883383241371,2577.1754479588935,4.878341791958633,3.1348730691615323,7344.259387736224,0
6.951579083425795,2272.5015793380203,26.64489750158367,2.1803521547834785,6347.89735409823,0
7.96081440261216,2059.0185073449034,0.0,1.6903638940817916,5907.011461960821,0
7.184617302484272,3059.3187455147836,20.926872453698344,1.8861490656441902,7979.120351262925,0
6.83030792122639,2162.4385725147813,47.84090183787122,3.511824587387225,7323.416518034814,1
5.051175454831263,2665.2003878821215,45.107867524409265,2.0809442698028766,6824.370418662322,0
7.349180114410245,2039.5163173821288,36.01827391070945,1.6433517808532163,4103.841095031876,0
5.86485403447611,2483.8397917534267,38.408019881240214,1.312959250110476,3145.6645465685033,0
3.7151174425321702,2571.2062636606747,0.0,0.9044593435324366,7134.450574413304,0
8.791888330770597,2283.3967882302322,27.548754388581703,2.218150564307714,6793.711686510409,0
8.437578729763064,1258.2068309213591,21.3729678712958,2.392785195694702,7408.889419169517,0
7.07749146527662,2207.300984342445,21.818806189709186,1.7619822920208759,7674.134606331474,0
7.343612032308554,2692.18401910399,46.99157255627507,1.9910177491814276,6432.492974351547,0
8.611477019073343,2410.992333211092,17.789853469893792,1.2977229744268257,7362.777728545383,0
7.336509485167124,2378.3355500916987,22.906382997451782,2.0797570788965007,5439.415075689516,0
8.356026332141973,1511.0972264169923,0.0,2.2888971923402748,12571.837427489849,0
6.553776698689225,1911.8179717299765,29.11753639247661,1.6789014396994173,5600.779555550094,0
8.96797560786092,2364.5430524605754,13.243249045727605,3.0142716017515037,6887.057871603978,0
7.481178588899025,2364.153310714757,36.58405857379287,1.497736203951853,5828.633632658359,0
7.2910779154088114,2685.866712053161,15.977839065150707,2.1700859624113895,5778.255379385291,0
5.094908366931952,2142.053297941562,37.09084491098432,2.5089903318227633,8073.9246999138395,0
7.430433781452563,2362.3296346695256,32.106284785153136,1.9536262999103704,7693.297370350964,1
5.7520676237583235,2206.5496967725176,68.44083546084642,1.886913908663305,6621.61882887437,0
6.042575910207258,1805.2229053993774,44.94435960906387,1.1426803097302027,7149.5720253370655,0
5.7769365575258185,1297.683467562101,0.0,2.81440489742977,5840.559347020188,0
5.400647602151162,2372.403876852031,9.702223117945831,1.8980640789994425,9205.176913178482,0
10.187157104525443,2269.5788833651245,36.104160179846666,2.322419254960895,14165.578227772141,0
8.997008592982604,1952.7299831599325,16.403041032146987,2.4036322927160843,5375.476168300345,0
9.880551253216392,1552.330777393654,0.0,1.6230209047893482,9181.889671203815,0
5.165657470666654,2451.8958057634954,61.99092627667487,1.881482837425271,8134.84687106213,0
7.1068806248663385,2093.631970321779,49.40448033810816,2.800689410446102,10005.889274397769,1
5.059738562193856,2422.749888947258,45.41953746983543,1.329681400555733,10090.378881488214,0
5.956457684204404,2945.619412164703,22.853539090581698,3.276750844854354,8616.238091655981,0
5.622809524875137,1343.427647872118,43.55353542019859,1.5530763288342357,7880.538271654701,0
8.859376009662341,1920.1596765190545,20.91279351558237,1.292289526015693,6696.649401054661,0
6.40565548284736,2116.2497546752347,39.09714600435382,2.079385412413121,5705.118940674094,0
8.602569000541024,2781.9304696586605,16.588335483270452,3.3250089586039224,7709.463017144646,0
7.906181334382777,1545.438792317406,65.32576901112029,0.8534204386446771,4146.233505746959,0
10.455458128157183,2974.344410272242,3.5952669183631087,1.9153905689061848,6218.432029647594,0
4.780833665290414,2254.342360626516,59.645676590216624,2.2857590103539334,11320.560873417706,0
8.888849859680198,2161.5997353064568,35.7783165603466,2.0201899751213186,8295.536663239074,1
8.719661305601091,2120.7760947124375,25.210660093160186,2.2291530020018056,10677.993256806649,0
5.539931742959448,2025.4947871279885,38.34005843391476,1.5691801506966354,12408.931659975271,0
8.51070000470974,2619.2467037076617,49.66696014356362,1.6401668924411714,7468.911632255548,0
7.504217444539343,1772.5916983670245,62.33493473388794,1.91094641170448,8621.977502580925,1
6.658785610069888,2338.1656726575416,41.262860462670645,1.3220671472583494,7094.462317541734,0
5.764096769542,2046.3273337172097,17.186078294754456,1.9731881591358862,5562.182718573182,0
5.921335822826221,1895.146620594361,36.11260247531577,1.766752823797099,5141.095222002786,0
10.07471814367889,3234.390070273558,71.33586473324746,1.7179728889070789,10529.451117789475,0
7.001024228436224,2367.6202939013842,61.95356171025248,2.1923038475591827,8625.881841456943,1
8.173195002297188,2445.3062178644577,53.17526956248717,0.9076043040804178,13539.809216243159,0
5.813650927498671,2655.110712267465,50.91374040244773,1.8625459379701077,10916.156038771673,0
5.830220580667541,1631.4600218725811,48.98900181213084,3.3904122593689165,5806.361031390896,0
8.622977213874913,2900.916763648813,58.1750966901974,1.3483341882046251,10521.026540680314,0
4.975635682672702,1196.4171286019696,25.867424285561896,2.7713002978906482,7084.773382693234,0
6.377179348142093,1892.4934359845918,7.8982786844998785,2.0327936725476192,11650.579127387005,0
7.051041116608348,2016.3873307284398,36.38007001474123,1.6382253146711492,6540.998368270939,1
7.167058902760079,2432.689345988202,18.64836826444618,1.207615004282116,4842.722119271983,0
6.731360072475765,2287.487306456595,13.89958489245631,2.0838091791711393,5612.7347688157715,0
7.593729671643885,2133.274103720643,20.594428468241365,2.8720382634888058,5766.005292755259,0
8.039283633726717,2195.2010621489103,84.70627849067372,1.7664733128819416,5479.244706144007,0
8.101956318188995,1808.7907905909728,37.72249268151688,1.9514231451579358,6282.17517318468,1
5.52129428699826,1601.1070422063308,42.23815672721976,2.606222510114199,10570.075610975713,0
6.573767353106804,2490.604648934424,10.55274385991492,2.2045224748077685,13388.132624798553,0
8.792144292815406,2477.4824450144743,0.0,1.056634532165253,4009.4314533394886,0
8.341970781360809,2833.7977500628235,18.618947137623884,2.05933232951311,11790.539128499448,0
4.940710822778405,1883.9931612739167,63.763911704174966,2.907340946399359,6566.888852076714,0
7.527219850528303,2477.126084120369,41.68550932153042,1.977835288119501,9043.647593606702,1
4.032662125937785,2086.517308654107,46.971901828887844,0.5,3037.5619082801077,0
7.070402353090555,2676.189994077393,49.77132078404123,2.232928994954644,9572.105052034567,0
9.846650525118966,2608.7851106712565,23.173012404034445,1.8809261362735785,1984.0628095518123,0
5.578160924096521,2284.483759689783,62.75931167946735,0.9025433516472698,8941.805216930496,0
5.748515431762627,2064.1879373336055,22.343848015556354,0.9924751459677295,8771.768141088009,0
8.14604467235929,2584.3728714433046,63.124647185251064,2.585064285973285,8573.022902886401,1
4.685797727185531,2458.7618093026263,43.84604312270682,1.560570352642952,5795.269548101212,0
6.050867455172441,1926.223839165527,0.0,1.455502171558405,9648.58002328893,0
7.894661706372629,1668.8805306082277,20.0398102679893,1.9786168634409989,9173.244528250152,0
6.048571228465895,2084.5868397272816,0.0,1.6134782010080366,7370.1416490766405,0
6.646045019183543,2806.1655261392834,58.26564265588417,2.060029176666647,10015.550921525582,0
8.116278565472552,2658.594863493215,34.50529158395198,1.8783679823379977,7713.187560303484,0
7.632319125304842,1755.0690121317677,0.0,1.2800026519438141,9586.331476726285,0
7.400227594443103,1732.8970336400316,42.51493763439316,1.6932813208631692,7622.36201781773,1
6.491316581094942,2709.8735398717945,24.2567147522336,2.265651992785463,8650.105973328622,0
7.555091672903433,1745.7456380968683,5.323882899333533,2.0251508241431755,9724.168823225786,0
6.814400979850365,2403.718129456803,68.55931673937394,1.9508345105649012,6806.262279145895,1
7.6867084148886775,1953.5715138654705,37.14571732193157,3.1624305447076306,4298.490241237414,0
6.254601962323033,2846.817969808673,29.131371953733748,2.4386225152313212,8828.237016644463,0
6.726146538430688,1891.8300803448485,27.01150438027966,2.5114647588928056,11568.17413583879,0
5.515063311171979,2657.3446120823314,4.734410616844556,1.900418955323045,8897.452918872337,0
6.947488584990646,2273.943461624146,8.909022008317812,2.132087114210765,8954.426944089118,0
5.783498704556733,2300.8779416937145,60.69833569750166,1.7413400062845843,7873.471680510079,0
5.32893032475701,1411.8765674594397,25.52234260428562,2.466529859314477,10217.355958319602,0
7.387991721783083,1318.8346587177125,35.44135401873727,1.933760057540574,7442.193751586188,0
7.319109663786491,2111.7736238930743,0.0,2.133426649358334,6638.303656619415,0
8.174310602422858,2298.7624253666445,8.638159284089888,2.096366781293101,11315.894758624598,0
6.353311645637351,1749.9208689049108,47.19625039749506,1.9890998711567274,6408.385045121953,1
7.612079270255133,1764.522635809463,42.55423520227667,3.762912840293462,10668.412839355247,1
7.8261963584104945,2424.589051930453,70.06750397448631,1.6000284335031665,11317.806385873126,1
7.6671607117473926,2425.1417921828524,61.85912663262452,1.5945730819047845,9700.450796186182,1
5.761519475796787,2144.903575844829,30.385780550303537,2.4164580480870543,4252.293441282102,0
7.224045223406783,2512.08068847443,44.45907129426542,1.6428986005548925,8081.464727667493,1
7.546210444081992,1730.3190817119414,28.66793114193852,1.8251561831906642,7394.000008824149,0
7.010767700361913,2057.6260331652115,76.09619637277297,1.3481534279866292,6512.002233994061,0
3.8702835124433728,2859.1510423134696,57.980293921047995,2.294934751641552,8428.254762039283,0
7.24073443596022,2227.328851975927,38.393701817155026,2.3025543466904907,10307.619042492644,1
10.318796559095864,2250.5250058347997,39.007895697527026,1.8108847640459333,6624.342019606404,0
6.459941096864526,3122.378634387096,63.897005745196154,2.4288900130880435,7485.851977178977,0
5.907884353217018,1640.2631336604918,46.591556942276945,0.8851249917598452,7276.8231985040375,0
7.560022839567098,2518.5721466568443,66.17256034140172,1.575887959091394,11491.613136632935,1
7.4685673156998575,2865.5945119232397,0.0,1.8980124882734417,7228.69814656824,0
8.789102748124622,2070.0568294005816,44.224565229975966,1.2966305018582283,4296.783026714764,0
5.113197766136668,2543.8523147419382,24.691302706372298,0.9507721775487668,3279.6954830284585,0
8.097070378862488,1807.192201115638,70.12755975255985,1.8152624209769317,9088.188699697908,1
7.885633091877195,1925.3070417730594,65.92797374379658,2.416412052236445,5717.954780342294,0
6.786780194589181,2353.986566419054,35.65671618202613,2.7692650348559074,10006.173515817434,1
7.508030976882535,2519.426669244236,65.71261957622063,1.6716272700767763,4006.340034478606,0
8.544186222397535,2648.3746049624983,70.66229039985012,2.439929502572956,6383.2635001681765,0
8.308473070042675,2827.8514347757973,36.488133438522944,2.3819252228454006,4008.2934514395556,0
5.285471031889407,2173.021376577927,84.43867544863716,2.731164904600698,9303.83214664677,0
8.230237280133228,2677.444702069035,34.373176946605554,1.789885381787599,9946.54262187395,0
6.902967092451222,2063.0780626203405,30.709580993281822,0.9208997028891956,9015.8754729098,0
7.1093111470232735,2560.8365246353073,52.31745177168686,2.0421115114536468,4742.191038788472,0
7.1097954865025415,2282.9955191408726,27.924185377153723,1.391723755418166,5762.708767668002,0
6.7746355168026104,2378.2711628327697,36.70679551589787,1.5658969345627956,8702.941965834661,1
8.787561245660598,2369.403149608815,63.1886884810182,1.8192685135680906,2936.7757756269084,0
6.8744230602261815,1558.1179960808752,35.384377044345406,1.7966434211905142,7276.595166836291,0
5.320680807425247,1750.3512564556906,1.0996441404938508,2.0849355601374766,12550.716060007644,0
6.409705216045407,2241.016575927009,42.34638775698393,2.4218937898517705,7460.133352458875,1
7.268042075215713,1525.0883681435325,21.074128418952107,1.7793586500344203,3534.3660829041455,0
8.843822176445576,2532.484441279902,52.30542314589092,2.2374185039648027,6177.772256971593,1
7.90464202742325,2548.622386515257,48.92379431652491,2.008889605958303,6107.923022967273,1
5.724197081879434,2330.868221151116,64.42800696333045,2.561296637527067,14420.926339509682,0
10.727784875018337,1751.546394896831,53.15064601585394,1.88684488933621,12997.037241541686,0
7.397162966466969,2752.055575547406,56.804885673161294,1.9526439945352665,10192.806302304734,0
8.913086106998522,3014.884255887343,21.618064797245733,1.775359731200656,6970.772207775805,0
6.772428349634156,2258.8307309783895,51.07972991781005,1.9026508760249028,11601.888982939168,1
7.800038867058174,2404.2141513804945,74.3690257872058,1.5299071229924754,4599.621082848624,0
8.259202756777608,2280.6954619184175,21.227001827264655,1.4704416283138921,11229.725945732778,0
8.827292067631383,2412.1476755995195,70.99476583454197,2.465459231169635,10783.920612260132,1
8.586052458067337,2152.1764973494414,24.01299817597339,1.3500789900892392,7545.9627960521575,0
8.308295500109466,2186.1743040624788,17.960575099000515,1.808529146181258,11417.558940052317,0
6.527369903208837,2562.287040198946,40.92400886709676,2.6092056717625978,6658.336611608451,1
6.142380937065908,3138.2496647585763,49.31820832257619,1.7883795229978356,4204.743205705299,0
7.498911265486297,1639.9715062393045,53.2350024794453,2.497244272211345,10933.895038999764,1
8.399692108511605,2158.4750062388134,15.764751584535965,1.645372567563895,7744.271212581622,0
6.665918948835089,1727.815805907167,43.69080194508581,1.3693018361898837,9805.341809896003,0
8.59775794857158,2836.8099594304335,21.288908570329895,1.0431044870595076,13462.659774678217,0
9.17892511822927,1964.9048122720405,5.221554878588467,2.787634441563597,5833.237782811109,0
5.625518621389871,1622.7196824856824,16.425273689344305,1.3178772910193506,7569.861485480074,0
5.74461894430558,2455.2747995394293,19.981992680883636,2.4483119540750558,12708.903513733141,0
6.7894374116419955,2897.7244458972445,45.43190320705014,1.4000317839239707,10006.19519256585,0
7.461419002283795,2465.4391474243052,58.04427326137337,2.790430350763893,5900.651767386211,0
6.213149479349424,2281.919150912767,5.535867402494667,3.32406963476906,5134.946889381565,0
9.028304018300716,2363.6563691103975,42.03922148416111,0.9880819641857981,6415.758079689963,0
7.636100292277677,2765.9362651302217,11.466036284581872,1.3491461395047117,5784.755885591365,0
7.05917057236111,1850.32029199434,47.58170818028,2.463879118281935,8712.044358468593,1
4.846135714197208,2155.261158365475,22.545388379925043,2.307825754019489,8235.3035215928,0
5.0262762753587396,2018.9239405961866,13.973419639534423,2.466153112856115,8837.713262826053,0
7.4215138754227095,1732.8538770833159,50.993290306951494,1.6557466697573744,5477.5615953206525,0
3.801106560767746,2068.649896233279,23.261547891098104,3.19252049661402,7787.498277424234,0
8.518956114466107,2643.0884383929797,28.680720972946034,2.0708296800138646,1832.90067813135,0
6.76276923344152,2426.64085935709,0.0,1.2698224538938883,8435.0189520841,0
11.8646394543921,2457.7242000432802,53.931027228469475,1.848110899974233,11526.321934867596,0
10.461874375924166,2258.5902446613272,51.41817042338214,1.2778598622627004,3725.762271961459,0
6.727826396128725,2409.3295130914353,35.10915688562628,2.9545648151324633,9450.284691942383,1
6.840494496203028,1879.7638630607578,4.448381172884819,1.6038012423199302,6166.95694471831,0
8.493372271003045,2076.196045629108,59.18738356669526,2.2954900908467732,10407.503461080109,1
9.554758914877056,2276.8016947874708,21.674732272784176,1.7175961130106918,8475.942353636836,0
4.542956413845975,2311.006343552756,25.932930997988237,1.630767614142492,9214.112337981322,0
4.32043680196797,2328.075141968749,81.24088112719062,0.8538474912313696,8194.47169626632,0
6.066947791668428,2144.6658871934487,20.92727111781541,2.3589047617943404,11984.995419153058,0
7.874106374760797,2049.0306395478683,49.84419924853,2.7795087515775103,9042.231433085308,1
7.745310385761396,3463.1085132177195,46.24184524165235,1.450419451180909,5883.728857992646,0
8.604657182475776,2562.7149091729593,42.80344385760171,1.0728625310007973,8296.145156963012,0
5.200453707452038,2365.258990381049,40.64001085109022,2.481989625642697,6893.356871101852,0
3.5257842055466853,2106.7166007174424,42.52777123778399,1.0122551905362493,8487.199719558768,0
8.287021292953218,2019.5124692224495,40.438811818810805,2.7317197615689555,6740.690862899562,1
5.757705590552148,2147.6797625092177,33.961632824478784,1.4573629262272276,5969.567793361056,0
3.972268203417043,2317.131537434673,65.22566248221484,1.3380243543052242,8597.816638245338,0
7.217595618939073,1447.8257823747674,8.746788784014434,2.149077452678775,8167.368885849661,0
8.189763532328016,1572.2441618501266,55.429162080307535,1.3771164289931375,11191.867535137542,0
6.816914301818084,1945.247044424417,51.44684597375103,1.5757333512240743,6755.132362601561,1
6.313227420726266,2282.8557747114273,48.96798242658802,2.212389159602604,2057.4384575140784,0
6.76095665178114,2104.2907411392594,57.33958855280257,0.5425325977000124,6908.387604610061,0
6.444125856398825,2791.248490439794,33.14801209463214,2.9854515475569934,3120.707723250269,0
4.977929332089749,1607.0412852016925,0.0,2.026184079479443,9247.01592228973,0
5.927978984514352,1899.4618121586518,33.55414680571028,1.2242203925578832,2978.306214953637,0
7.781919857520721,2808.0366963964407,15.176115647508912,1.3896527784278951,5034.886812757695,0
7.48251781206475,2252.4477298700585,20.362815802838725,2.5949878269564812,6912.996625175411,0
7.252089708950231,2553.9370331204636,10.151606523351763,2.360631761044462,12631.851814283435,0
5.507277277219931,3020.4987773077855,25.45310283112331,2.832068394371127,4781.329652855247,0
6.727745256796499,1922.478232839271,23.067526120331017,1.590354293117459,8037.214949439759,0
3.734402430335718,2160.2742648831872,0.0,2.1779503022904816,9739.929730871778,0
7.267714995828085,2091.0292396276514,49.004438225645785,2.2559407470702064,12452.181659662092,1
9.143286561720352,1418.1627982066898,79.40643716009764,2.417160500151342,10333.38425516423,0
4.788801801936842,2075.841278497612,47.12474386992577,2.6763686740592414,11281.720854897396,0
6.121108490023367,2552.4248749522662,30.941520869315447,1.5696416564933917,10592.921176554624,1
7.493660168065194,2416.2358167248963,33.90507208647569,1.9314978393437117,4372.631085811583,0
8.879263951641226,2447.633267755204,26.58028263973648,1.6339101526519129,9079.07631295114,0
6.327663075549776,2049.7964077442,36.80083167733917,1.9684328759861747,10545.982856516668,1
5.961624506101155,1937.5611055977433,34.25983811853533,2.419059669237785,5130.49913097794,0
4.046615286375875,2707.702268759448,18.179031392034112,1.0075786998435787,6260.720369827932,0
7.155157193962159,2001.0731414569323,68.65776777895663,2.6656229416755712,5590.423114618831,0
10.063114060215616,2317.6328155172855,5.256915285804581,1.3164907254417502,10317.868957904098,0
7.416037692947014,2265.3338722710155,49.36663086388492,1.8155778081816611,7792.1566390126045,1
6.96658153122443,2784.6868065028475,32.976047453649365,2.746365154979675,7037.462316994709,0
7.483123466150478,2588.5649430689436,73.01663630131489,2.1968058307900433,4154.990250041037,0
6.983361994077097,1681.8965517331517,41.81729198496443,2.203717968958196,7797.8172404186225,1
5.780478441609805,1724.978733289984,27.801889256335034,1.2916243728229335,6297.234935045753,0
8.234919873516558,2431.5639272276535,30.045856031310052,1.3735484385056955,8730.018695792487,0
7.338642284667632,2174.264941048333,35.79813389039522,2.5647538380013515,4571.098404063648,0
7.026419877900486,2017.9312864184944,12.144186100071984,1.6465138727093662,8533.718778518602,0
5.536950959082625,2606.2511535977883,19.662609497641768,1.7030528760200905,6683.147688503538,0
8.955261897902139,2274.9837528355642,0.0,2.578370750632827,4252.109222794561,0
7.997054117999665,2220.9829547557774,16.54046203251812,1.3700518727782836,4018.1478863655598,0
6.170618743949047,2511.93145630202,36.878129633209,2.1615410797317547,4468.938835931918,0
8.502737280522906,2049.9564020225744,41.00350098569042,2.025744395700615,7380.802827678373,1
6.253643742422189,2827.4075941890214,0.0,1.9983885644820547,8362.986303090502,0
5.826994761233444,1884.7809507067968,32.25576593911599,1.6889386208734978,8809.470897131543,0
5.860445323779569,2462.7716265368354,46.268199016442644,1.652086891122003,8922.658753185344,0
4.343397170367863,2773.533135463938,31.741756132475295,1.3529815017230808,5724.4302170624,0
7.707313570627308,1649.08180429116,22.324227084443994,2.289599015624784,11175.208724285527,0
4.2532826824924745,2062.6659296590205,26.756777099035723,1.5991104850899585,6673.323421975541,0
5.1573342531013555,2656.8829571542233,24.184732900455558,2.581246772700351,9350.449280179197,0
3.8866179863822,2662.89781909241,22.265388817838854,1.8652669750456083,7507.53369951855,0
6.87089546081366,2131.4017598447044,38.476470504896966,1.3649297063473773,9126.863695109125,0
6.774519309592192,1906.1315625292561,81.15376455470903,1.8573116707109476,7357.015801565259,1
6.509955680220454,2582.3743289323047,20.126001661896332,1.7534856805181154,9180.9046297237,0
5.436133457994136,2673.4196410326417,28.637147346771464,2.6054620470368315,7977.833390359029,0
5.24164936984504,1734.134660595042,33.96604121249537,1.7785998864490806,10441.521711952068,0
7.696554795319861,1718.4345404134478,21.25291131283413,1.8342737712798045,5543.944870366406,0
6.174172102437268,2290.10267279344,56.964716070468526,2.8469280232954612,2690.325992328265,0
7.474537482304217,2451.7442533715566,0.0,2.3049603928780096,5079.927741697709,0
5.672126970813666,2080.372365907978,24.37881659242649,2.9976236096020976,11206.755245714101,0
7.271594114156623,2471.7175279929397,51.36627472639924,2.755427002438343,7536.323540336782,1
8.954917055974096,1915.9453572650473,29.118113832227323,1.4677024469822872,8276.186886639687,0
7.879248700589175,1354.1225603705059,18.58322082299417,2.5939705126400647,4839.090157860839,0
6.38137927267528,2030.4395710669617,43.815135088775286,2.9151819752447548,8196.661175450836,1
7.385798455533891,2225.2928586052403,53.12686470794304,2.919687879394052,4931.5620677819115,0
6.6390022382046805,2089.664016041417,39.21270890430117,2.5928575901460125,5372.656174841735,0
7.0118202770420925,1736.5586945362058,18.975592803742334,2.5805137969455054,6792.548951528359,0
6.511583421777244,1473.740409648473,44.124066383034865,1.81840337379467,9335.291773526436,0
6.753497191171913,1994.3644782528409,26.959013994504204,1.4975707493902553,9655.542741927531,0
7.318140029611262,2559.0623086598976,49.90373763787655,1.788669608661526,9737.13469381351,1
5.5099619506270745,2702.478975765473,64.66517769713181,1.0011265991403424,3235.7476548668774,0
5.476181759515033,2675.0853536553823,0.0,2.8056771892530232,7980.006498829216,0
4.917186169253183,1873.6361859405788,37.22134946391265,1.8300242243493727,7409.654499851792,0
4.599593343244435,1738.5174705478544,0.28532126104745714,2.774798437438976,3403.4527517556335,0
5.174075961669281,2398.653845991958,83.83577170659541,1.2611002536670401,8047.9513001665955,0
7.239193760206193,2454.04000463917,25.63750932407619,2.649574952601326,7248.718347689716,0
5.660818726762174,2360.067842080199,49.92746483650745,1.7030716050924082,9534.577016353662,0
7.770421696346644,1394.3746903048946,34.293662808102084,1.2293783550144957,8243.741228719407,0
7.052070623128842,1853.2461660466133,18.93830838561881,2.976270831295855,6352.03840915024,0
4.04724367984292,2188.1244838856087,16.558939056451464,2.6643870016044646,10777.287351370931,0
7.982463376332535,2394.887277852171,66.71358346201518,2.1270754521114705,1336.2994976746268,0
8.216197968387565,2506.922945040995,54.118761203566216,2.020362731080978,7807.20461471117,1
5.50920598774772,2257.701408912816,73.87168174755126,2.263706011291471,2710.247204024193,0
7.630287314342487,2332.3135226152945,36.109066703153985,2.116777146750447,5263.42018638164,0
5.715252643886202,2233.9461833444416,40.758392424920004,1.5246344274971173,9574.441109028048,0
7.146505565122503,2474.247749687393,29.656168686894237,1.7527686381290468,4177.407558677591,0
5.103252389567551,2325.1462605963643,29.258355937699818,3.1764306992232214,3728.846543888196,0
4.310340321198135,2226.295064018915,14.162261350452635,3.603294045576808,15145.834950246874,0
6.425774215580547,2092.6524803450475,36.68020381848702,2.9376011031384097,3922.1328457395066,0
6.814406580587746,2232.5165700169923,19.215068102276057,2.286934364097574,12951.562709263919,0
6.403480459578094,2393.83655153571,43.83817844328405,1.797350580378839,7483.393506262219,1
5.2239541626661605,2306.9901555592246,38.40020437960419,1.5210884636618203,6425.512635683074,0
6.400151406803294,2352.3305673381014,40.75364087351444,1.5606305537418785,9700.359171764614,1
7.403942128871101,2737.088744540474,68.50259879380451,1.6680394047879437,12009.782226633497,0
6.932660454816195,2306.065569098635,34.245641004688174,3.290698424855462,4561.796173675015,0
7.27375154589882,1940.4005918107368,50.13454005706856,3.083769377829559,6469.250630814409,1
5.99482719931865,2553.4427143976677,76.03018928171163,2.4477670339612363,10540.609204052756,0
8.757576872074239,1653.520664932433,61.13234138590095,1.4236320941523044,8863.982937281,0
5.23573999516783,1767.434647704285,58.06339396909689,2.535833556026622,11305.753491924148,0
7.731340445630078,2334.3389058880275,28.86623568959,1.8568297828936369,9545.335863295339,0
8.772836639439943,2406.5586671146316,39.59286111135594,0.7081943368135273,13424.672027447445,0
7.721362139123343,1701.979510598402,8.634474159401165,2.1722603824407556,8535.765796500951,0
6.696213659402755,2046.8730076053,44.97828801928829,1.4948521754995667,8665.433444992887,0
6.207554430005532,1957.5664671121365,40.489203552276834,1.5151679425459776,8965.164116047396,1
8.554131476569385,2005.3294708473613,35.467702503123625,1.8497552038591956,7572.533444820326,1
4.865537612107491,2577.439110509178,55.5438957648572,1.7010062162345523,10544.261476402773,0
5.544813609430534,2482.602185418901,10.84450355151207,1.9794459085375953,8711.123671589077,0
6.403663351762418,2192.351128058517,67.69725702320694,1.9506016699896769,10364.540027435432,1
8.856480636267998,1981.6152291540288,53.03529375880568,0.8745145442914213,10833.49956087248,0
7.5696514540613435,1660.1401319119436,33.587320406960515,2.9121667933296997,9285.364044680982,1
5.547931362234632,2768.0739755127797,32.02540824365213,1.4099739662307922,9505.148972702591,0
6.534538441922645,2436.845560113967,44.61222430497189,1.4285609689217162,4969.010637210398,0
6.078515283855558,1917.3323583707438,65.41702464127559,1.8028680489258215,6348.9392365405365,1
5.935316511649697,2487.8397990499566,37.03215437380022,1.9349990915784234,10530.150358972194,0
8.468334337835168,2171.9105517701496,37.880618039584526,2.8753878900991032,12270.89354545554,1
4.942385306104741,2085.1561980550628,35.36236955251743,2.161654071232941,2178.709323474919,0
9.41317128360156,2374.084611315841,70.64048225402945,2.3398792904657206,6296.410558245756,0
8.242344535276935,1903.40070003491,27.622337941259524,2.164721712549969,8070.86180724395,0
8.636292505905548,2062.497392195956,34.40984802761857,2.138876949499264,5362.176613757967,0
6.305590731962113,2248.584425679818,64.26871308521989,2.185837701852205,5532.441067454951,0
6.775088921381336,2000.2195228459145,37.94021667225727,0.8403595144586369,9424.759621381414,0
4.850272278212932,2467.6340841070096,57.74117720091044,1.8500489090962828,12744.1279075143,0
6.213006389399796,2947.626601471304,16.774398861940828,2.6973566663426944,1904.5293310335774,0
7.740482271464726,1898.280746957143,30.894149567429718,4.0,7488.571553054911,1
8.944094592672094,1533.9498814783824,64.68868076880457,1.277414640476294,9389.841025371165,0
5.339264774796322,1399.3039330094953,21.47320568472909,2.2538479761946117,10340.641916600725,0
6.451741094522101,2139.812743402007,31.974019204605852,1.657372053275395,8957.382029207116,1
6.773051169651216,1934.7341639495269,40.13370461782957,3.22859114233811,13284.207649808346,1
4.9063161967112725,2283.1442004268324,15.216909640140265,1.1877303435251112,8086.719779977382,0
7.887023862637601,2253.0390688104403,26.723797627562057,2.374963694189528,11935.978371176292,0
5.914014502386086,1558.7132613543615,37.25273363651281,1.155673340297486,6060.896988962093,0
6.706914473234464,1474.0464682074376,35.93363468323923,1.8088599991635004,8173.948839766549,0
6.322075942132184,2318.373296138438,60.60704041674271,1.9794120015501147,4361.854772603448,0
5.8159922414204885,2254.1715338879826,65.82914389664506,2.6418150090437647,10702.593321646982,0
6.989432521779168,2029.6728006533795,17.878302559981773,1.3536999043048832,7638.671412076471,0
6.676585632147966,1537.1425659470783,37.22537038334979,2.398029829308431,9073.463187559693,0
6.442213176582001,2388.556505105996,48.48496616849531,2.011266634032768,7059.894106144779,1
5.907307567479486,2708.7598181695776,65.32694931598394,2.1636760317715877,9759.285504977048,0
7.479287006174433,2311.1929760875687,49.36980594634259,2.5749996288110846,9192.301921567256,1
9.480425902738428,1861.0104437739742,40.818268031846635,1.2304659841968273,5016.0457100863805,0
7.209830849258691,2217.8208662284605,48.33085063965261,2.4863569838891553,5189.697702250969,0
8.494177322366694,1653.554367626526,48.4753766867252,1.6586570881463452,7916.693808975945,1
4.914667112269806,2623.184285535517,16.445714154312633,2.6575240729860954,9978.721872219972,0
7.236642158940654,2232.7377338118154,38.855975850125375,2.200734580722728,13588.686659341543,1
5.3539475215434,1492.7372352987072,64.18321988377383,1.8742829710897668,8908.972569997188,0
4.784612608702147,2079.730255822527,30.852864626119906,1.6459844185455073,11022.594207465621,0
5.890942888811446,2385.3206040936925,37.588932850948886,2.493976996613198,3161.447195707494,0
8.787849001620359,2066.780951609791,30.14967100947956,2.7565710112885564,14038.867548301947,1
8.425023743004468,2089.6417114239302,0.0,1.6802890754838893,9817.058633387578,0
7.3645070830816,1710.2391171810914,35.41180354469358,1.3201960605311618,7851.186466523661,0
4.700949160165104,2426.6163948326625,41.03583861305745,2.416526625767135,7505.9118576262235,0
6.705579022918095,1940.612319992345,24.75013218238196,1.1308814347797798,4678.400606423005,0
7.452550013352603,1337.4218491979868,11.907261022305438,1.2166925374502169,5536.139612839487,0
7.263304344367897,2051.4970517318425,17.387870804367015,1.3623798346832605,13731.306896400241,0
4.234309624778882,2592.4598862281414,50.28375232271128,1.7507297101767503,5032.986685141963,0
5.664523227970192,2045.228221360021,74.4504954609381,1.1982008664707329,4975.196726400965,0
6.903883353776925,2895.193994049408,62.64866681810865,0.8367200543710533,5893.3385417732625,0
7.804436364275785,2371.5871794194068,8.113079903388964,1.3187334833977262,4405.457741116182,0
3.70580826835008,2335.5032649121463,52.09254621101405,2.385484667943571,8045.91972453653,0
6.756814036780212,2148.6406936329563,21.7367524838142,1.2370735567239397,11266.731537995716,0
7.214573154818429,2172.685516894284,23.35465874982446,1.795838193227498,6168.523021183899,0
8.27441798277432,2094.630545952198,25.76048804057432,3.1680190774193373,3880.0271607175355,0
8.039286376356156,2079.0922431669896,49.12133899710861,1.9704955219837457,8875.583939043961,1
7.873856978213208,2412.3468648268595,54.18506752898077,2.205518593837756,7832.6769869605605,1
5.8000892399470985,1825.6675080837738,33.03937857440424,1.4323759890490682,11008.173650244873,0
4.137996794315039,1769.642468510296,33.378585179839504,3.2980849122200855,6636.475102093189,0
6.410420864407898,1750.721979649849,44.28527486471586,1.6752233065169428,7219.529661119975,1
8.50244773781284,3018.2618190708617,46.35989079048484,1.86313718932909,7551.408906370193,0
9.090181791286646,2412.137160668232,58.524514135170584,2.7902352067804186,8267.012331660446,0
8.065823653446678,2321.796880672058,9.312560489816025,1.8909594530878286,6822.31496792723,0
7.644011234202601,1776.9941318826275,35.4005467960806,2.028733269605129,6336.067675861974,1
7.569459472578949,2449.3369202699314,13.63951248217645,1.8309870075265222,2448.8669453544762,0
6.165821879858829,2153.3714614186683,33.98115441873194,1.8351005731656636,6303.838372639649,1
6.80490955966957,2285.6675764527,30.47649424638478,2.222301206496855,10145.669804245255,1
9.503604288739496,1809.3518736545775,34.065010921945955,2.3317659135188635,10550.736558106657,0
5.586162991312186,2264.107542967031,19.005142237789364,1.6140509412724597,6586.660929226098,0
9.422168186064777,2030.4665847174067,5.254204135851424,1.5403517263118423,11898.457994545286,0
6.516957768261912,1893.7555371879248,0.0,1.634518346685462,7913.887784898936,0
8.988148163642618,2493.6425343228993,32.37639691470319,1.1592475914801392,3986.460884552156,0
4.889777485753693,1584.916876587999,26.37997788334122,1.0457418448884217,3042.8478306372326,0
7.878856301746974,2425.91050572566,21.481246703923457,2.1783002883349445,11654.773767859178,0
5.8948447960785675,2473.7944534211983,61.450969256633215,2.5631574819050673,6880.988824216779,0
4.877099212113719,1848.1425297795038,17.811236264093782,2.5226271758871306,4357.806430782262,0
7.327801063616419,1871.8686155470132,63.33668164277606,0.5708052361180049,1222.171485693395,0
8.514207682893954,2110.789727493439,67.47687488538514,1.8529609477740436,6812.851667374571,1
5.732587842109755,2312.814484184888,0.0,1.3387448266444646,9214.252576989084,0
4.751476059312398,2138.85800327431,36.84762917997939,2.086242462692514,5906.9265678613865,0
6.862232853497567,2373.4249840767516,27.006070183280183,1.7493058887143713,4840.264519598386,0
6.868847006834228,2905.1918610149596,0.0,2.355147143746753,6351.872694179818,0
7.8224794413317476,1996.9132923401144,6.107174938631715,1.988508145759195,11729.576057434568,0
8.424391857046732,1513.9280117186318,50.498722142169484,0.8623988630492665,3821.0551469744287,0
6.910877228091259,2530.3694332122614,75.38398505422529,1.4197484763202757,6074.8969087324485,0
9.783254972191394,2873.3258303710118,53.05356285398497,2.0034710688959922,11632.273218852772,0
7.336352116802938,2357.1073452204496,41.47264945025955,2.054066257538652,9482.52886827126,1
6.480360240989651,1764.9005298585328,34.57335236737825,1.156593915377599,8537.38344133687,0
4.582648961345758,2150.4430547059196,68.65325829296228,1.078124177872327,6054.661593751254,0
6.606010719525749,1752.590606315347,77.96478403915282,2.0337472025439074,8091.5144435012835,1
6.495419581883295,2457.142197585179,23.263146409516278,1.1577996163696835,6386.512794640098,0
8.440457194422205,1659.483838920626,0.0,0.9988223440995285,5421.841606787747,0
7.693725436100281,2079.94848526872,0.0,1.732915692421195,4759.827574094779,0
5.230946317551075,1798.2648694824375,61.43761984319604,1.7069323451968095,10352.286789117496,0
7.2583815796165565,2250.7298740539845,34.05882918451227,1.4729597135964192,7818.781603351593,0
8.00729675759358,2053.4633291448968,38.66483820917437,1.5777578259650222,8943.541231408088,1
9.29204703908175,2270.7048413001057,0.0,2.0083014339334366,8455.019557404212,0
8.33125595112109,2208.9402219865465,19.93622174423067,1.5679022577921085,9322.756483425079,0
8.141269981467216,1805.3363889103557,29.090383721984352,2.0424182129989035,7235.843630042325,0
7.090128991922746,2450.7508254116087,39.156767667281414,1.7717188783295994,6555.027646836277,1
7.582468008135175,2180.493739262754,27.02815922172482,2.1005900932319936,5554.159011826632,0
8.874257351059239,1804.5883968536398,14.253476033973147,2.526923339261987,3758.092599778659,0
5.000833903780525,3096.3706224823172,19.308660147949542,2.503548707234357,4633.90048813125,0
6.475841009174566,2390.57206668685,59.16646571894466,2.77292628263965,6903.746836699335,1
5.841146876865639,2138.6957786402777,39.895692392069996,2.5028881381382964,3190.881546693565,0
7.568729678089186,2766.081810680729,47.24313613911103,2.1431345189250828,3853.142287591909,0
8.845333263476181,2936.726243754643,17.02252378245341,1.7399410174159133,11126.419677905533,0
6.10453856991839,2141.860231074446,0.0,1.7673434463102655,8672.538454561378,0
3.4145434487958433,2338.958994573905,24.53791386231007,1.4733336161385138,6644.489815389438,0
6.381668882463295,1804.7988727988236,17.66858891149007,2.002717574630935,14814.723376713682,0
8.37021059802611,2141.1228996927953,41.98024537256158,2.418432487227161,3055.250843860914,0
7.80644485442482,2120.374978496052,100.71447427363684,1.5645994382701875,10926.833829385465,1
7.642279371715864,2273.9308134486614,48.903320352365114,1.9776692848017356,7665.601751661752,1
6.5800100471882805,2333.104191454804,89.71920318766976,1.5935826627669385,10355.141068738436,1
5.08145389567032,2423.931379531224,46.37539390678897,2.1256125981125686,8326.861151812422,0
7.772941482436702,2295.0570625199834,22.4022752485457,1.6703699696300298,2383.264813264227,0
5.7485772849480625,1715.7029493483342,41.958321562417666,1.5562936572235684,8286.381402676485,0
10.276145100070684,1824.613157703566,70.61277198955416,1.5920199830407848,9006.667563918794,0
7.8557608125317735,1981.4369522145307,71.59125192642477,2.30199726430734,1424.0441044267582,0
6.129027546169073,2087.1037632307084,23.49325263913842,1.941950356801787,13832.144881405695,0
6.082922128917057,2620.3097161888454,40.06367391398598,1.7429469619999785,8933.622782518316,0
6.8605836900796175,1734.8244052588348,6.414662406577097,2.1568427015283262,10015.963220409487,0
6.6407471169673755,2057.03398073172,51.493372493828595,1.7512902695194097,4503.411831271065,0
8.675250663294932,2581.20379928562,66.06709398111789,2.675910736211422,10071.852566436855,1
7.27962425461607,2080.049010201355,35.795989082320325,1.415680307784046,11268.513378689167,0
5.902552391637208,2384.16625993713,21.652318912797437,1.887817092309631,8760.704684413537,0
9.835661027733675,2144.1831828288387,42.20261902555126,1.1571408669997996,7971.885324437707,0
7.073962497280334,2302.7133029298893,43.34918062726332,1.7918753648659438,5319.235625304751,0
8.153259513953346,2108.610982476184,36.6228766369924,0.9922187013760222,7351.379246650023,0
6.087660238832861,2466.826189091342,38.574302486719056,2.447789913535476,6463.911457222159,1
7.544673441616785,1581.977437037426,31.52370299061258,2.4599022602033473,9715.986912178052,0
7.466664986714793,2054.675196644582,54.91909856452812,2.4705021042346855,5450.372224647792,0
4.16552606185577,2318.629070677723,49.72454890330254,2.017323488104681,9693.952164510672,0
10.02291266569096,2413.478099202477,15.337937057117013,1.472077757173945,5483.04331181103,0
8.93596669138382,2797.1810491015312,14.788187936828106,1.5197956207784302,7212.942337519945,0
6.404207025781019,2043.5901332537694,29.91251165946876,2.918103233132313,9848.13319103845,0
5.346595389316217,2791.792704744349,49.73674248210358,2.861406262279878,5888.609840041869,0
7.521342420705328,1936.390469336132,37.96114827781629,2.073533094170463,9951.609466932805,1
7.1300465491215945,2731.4585646178575,22.136991797546894,1.6906195795518038,9658.982473014104,0
7.533503422844844,2526.986850679349,40.230371934516604,2.8211740536191066,7187.147979869169,1
7.2873660942911345,1834.616568147111,28.38378960955456,1.583298103169114,11485.349604067367,0
7.759361483958889,2322.815694900729,52.609729204482626,2.1373095248575447,8233.353025931343,1
9.17095854908771,2179.5056657871232,41.66116870134095,2.811174383239075,11306.82957975605,0
7.852154807692969,2450.2338374700003,28.694436250957125,1.4981969002012234,13380.394774631535,0
5.425516751635088,2110.691364626676,39.63037544092923,2.497534151382267,7276.096934896066,0
9.043844279068677,2077.1015097353074,61.30096119048403,2.3123364775063218,9934.86495208219,0
9.46092184523243,2747.6378331051405,23.60739846907245,1.9762900746610634,6087.296224031374,0
11.728085101768126,2160.5116422177307,43.05313963294322,1.4039398405201307,4901.556771475405,0
5.314758950140603,2530.5689296767064,33.59079319068008,1.5653361439380344,7413.621027840714,0
7.364323019725412,2109.85940598232,43.53967367724199,2.173670643710395,3912.199160751611,0
3.876851945216519,2866.6653036910093,21.908701168085393,1.1459979230711679,5187.176661058071,0
7.829723734568814,1928.6661482658026,37.20670866318751,2.07844631541095,9774.297797963203,1
6.177699552749841,1954.3425875011262,57.15646564833602,2.324630590436998,6459.052953653485,1
9.88516869223743,2809.806872446361,16.259860375077853,2.59113210368546,10131.542261365585,0
5.838077544972127,2022.021443641899,8.411897933498366,1.1609857553238665,8898.235814052461,0
4.466225443049107,2840.429722465757,9.170888710260712,2.789748378296764,13553.462186057346,0
6.293104388946221,2556.736231837925,11.586749395996222,3.0172180965079614,9573.011856728137,0
4.036768343174294,2138.1401173756667,46.90646575785328,2.2460909406281564,11342.654210837944,0
8.126649181760966,1474.6826111931366,6.882806282690691,1.3771708511452037,9205.65398938264,0
3.9023754306155194,2192.272678291266,29.042093105129386,1.8031344269838554,8934.180503234218,0
7.042686371774738,2240.6520214133698,47.365786066214156,1.9714416529288958,11494.199126339945,1
3.883282270215705,2666.887093321749,43.33318121097187,2.162278105238334,10006.392397595793,0
6.519553293195037,2835.378870496045,27.288820400750296,2.0131889315861615,8630.190838872284,0
9.465067233706801,1926.005128342501,38.81847463510212,2.1686990857367703,8616.963997789153,0
7.540971837153693,2520.472705595273,37.142906594751366,1.9455519455965262,9614.687935491249,1
5.704759592552599,2506.1608624053397,30.515180889036273,2.159064256707346,5985.8794416203455,0
6.953194766591374,2629.365080964178,30.783305626908394,1.7236859473032118,5858.601601583905,0
7.02702530806667,2399.4759648542176,79.70854869513921,1.7970879698105189,12276.217797118796,1
7.708945518765108,1423.0009236152919,51.18621807862601,1.6543848977139994,13593.240991579994,0
4.94971245507876,2137.831026988896,84.61301835024287,3.150355720702443,5213.352624769503,0
7.888850910770996,1737.7169700332338,25.060737341589974,2.8783404717045937,5993.016702680887,0
3.0,2118.9576908327704,33.30066806223705,2.3331765140081693,11427.568458512435,0
6.0551731714542845,2592.001694453558,8.357484694467054,2.795185398360643,9600.55997942719,0
6.267589236322683,2322.0603343499893,18.808663958208555,2.4790768033867296,10029.284315962766,0
7.9499902391068575,2659.2363465589733,73.03826297325003,2.108762695708433,10689.803884559171,0
7.033946279015304,2336.7015682854158,24.559314203164874,1.0966571953881898,7277.803514767773,0
4.89165541921557,1680.669624132439,73.38562600288918,1.8427016479249159,8989.90977497056,0
5.522510311274477,1191.6611973709062,10.132754786402192,1.7989772647889888,8756.576452094276,0
7.298020014321111,2259.5235046718362,13.930619318534461,1.320154896144706,5424.525199263619,0
6.881398987203165,2114.429413459534,28.175375579531575,1.1083026352360303,8945.272829647112,0
6.13131383554638,1809.221704247247,33.725001566416445,2.295631607940215,11713.132088449005,1
6.278749315732031,1519.7491001394487,53.46174584900259,2.194702593422488,6997.600283469916,0
8.044251995738934,1906.1027146109163,44.01540834372532,1.2995618119594328,8457.707746222803,0
6.223461140696178,2122.2034060540896,26.673694853119443,1.5524728961382863,8620.126748032568,0
6.86786313395639,2466.351129482556,32.33368386963787,2.696733363892498,7146.006348694188,1
10.254904882120815,2275.452432627192,28.618741604306,1.4733820918900637,10030.703713083072,0
4.864476044674115,2843.2268988690917,16.706925293485405,2.1024793423602812,5959.803106235038,0
4.222235902638012,1785.7583775818423,17.240741267967568,1.8861330202592115,11997.936556087803,0
8.17538449719791,2552.4235568229733,55.55767782866819,2.3038180826372376,9878.616684896737,1
5.982035408058845,2218.919497251491,0.0,1.4863354084061418,5189.694197981316,0
6.522643708386069,2477.8676496474336,67.34717394890109,2.054050086524064,13094.02905465876,1
5.828265432803329,2025.3940546937827,28.14011548795536,2.1012335464075265,8504.304383784785,0
6.610299788848732,2628.672149556236,19.549827872156797,2.1381084837375317,5831.157448294845,0
9.397807168144512,2318.089903338097,49.79518581394538,2.047444314777568,11313.663574973574,0
8.20319268792718,1928.2220060329003,64.70433168294235,2.206765592356466,9484.014558344075,1
8.293335267830466,2195.190388434725,57.35264883207915,3.3150621992304865,2684.120887297885,0
4.875659416311032,2104.1776564251604,45.03704098719781,3.5367786660626637,6423.019048268439,0
5.273269395170696,2395.6713402551177,56.73726979443671,1.616470315527967,8837.292011664631,0
3.0,1728.0893002501966,0.6700484571226824,0.6090542117885007,1521.2999670720237,0
5.785928768375869,2188.259319153722,24.563389170237038,2.357297180433184,8255.210256162181,0
8.435054779578488,2358.122901059732,16.77659879950311,2.1117514759407596,8473.93811811578,0
7.7754197736225565,2213.2093228772133,59.49277462430351,2.636625115510148,4449.524352872533,0
6.667730105571814,2738.776497755598,27.330439621522267,2.17093153982919,8811.93465877989,0
6.96654957442292,2509.609109628421,51.90813113564111,2.0351623637154317,8022.3915173751,1
5.966671686136891,2197.0076813037012,45.71713884977276,2.677343957526334,4426.117682344957,0
7.307138323602676,2286.675638999069,17.75386127672638,2.761268353048305,10758.681640588475,0
8.148817419220922,2318.2662205928,23.26083580047431,1.168063964731401,10513.561384303415,0
4.57616981888429,2361.3198416667296,60.87635381629452,1.5100362877162499,7130.788739442916,0
7.449471531756022,1469.7368017341569,19.49034702631173,1.936644224426793,7404.256029824529,0
8.398652306432002,2079.389481692261,37.49735220390958,2.0590625743547504,10178.791812786036,1
6.377349566554946,1606.2243727226296,19.3491742734711,1.8644100779886508,7398.01057066458,0
8.051050918180875,2711.3123789837946,28.720956261682787,2.2605243067171314,2207.2753984395367,0
11.22198166670883,2175.660191998829,34.076761120600565,2.5976628735902603,9460.809672199783,0
6.843485810519662,2122.663620128151,19.342669794050174,3.033625826432437,5560.222037784475,0
7.589960575007986,2558.718932813294,15.79106092032237,2.3473478142637396,6830.470836747219,0
5.892914374507913,2368.92991897995,40.72546673554885,1.488599792928134,12373.611703854427,0
7.271876743903076,1748.546194248317,18.105251824176477,1.911574264881309,7598.064577973606,0
7.690407437473456,2171.6378549890524,18.786848886026547,1.954788655244266,8005.20480762162,0
7.292263510405207,2065.933210709446,16.218937125960586,2.3087841439886954,9529.001826390791,0
5.470457020436715,1502.1868445575783,33.44183907337363,2.2329008200603653,9516.001831622096,0
7.309542656988176,1923.889506705118,53.874032687996824,3.2302379906669056,5242.406697866651,0
9.193293908076456,2126.583871193414,65.13057272624533,1.723092118847055,7819.104453396877,0
7.672953646771791,2154.019627403263,20.48163828012443,2.230850320260082,8108.457583777481,0
8.442980783607762,1607.1074305290765,78.00621586662422,3.4128268386464553,8816.080689886481,1
6.644482044981059,2660.6662332189903,14.905902785864082,1.6488758618578392,8867.665822749857,0
8.124850359135566,2159.1587764434244,56.67097046655739,2.0870892177022133,15762.323686332373,1
7.418901757324789,2215.021230664225,20.56607091969115,1.4330716993255908,4472.420688238266,0
5.573633905469152,2360.2566553359347,17.581534602599792,2.049252139776459,10940.274860593869,0
7.477781507198312,1884.7694984385316,20.104876864312224,1.531869711117415,11550.127417499178,0
5.512455004839534,2382.5423892530785,33.95104600701762,2.628080542094808,9478.351921770582,0
6.050679587672812,2053.170141592727,46.5994434206722,2.0883913154188374,6049.053815380776,1
7.283992460938562,1841.3657837411233,48.39736075809644,1.438761644010624,12994.004090802879,0
7.445866410070186,2429.3789973421594,16.120299693042234,2.504340618675003,1424.0514057794062,0
5.216151302384306,2796.669543520723,15.206814249774627,2.1077996233229523,5950.199908346521,0
8.580978656774315,2489.9317493943327,16.66722613272906,2.571691266334073,11515.046591668433,0
7.85800941745071,2569.191026056172,32.772911952289775,1.3114024232313508,6889.665189732446,0
5.942907346583674,1991.7477573750805,30.796887916182506,2.221294647349197,12789.393574400558,0
4.693622805326237,1560.9521083326174,15.9964907586041,2.464005016786825,3464.585765964799,0
6.782643131377853,2796.0550088399364,40.392073881264885,1.7459735058585582,4663.694318155976,0
6.33108442920826,3021.805955761904,80.25137616670636,1.2445983638191094,6405.085489619076,0
7.169710685579534,2817.122709507873,24.905690763296974,1.9750355027777637,9252.197832609587,0
6.45532500826665,2065.6856244081,26.32976357592933,2.736869176268557,7333.939548859931,0
3.9888147088824852,1738.1462645084623,46.19323140648737,2.675558198380434,6528.802242312737,0
6.417479592548262,1773.7269208721734,23.8236741652641,1.742942939146654,12261.18929329557,0
6.54157133339753,1526.5069729543807,48.379289634363644,1.2301487381741345,12540.334926167452,0
7.9504915371610885,2157.0485526359817,20.629145864419193,1.7412921677902564,6756.860702877333,0
5.952700488083425,2842.271183232982,71.64239215154603,1.7189134095608525,2870.696578011012,0
9.51801201005885,2143.3349472511027,41.89549945184589,2.2678680699828666,1527.548512437861,0
4.132539174022364,2320.92916013931,22.59954101846577,1.9369990982575271,8717.870344341069,0
8.966751246703936,2750.2387857216836,23.22616601061452,1.5480414729577148,9967.866866656394,0
6.663521543682843,2038.3618752670402,24.7240049458393,2.662557840356401,8188.9933567356375,0
8.289377308515334,3014.2125826878378,62.454993324977465,2.0842555204669004,7787.275678757725,0
7.1197022260880996,2996.8377629989814,9.624979847974334,2.2612493916385645,5586.372155917752,0
8.709333304038203,2147.555464527807,21.641166590809906,0.9650087395212397,9964.939381741515,0
6.418957053170783,1968.986294392315,23.766788861491477,0.5454410775816285,13034.55613669673,0
5.352069362233282,2478.895218556125,34.68624066486124,1.1374725311333551,1349.3669679933328,0
9.130756430906594,2060.990022992457,29.57780614706411,1.7116739446359346,7767.496433636854,0
6.8297790311767885,1737.3779131730655,5.175443372190745,2.3458136105682854,5088.954951759199,0
7.332337710436316,2712.495461409192,27.00354632809065,0.5946518777556211,3528.602017838445,0
8.852127871067193,2686.578954910832,33.00898633630063,2.9557112386231923,4610.072387646752,0
5.452067136858348,2262.204641505424,22.43804329840433,2.1023396160620758,9139.018567053214,0
7.893236346458886,1694.8540985087288,48.735509780953294,2.816176995769946,9214.886592773499,1
6.1151578653056635,1708.1894995130456,53.38816857507294,1.4684179505155228,12380.863283524399,0
6.801745966533442,2242.891715367661,33.432266005412146,2.3023159605034946,8026.344641436383,1
7.108418448076433,2000.051586197987,39.610831737014585,2.0511175579824723,2725.3351103912646,0
4.749667207829596,2063.5628271433566,0.0,2.4906117878327327,7285.491372872085,0
5.831744435769348,2608.7852620240014,26.577944556763363,1.8597251794401697,3840.862783352649,0
9.026609338619709,2493.271726969023,55.09643383515825,2.283929125404553,4379.612340733986,0
8.329286782877194,2751.257072199045,26.53126833641445,2.66131719126272,9741.677175219485,0
6.906040634009147,1803.750710649097,20.25476647216078,1.6092942236649348,8582.54271678326,0
7.364685187769339,2062.7233725253154,80.55377852061862,2.14534653949379,9762.696786305993,1
6.558636241545313,2503.5926781840453,71.3815438039161,0.8672826576665911,6927.521458184816,0
9.034875078741972,2379.2313364051565,44.35149824964314,2.4215018114380147,10371.588690276069,0
6.699471133308754,2812.9521530350485,57.77821222960095,3.1727975260774937,6759.791305129666,0
7.347763138202272,2368.2146823616276,0.0,1.2533383713507829,11350.04849822674,0
8.719045216213097,2939.243641642221,19.24897118742587,1.945171243743234,9033.916818414627,0
5.83394277273114,2416.007120689256,25.600842536536973,2.5282887805484684,7379.009388546147,0
9.33818377674534,2624.8669790354643,30.280398022661075,2.0188504840799304,8636.27913252829,0
4.704307885384935,2070.594021286217,25.20111958052075,2.0990597308959353,7946.417897075247,0
9.444463196669197,2205.7148847535955,0.0,1.765400335085817,12788.319545938768,0
6.440986624072038,2564.3777615357903,42.720492374171194,1.7431086481472513,8736.312867736367,1
6.635951878262078,2845.1912682372217,45.87308256561214,1.9479835078487733,7995.161982816475,0
4.1649847432255855,2491.694779724301,67.03797583179963,2.0250028532836137,7284.527428847602,0
6.317807923933461,2166.7312912261523,19.23381470450073,1.2911352430536143,10529.552657735032,0
5.440290203459673,2750.934011811337,17.596736844401956,1.9603868084323828,10123.740017160515,0
6.088530481939791,1323.2085374880476,0.0,2.941120363225596,7178.475109062116,0
6.794033551316681,1631.1061993972505,29.128663268182276,1.7485197238466572,4533.075456131573,0
8.436687421709358,2472.6536894673554,53.02223562124343,1.2576470102752233,5294.095584864939,0
7.311405027100939,2205.64334250125,22.764642756145612,1.909150359208144,7447.512381373412,0
7.461514980101671,2442.205460449666,77.86889637087296,1.571232312725422,12046.78251835725,1
5.356720916731657,2225.763008972777,29.86810328420953,1.1969949048068362,7249.470112259259,0
5.678868865595905,2428.378277841549,37.93984568577111,2.0835010770395725,6217.629170103307,0
9.698087527526969,1874.2388716027237,7.737938388368125,1.5738307777093532,2717.842060254061,0
5.89719844785513,2428.1944344318763,40.74440690350559,1.625171499888035,12540.62430680689,0
9.484312378085944,2597.7658112830336,0.0,2.0920564282312335,9707.08443794438,0
6.6354082016787,2688.2202415724933,48.873959100262894,1.0800952427825994,10388.029910017573,0
7.003431904215256,3005.42171785948,49.48856352470824,0.9550582098493252,10885.064155788124,0
8.605547740344894,2297.639377400955,62.1858284867302,2.402523316701159,7505.80931372311,1
8.907838632907985,2309.5644347388716,14.600625624646227,0.8414998395655502,8253.771901242606,0
6.833781159581369,1590.7310143304608,38.21124236594839,1.4139933828155873,12465.805825855983,0
6.4176354197176915,1987.43543954463,46.27633118773008,0.9200962787669376,8538.742667957411,0
6.9161193272166805,2122.767170397355,43.8456327666062,1.7083181198907007,9762.575870191984,1
7.506936292348177,2620.127820910542,17.694014497302973,2.2568352485906993,10611.652151601535,0
8.336955530304634,1955.5995503641484,0.0,2.067402769239426,9928.79399726793,0
7.006344788491227,2518.5360078995327,41.93920593768962,3.4351240336743705,7615.492489200518,1
7.928329447034731,2199.351313214648,31.95000643380161,2.6521493706734005,7898.348471558241,1
9.457539598406411,2129.1327539540953,23.666588140771196,1.4413052899060392,10332.921313927827,0
7.571964418397177,2299.5575876533026,50.278907274309326,1.2817669971041536,10328.008579804178,0
7.467479284007167,2043.537451098863,34.10160923691134,3.6240127645853004,11504.697797058385,1
4.721633762364898,2028.3851007629337,8.616098944644012,2.6375432034400177,9653.290949929517,0
3.053904794756405,1518.0856376839542,0.0,2.353621764361743,9789.816840776164,0
7.5825635938452525,2100.818317068844,12.420734697336691,2.0449110873293708,6661.2998996466595,0
6.857763653078692,2008.0127415405093,82.86024589533574,2.16411294048501,6256.551466784295,1
6.227825987627887,1993.6076042603681,49.45553547865546,1.1107560347105443,10341.892023054483,0
7.365295306279517,2366.749225036016,38.772246839500234,2.094223502118061,6277.444795950875,1
6.909394406204638,2463.452781116204,31.366781456283906,2.0427388384754086,7937.896990649414,1
8.691670375950848,2292.877801856931,30.052141201051285,1.457516694139112,12137.069722913871,0
7.129166302388467,2598.16607617979,58.34391966718189,1.6768841278589128,11661.710877035268,1
5.879615072394749,2430.224770332146,25.18808516193137,2.9091058360661335,8905.366492391551,0
8.485249358438933,2081.977524077743,46.538408213685855,1.9248950478230826,7111.58126049887,1
6.6743033875806965,2014.857485714248,28.03144099416812,3.242702781519866,7629.863268969486,0
7.7898050255084605,2325.1288947067387,73.80313263670125,0.9555923381075699,10602.980423166844,0
6.283883940710799,2429.5068439607603,49.84577015156607,1.6867218882645514,7890.502167661503,1
6.025259671753846,2759.1377228125993,59.91113629367251,1.0716328692518486,6325.152820969208,0
7.1262523452785445,2676.469217976038,23.311804506235227,1.2743465276648993,11647.324269223922,0
7.019242965315527,1983.4107973971325,56.162722251348434,1.5030765766044216,8544.800417387843,1
7.71974055305025,2159.1974879490954,28.748451492106184,2.1891857760623545,6268.232537024761,0
6.597031370035387,2468.4071219671077,37.20069647865699,2.160095702648232,9436.820566797893,1
4.245460324344404,2627.1991112235887,67.70095341238917,1.5924258082234368,10913.655239577525,0
6.350839174617417,2575.587787481917,14.144498864871618,0.663320265598051,4976.980805636718,0
8.190727700715723,2174.448866867461,39.064954626108005,2.8866157238192915,7398.638259941196,1
6.55393588113534,1698.3909390285935,43.76010517037454,1.8285411703781862,7259.949897234764,1
6.6304248962281775,1800.4254495017635,45.400087616016194,1.3302258978193167,9356.86149735043,0
8.479564758858906,2309.0534057277655,25.98431013813069,2.164958468642052,9896.024968579575,0
5.932040159111616,2336.8902317697384,76.72528201616163,2.1226671023139043,6345.578266161543,0
4.68579517263565,1760.528250626246,9.101362293194796,1.806394121000021,3521.746472281925,0
6.759053320711758,2217.8278443557087,64.17770777264938,2.089118609384903,11095.396263798202,1
6.273739073126895,2452.489742788713,59.30131211183277,1.306982095755189,4640.164188268362,0
5.5506305203701185,1739.5093369971423,73.01777579207369,2.4559477059058903,8813.552615131632,0
6.736932316151964,2641.998880721766,3.235458025843595,1.4018797431458778,7604.057303807953,0
7.7372584708701755,2048.98754057607,17.623370242205795,1.636658206817941,8487.331715612225,0
6.986067157648276,2703.04524503066,64.83886118323281,2.3892810896909453,12953.701915120575,0
7.460471609029357,1986.6190216896398,0.0,2.7223753790061402,17114.844840865488,0
9.720111547773135,1789.3498068463284,2.8708219791917244,2.951464740827803,3099.687765804174,0
6.4856817076636535,2016.7452040633123,25.233844265770166,2.6334789430799432,10951.71846599877,0
7.417522951967005,2161.940750769072,38.83987577244535,1.805556689718931,7531.256681967062,1
6.2361799561012985,2044.6080372914075,66.8445014729755,1.0753801585397222,11143.563541137657,0
5.730460420169541,2113.5994313707547,31.294681701392836,2.8430333513617363,10871.789228537491,0
6.1226385198733455,2333.586059870476,22.835217038709214,2.8224175933429856,12229.23442159449,0
6.2818621427174675,2131.5282520814403,41.22779875392854,1.5968143079879025,8854.89474548809,1
7.539213696320688,2173.555042419197,44.391929665888014,2.552713422694736,5331.270545134928,0
10.523613680051136,1516.3094403189616,43.824796443405425,1.8006933236415568,10782.94846612886,0
5.925934845586239,2356.6792064041892,31.4402758409731,2.900766130107037,8353.992728432193,0
6.375062041576806,2164.318680923333,0.0,1.6910812025577309,7298.470354597603,0
6.905315480333128,2844.117192193148,16.647680217873358,3.187190772529102,6571.328357885114,0
7.5936982730646205,1824.1739330984167,63.40542170534924,2.4716723285589475,11019.006707315388,1
7.395326217932178,1476.6818686001943,38.741378759532,3.078526906811592,12810.108476022131,0
8.926143690922176,2447.227397572017,28.549557617858866,1.7217216382100724,4413.942323901098,0
3.3604118941971874,2338.6108073252003,57.3633709674795,2.2430177626665158,9865.856727436792,0
3.4196051947064907,1796.6267917875416,12.397667352621031,1.4184324809933808,6882.838443732065,0
6.256182741984776,1588.1004179983634,30.493037325739845,2.506393551271518,3598.1828054236594,0
8.645950281315564,2814.958692273716,37.75516810348074,2.5394249197022747,8443.117462289025,0
4.651527952591605,2765.6441562427126,26.17244993410742,3.438214350920712,5500.5866594313175,0
3.0,1205.0172965175484,37.01525645803198,2.2892238783317893,3266.7403165994074,0
7.856769109328813,2016.7107882973996,31.246121371564698,2.4344565215036558,5654.778583326397,0
7.365485835554072,2865.6768219135597,7.0131390442825,1.717501774097731,4916.67824625844,0
5.364687389800856,2009.5749768888531,38.629557637581115,2.324827623581143,6059.939440809826,0
5.521690598918605,2003.7551063893388,8.43296416974265,1.7720652747874497,4022.347769138933,0
5.545384420547988,2086.896268948253,38.31230250193445,2.0695164553052,6814.579674121358,0
7.165802976210911,1751.6412104927363,62.482716483002186,2.1047093969274773,5860.2526157480825,0
6.060527085725489,1518.0897023087823,29.379536054478912,1.7886170759904978,9126.841631436972,0
7.7410958784632795,2621.0189242938995,11.570337400580275,2.0377670579251963,9780.616959194947,0
3.0,1462.8252375009297,32.46024373590039,1.7748228981719476,8780.445730335327,0
5.714722202308301,2298.9085808435025,18.36057783842937,1.7721613249796966,7293.666626379472,0
5.3109190586334245,2554.63179710306,46.89018005262939,2.6459987909013627,7212.717212923057,0
6.615488982441262,1619.5094804395367,32.040225049542926,2.1052481850958467,5488.775037765903,0
6.192928362264793,1830.2926389619713,69.19526503329146,2.208239763320166,5561.01602177019,0
8.19676566984365,2685.271675356636,58.25979191354676,1.1256171386086784,10110.811604236209,0
4.210994842509914,2413.156688090816,31.938389910371946,2.254074999098234,2720.8922040486077,0
7.068237214496128,1953.0857172484452,49.31218135946182,2.318254078385143,7757.825185061173,1
7.8375046348175585,2680.8996013444685,27.135271816743092,1.7609968263867484,7029.4128153163965,0
9.784971154842932,2682.614289381721,35.67913770330337,3.2510178057564145,9797.396304124677,0
6.277351043359787,2307.6210772062827,27.771316072993756,0.626463641489561,3724.9640497329483,0
7.4866879065287755,1839.9359088505348,50.32911919699417,2.470620281462328,8037.442116457819,1
4.294205811156452,2034.6205186112818,63.659765534191564,2.4276828829729173,9028.95302407732,0
3.4120656935304643,2314.554697582156,50.972964143822864,2.3249497591996473,2285.8063441280156,0
8.26716156367255,2124.5620683410048,53.43873202570712,2.105727623383174,4777.0160814147885,0
6.9916595595278945,2575.5828712939406,53.46066874471458,2.3304075935750226,7724.630459561627,1
8.767769034697634,1588.0903679562655,46.025118446694194,2.5209052877335365,9542.440722902913,0
4.939895666545376,1602.2945883735047,12.21427681579464,1.5644674497008035,8547.4979333381,0
7.779853209293129,2272.348444592973,69.01943038833,2.179517373308054,9681.362758849422,1
9.803226760815779,2003.3822344772382,71.0882165339685,1.8900098947860176,4761.882462078036,0
7.629558412535899,1949.1805541209037,30.32240793373263,1.343738959864695,3233.7489508159197,0
7.414872258386573,1492.777312330241,27.586041695676364,2.430301984767974,8253.517417270368,0
7.012834121236525,2207.818337919273,47.2482330583075,1.66138374518958,4311.940285357656,0
4.643677814311132,2178.897956799694,46.016256703670095,1.1012847951323197,5404.0330218565905,0
9.033359403565523,2461.391592780696,30.961078624939624,1.6765336035790106,10796.83506447912,0
6.083713540292401,2227.562453248389,9.999486888247915,1.5206606611441216,8567.298670300554,0
7.756724884574526,2146.958368703801,41.11402381499554,2.617087405514066,6295.565284233757,1
4.655448540143119,2670.800254716135,46.02873076351091,2.0919158843348464,5905.905486077109,0
5.230810503238329,1675.01307862058,49.51642296077594,2.829429647413964,9862.764670667495,0
9.152631098833353,2414.5556875390303,41.98585544708415,1.6000662612601726,8635.91280694995,0
6.479046566563236,1531.5411340818605,29.57769703276181,2.5245019231379,4356.330073031927,0
9.179913214063816,1864.655247999677,54.88004079012556,3.703773748884748,2156.5288006971577,0
6.882654011412224,1714.9371469506746,36.31696995131837,2.213619480276284,13645.405497920448,1
4.237153340563214,2512.7770141807673,25.70153971270559,2.5169893173938918,4332.562324047327,0
8.33810139959758,2173.8359065618424,31.38693235908558,2.416110598535244,9583.089509900368,1
6.115161523366588,2194.5987021628093,0.0806193505003634,1.1467548035445039,12532.078797014521,0
8.048033220275565,1757.3068049082196,31.355163516429222,2.3514903784804706,8442.792706499467,1
7.037816301310123,2080.1226016268442,48.76873039749337,2.1838737923897416,6198.689970598386,1
4.685322658085695,1894.6138786763554,41.7956604427846,1.8441515699610145,3721.8528749128636,0
7.246442148055854,2353.382005941686,65.41328345962373,1.4695781754770718,3679.968391039909,0
10.294334713229198,1803.5635458673546,29.740501719685916,2.416389944196222,9130.084546029158,0
7.739479687771689,2731.91774608203,44.74626326106632,1.4165577562336273,12352.928968849954,0
6.913723370491805,1529.7678201503622,50.85480352611544,3.280187362809138,6813.622709886413,0
8.613015102935346,1877.3920670173754,81.85714016574816,2.068501450092877,6332.838613551908,1
7.316002697804667,2870.8802039864386,37.89530982235281,1.2660157713280977,10092.44327243356,0
7.314301345394192,2025.9445008151863,14.116256422719534,1.6916022330029967,5942.15823828576,0
5.362562241761346,1674.0485342382353,51.95857506710564,1.8331193970261097,8823.448722885263,0
7.350772038684397,2287.6286250150674,72.31454711936914,3.447425992354307,8125.404350256537,1
8.553165124625417,2009.8431031141831,28.54902579546757,1.4692466319143023,6771.5958242658335,0
5.745906771849963,1865.6518977526775,51.821630772128316,1.9302696420491676,7953.385523790438,0
9.136743731870421,1761.651675680513,59.57456110457841,1.6773029780809865,13289.456343949936,0
6.862440963782311,3307.3494422503773,55.34131087940307,2.2995550913489984,9813.598832302869,0
5.668345732692189,2099.3792399263452,37.51117044947156,1.6868699517769734,11277.502412767935,0
8.496448115380367,1429.773055866849,21.030524835737076,1.3165660003161737,5243.916917239817,0
6.569808646392596,2797.4839036022136,33.374409039728285,1.8828232521222807,11287.808442822723,0
8.139272331229161,2444.4283620442284,44.172009077552616,1.8203636940006542,9917.061426406955,1
6.562362051612194,1893.4134275920849,53.16445048183458,1.644653373425592,3501.211710321897,0
6.9102607847051445,1826.7523645255433,41.67890095998079,1.6767137846617295,9619.3722001133,1
7.740340306501437,2469.389118463292,27.40184066918846,2.7108174787286017,6460.177589615968,0
7.436345586385009,2101.232669004218,46.107593122995375,1.8081558714394974,3362.5889710231513,0
4.006702329322392,1429.6088726219596,52.20170135485641,1.3195234025129405,8389.327196982858,0
5.318134389858413,2914.8959858418675,42.59220112828961,1.7227304217200863,9617.127773187829,0
8.394114977186224,2026.4038151136172,18.2762577092335,2.0326013956792357,8454.824205933688,0
6.801795116647679,2798.2286945929704,31.3718793056562,1.1982382180691875,7672.5842454627345,0
6.214403045842867,2711.373983186286,53.95641552824934,2.9755867760038393,7008.2439846250045,0
4.9621389771137885,1799.5961822068743,7.3396438251105245,2.5205476865037633,15399.764028024669,0
5.380395518086227,2613.2759457452594,0.0,2.8581036461712674,4452.291834414062,0
3.9673020400570786,1939.4229800545274,65.16165700288042,2.2352768752926098,10618.76594707161,0
6.8480789219477005,1453.3197652784233,45.228305100437595,0.7437815299219397,8046.268912666951,0
6.10234362912843,2030.160733591143,47.13460005040213,2.921200229983108,5436.600481198904,0
5.550118163522027,2359.0550007105116,13.463660527458877,1.4818589841740644,7854.802848114263,0
6.897814862248071,2014.9053408014647,49.75056126933076,1.5306879535987408,3821.2020872341473,0
7.545955946279107,2077.1806636299593,40.50497375136729,2.093795086373266,6213.528779579439,1
10.139796898314916,2657.426417971445,3.3134484430320583,2.8269379080020896,7859.197022493183,0
4.73217487065518,2242.5975921160366,63.485668285477146,2.63197228037144,3346.6488242026107,0
8.739071564950784,1862.680675486019,38.17366647237458,2.5437686721056125,9519.147615464175,1
8.459652341522608,2480.812129466931,27.078320678414624,1.812903768275268,5108.716877265403,0
5.831360890934949,2279.0702267816982,27.440205080295648,1.8034354843447329,3644.837125959343,0
7.304853931879046,1191.3580794151828,0.0,2.20756620078804,4758.7467925148885,0
6.313550125993578,2371.3411655085793,46.866731992627265,1.9219574952298804,14527.862485506459,1
7.2785328706281085,2356.7314830864407,40.23714414491451,2.533590744397612,2065.8075743934805,0
9.263696520106826,2208.048451832344,31.1183973533381,2.498070598697136,9308.369266309372,0
7.90840934894697,2556.68023242783,60.56970414903344,2.3548047927036233,5745.09118694214,0
7.762912559850163,1931.0425662693992,7.322819620083084,0.5,6949.615485447315,0
6.3545360200680365,2334.5999155283603,23.064550472647696,2.0767930182063585,9811.792786040998,0
4.7739150026134975,1573.2162515330588,17.999834904792284,1.9346876715603794,9664.456144516762,0
6.687297684189388,2362.8361533595325,29.42410040456894,2.100815361055719,5957.910742514628,0
8.809912232295872,2981.2238782159584,36.34940050514446,1.547405216872156,3926.527980100118,0
4.709248215115529,1802.0574590129836,43.600270476227095,1.205128453760465,9866.422921101917,0
5.417365947734957,1896.07914720489,28.060530937897653,2.2778830879850243,9657.131579028033,0
7.189401604351103,1915.9938228433791,17.452885296902124,1.786219209360763,7145.091473635435,0
5.5230178227291065,2251.999290320638,68.72013899540889,2.3448157962245597,9325.833151425135,0
5.811214829327181,1774.7854908585127,83.23280383577138,1.5974513733891373,6662.511557073394,0
6.364602127407735,2368.498951476392,37.86573343764051,2.849546384295606,5518.887304895636,0
4.951573893714776,2538.735978187666,19.864392659582656,2.600638905542458,8011.886543363225,0
5.5388172306754475,2413.7388853815137,64.50908262084589,2.1780962651275284,9557.098223274552,0
8.055141875180963,1492.633829744771,6.064857873430697,1.8720269519684316,8927.750808657302,0
5.038945326653554,2598.0670660634423,28.30453350590345,2.5114453266789183,9527.488040230017,0
4.603191798257743,2574.946965701472,21.077658973073966,2.2355286891424435,5718.263380132623,0
6.054962530699158,2532.0645489385215,11.809288990990225,2.1431505127583628,12745.643374274758,0
8.097933253764769,2349.13689946233,29.39951534156461,2.625719245735765,6972.857433984126,0
6.704617288004665,2288.075725682053,17.7165584165207,2.8559216926439843,7643.253045570225,0
6.303128382826572,2612.955759250559,35.25308928297309,1.2485532893086733,4044.0322723463964,0
7.06653819627341,2969.405395041382,35.54354335344928,1.369769535590116,7418.434531108149,0
4.381438850710522,1818.78381465406,22.573365529560412,1.5318435647127213,9596.713210554552,0
7.742058480662549,2631.2501583179087,27.589732868122606,1.098545241413869,10287.531838077994,0
7.575152547105466,2165.513160797019,30.38302064192579,1.9623508846585094,12685.822211560346,1
6.386037288856418,2148.1307791885597,51.19692122238854,2.3600698731467036,9560.704687476384,1
8.508886767694625,1585.3877238471846,32.031411978716285,1.987149023028598,8830.73958739911,0
5.308755851570442,2086.084236193842,51.494034815721946,1.6795270150322625,6661.114665457042,0
8.691863489880355,1801.0940168126338,46.71625967109311,2.6758746542774947,6014.77877530098,1
7.231740498392877,2014.4582281976218,46.430613938014844,2.0843338419240496,10910.745544004467,1
6.49517111518274,1760.72544648874,62.756919406919465,2.205789780419791,10853.211055216725,1
6.970189546947533,2020.4366450747975,12.612182405081803,2.692540882939856,4768.9618974536825,0
6.839102851283587,2037.5558571906388,25.536337873857725,1.9260548366893198,10169.287661460445,0
8.830424344626575,2238.7019673755203,70.26597600599138,3.2361284435748083,9951.151074187528,1
5.3849813087934795,1554.1000550834676,29.85366998821465,1.7313109976769403,4658.573344957417,0
5.856221141280103,1621.7927409018707,0.0,3.19876892270774,9621.370414367531,0
8.55445433810872,2344.7657082922105,30.940633137042294,1.4151588908525476,4851.360621554578,0
6.106697597224211,1881.0247531719604,37.698790603264996,2.310490941728265,712.1210969795338,0
8.350799615997387,2629.8119160919723,0.0,1.6144806987162577,7519.692758923851,0
9.549153974513064,2290.1078888060188,61.67871279775896,2.6717396701886553,8773.444115764967,0
6.39730745958755,2442.704860082563,20.72575072268796,1.713060435284943,7654.78758535066,0
8.022043489862957,2764.2769281683577,41.57126230375031,2.1745227143864514,16601.320451563923,0
5.269461577990212,2076.115675277371,30.480369093118753,1.6096748023750582,9136.553687704924,0
8.132099947101715,1970.2053178334897,9.232971615919169,2.5623351041999687,8441.4254578961,0
7.299135978980151,2548.6810342395256,13.589837307291603,1.6065492436165165,9288.773909942272,0
7.709557423240323,2403.8054255718744,16.29834327144906,3.010048906845601,6676.042986799707,0
6.031641891946908,2125.0678760714795,56.713438183672764,1.4024017358231657,10788.437186280617,0
4.508374876649241,2756.5831867823767,32.049236237996965,1.1926232490031121,9083.005838531304,0
7.754878097124257,2115.1022760640276,24.562689668965067,2.5709312468474517,8945.515111677472,0
3.904895271280818,2213.1094550223124,16.307821748195373,1.645013815841887,6127.639331399183,0
6.523974261636198,2208.4890603337035,58.923004430522525,1.9956576119302787,3307.00902065272,0
8.411772799629954,1826.1624420406115,64.28402545047174,1.8066553076985674,6495.841732768128,1
7.287846603809554,2231.034155794556,58.69487797413362,1.212435039708386,8847.901568779676,0
9.92251396718472,2758.7040709593966,44.848746783083335,1.9538038015169972,6665.901560765162,0
8.53766372887266,2377.9873261504704,40.79660083741423,2.758949536983381,8875.181501202112,1
6.019152417511635,2212.4253705595725,10.68124364048197,2.601882201983339,7302.914369431085,0
7.040970069777158,2135.2930875337324,30.08361746577885,2.139075657575555,9291.73845387957,1
6.928943946183346,2332.3468113625404,21.32279593307127,2.6673609758210644,5069.5276223740575,0
4.626734854980809,2499.906651395674,0.0,1.364288849183494,8578.670035655245,0
5.58940162527347,2443.6955323559014,56.140868383307314,1.8047274026569962,6077.137560945809,0
6.15885863953021,2067.2540552712085,21.083401072154494,2.237482964438125,3385.151173608092,0
3.945669245716095,2329.912637644046,58.91883814870614,1.921751103909733,7504.537630914875,0
7.0712402023774645,2391.9758964593116,52.634928015200245,1.8519060017140656,12608.952721454141,1
6.626392233020439,1797.1220049892086,46.13435953266838,1.2796137606073428,3624.2707764620527,0
4.4906591480326385,2267.2922164734778,47.25768143526368,0.7511951668143733,8358.176751182598,0
7.606319297915999,1335.4784454790552,22.693722358525847,2.4907198549697815,10392.731189792674,0
8.07380911703644,2393.013483928474,72.1570030258133,2.1459329439513355,14900.092055433353,1
7.340551718297333,2464.1372218250726,35.86250861906098,2.541199026926056,6521.201052659937,1
6.513897737186545,2499.018450314584,41.03863370237408,1.7376584347049753,6103.998186187061,1
7.8871632276277825,2041.981259132173,22.01847332866722,1.5723332691034435,4499.923412182201,0
8.020330540715037,2323.618734009614,16.376694784460803,2.0039287799819805,11421.549004538658,0
7.461105354579533,2769.5815382164665,44.54592017618847,2.5125197891676896,5397.757012282775,0
5.763081624347858,2765.5078593165035,39.35026991877571,1.8611286710074075,6888.210704673949,0
7.414901148266771,2188.330920309376,19.212952681948455,2.4810711105970915,2453.1863678862346,0
8.793220976238219,2255.727852291824,6.231465624491918,1.3962151966441478,10651.915528035577,0
6.105056412082405,2644.3644578937733,9.601538253449057,1.9031317200980797,11474.774842334078,0
10.146909008698646,1599.67919389513,58.922674341822145,1.9579315135531814,10537.325190753096,0
6.211553599021923,2070.7697029291903,22.73492370699857,2.7358339663531517,3184.024155938846,0
7.048610520010205,2734.2281822147024,28.221829086483325,2.124576438809545,9821.45312233792,0
5.991271605990496,2590.0802166739063,64.00680517518124,3.047646510976517,2981.9888458279975,0
7.3349062538803915,2347.7055110599617,12.556988770271708,1.1913891200315105,8174.120906192721,0
4.386667461047088,1597.6670378677518,20.460103485658863,2.077951342646768,8615.232739951392,0
6.180937301774918,2180.035906783535,19.624663428786135,2.1076388235082675,8930.549654324795,0
5.361818199477149,1964.0338415000267,67.3613696233208,2.37205591855212,9603.909597912405,0
7.203007521838436,2332.415561126885,74.86767001164827,1.5119840381306653,7975.899189322184,1
8.491671063263361,1876.2613260820478,50.03126450804342,3.0106678036465016,2112.7114618143423,0
7.969009280671827,1789.710642010157,50.6676944830848,2.0077783648830554,9605.363026398596,1
3.4425109587116616,1374.0538889265433,23.392899942945377,1.347759492239049,8292.824423383243,0
10.063104479391821,2688.7218739906807,73.94656973808566,1.9903850057518289,5292.140625886301,0
7.442919910931303,2040.091795422777,40.35392508717324,1.8121030862719318,3291.8077365901736,0
5.8352512892604995,2262.8583134810137,52.0622052889948,3.6699410853483974,12620.066557773076,0
7.235691878486412,2199.1047534103277,32.88950122458092,2.629966159715008,11693.901614872048,1
7.264284733754039,1773.0264268158003,29.63934825344779,2.0297968134249302,10117.872221922364,0
5.999726924572655,1696.3740354207227,68.26084519192236,1.9328499888804773,5971.100266295891,0
7.296875001013113,1797.8739496011058,45.79447359476614,2.570634117488879,500.0,0
6.088791568569539,1910.7326244682429,64.02750922140763,2.5993172961969284,10294.037526305705,1
6.3934570109649655,2346.642498805522,40.10656343490089,0.5,9100.060321565225,0
5.9705812963673734,1881.7129345917554,18.032669271538186,2.3857958928400005,6876.01307278347,0
4.85099306539052,2898.596252637849,23.333141342430242,2.016779926387176,11374.418920093629,0
7.218754705323076,2610.86041435726,37.05930484929221,1.2133137069278144,10543.992601888549,0
7.877949154774507,2523.3438198662834,22.469995679133465,2.5281284837745064,8528.286464692548,0
7.772325394114558,2152.13643901074,12.850771827446188,3.3477128081349594,8105.175253613342,0
8.229887878952852,2805.7122942881933,59.02834063574049,2.3340775680966686,8152.903152799044,0
7.4865103150223025,2112.7977475515504,24.10259858352976,2.6602570653541187,10039.819618504238,0
6.200911752674645,2187.4954343383015,37.76385495582641,3.0824714551786423,5427.570960371035,0
8.259495796646783,2267.9898158997075,40.9226717977121,1.501842709567969,9277.94936535511,1
4.963723690237098,2480.7292162173376,23.236937493588627,0.8854571328998497,5238.2271665912285,0
5.64899292623128,2454.763231601194,64.01598932617479,2.394119637985701,12009.665515256702,0
5.553699892865133,2009.9498886221586,12.657164775907745,1.8514330781351294,9596.385714725704,0
8.620084088708966,1986.8025122296185,40.232505271615416,1.175495928577074,5935.315215083211,0
8.414182771210113,2455.961182860834,39.922354127531676,1.9530980383185241,8241.78747208925,1
7.7309578555674925,2486.094633556493,33.91490794271704,2.436528424274372,5438.640859915878,0
8.607894797817696,2042.6595500708509,9.061747734560349,1.910617001141384,12512.338513102388,0
5.681075826382018,1565.1247721286186,52.41635103726928,1.5279034215589777,12868.627953413628,0
7.522892679791471,2117.0735615967023,49.87021340669193,1.8658957638220939,10088.671047688544,1
6.812238357425254,2449.4103195303433,21.488629428175674,1.9883141208191928,12669.969702963732,0
8.27032315582737,2922.166738567912,49.14974414410724,0.8423106424243507,8455.387846617501,0
6.827163651171704,1720.8168150637352,42.498153726015516,1.9143350280975842,10290.53770152439,1
6.422585667384878,2029.3714988677707,9.387757092777832,1.193395716713065,11674.173565729267,0
7.8113627778414845,2044.2385753898493,17.92142170857285,2.3954155712126575,7982.769213452249,0
8.314253750786849,2742.3221357726006,57.765628897791586,1.0633744546479331,8213.311571952036,0
5.997482207729798,2186.0233998165468,41.188323702841004,2.6076153227305614,10800.969804286693,0
6.908386492971436,1837.0693762510937,23.71394108378748,1.7545009584716351,9939.493896787979,0
5.412339049537521,2423.4781131687278,17.83048217654716,1.6742145759367928,5733.617839396842,0
3.252908473760591,2038.1445919836215,24.692124037691585,2.176672758381183,1439.5118861855926,0
7.300689447120593,1710.2450906568183,26.11040940244591,1.4803793328659647,7473.415812208856,0
7.913358034381948,1842.8906770895396,18.080739347414966,2.1672474524780383,1709.2574623244627,0
7.393100213630088,2893.6167817690475,0.16471775233395647,1.5607347351869776,5026.947991683355,0
4.075657423368449,2353.683688659785,57.80026572801571,1.6659592926051383,5377.139128398847,0
6.473725854885288,2243.104022181017,54.41267345222886,2.243212501597481,6294.073067179621,1
3.672478359923378,2100.0425056751815,9.53489096386281,1.3168515597593704,10461.314432490624,0
9.054551661481277,2316.8595368475194,37.72622591127335,1.2413976189425857,11113.038622190781,0
5.370918126822871,2312.094378400998,16.95523594570467,2.148935304446205,9526.222159421623,0
8.883105414189846,2316.8675312829305,29.768655535469293,1.9838600885063693,9897.520928185415,0
8.418804465526218,2245.938036111101,28.10466840252687,2.101215646885635,9968.361369105938,0
5.649114471195908,2547.51933532222,26.44331568564255,2.1965835420328523,509.5100263372278,0
5.300822573098382,2209.2417384002924,75.05894168152572,2.0344253322841888,8030.593046021349,0
7.525555324579507,1808.8244657789446,26.193486306476192,2.3648555743802415,2610.6238364899846,0
5.733513944225393,1955.0308436396526,18.834723498661504,2.058461772187195,9527.418427014622,0
7.153726963237311,1408.3925226041151,19.748371410059043,0.7956176601948182,1720.67555804091,0
6.275758613789622,3010.726846416957,55.8755391280351,0.9512692432028866,7458.684393947902,0
4.32826237830155,2545.101836781075,1.9579533661413038,3.1567695081452496,9643.30932805876,0
3.6542979713133112,1867.9718019483053,19.747541671289596,2.000043120235318,4646.726155051064,0
7.340026372741896,2087.26206024116,63.93645680223068,2.570144991030258,10885.14788153966,1
6.1576633805040615,1945.2494103174267,39.87972375995294,1.7925776566237546,9519.866509855241,1
6.170365274628802,2817.018884549647,38.838440100722266,1.9651909433636416,9142.474087513729,0
8.043795758640679,1632.0491342916284,77.64292920287403,1.7279812074374938,10094.004762531596,1
8.760163414948668,2245.790423527512,39.92695905896998,3.479556398876819,6922.399736700033,1
6.591182917957286,2156.5888629740607,20.83627677280835,2.1519454534184854,8455.756591270427,0
6.489101939635208,2530.735452283646,29.35845886247303,1.6790852566962815,8030.154716702597,0
7.750214549670826,2158.396308910122,12.291353819388625,1.0090761719418855,7962.353166151565,0
4.964596645450637,1496.716449337826,60.11874080031394,3.1842400656415113,5983.906770058768,0
7.334729582121546,2099.5528661430235,46.49123435073431,1.902032968863018,4272.403655831882,0
7.827828957733231,1811.13511282267,57.48828299941778,2.446537471736958,6989.424952131574,1
8.020345312626443,2231.8318186226243,59.25967857098741,2.5135983741839274,6824.156278417198,1
4.094870946246303,2773.6708146081305,26.715784381449346,1.7223016859417777,5789.807037449331,0
5.857967095286589,1504.2299023070887,16.104942959822203,2.4034716652316934,10556.161345430073,0
5.6826051207648,1879.9109058400386,33.96573777383908,1.6375170279490294,4483.380146433161,0
7.14983043161382,1978.9228184866013,17.544778584229235,1.4057441827763504,7485.472523326276,0
7.721116869651976,2047.3475618347154,38.29913750818049,2.6986788155073276,11499.019134683756,1
9.245065611168972,2496.0502656420977,57.64193761669378,1.9050863721066804,10727.388057798657,0
6.2575517794478905,2130.582232975445,31.637207079016655,2.3111077001615934,11648.881655291847,1
6.2536412525361795,2366.3210902881783,37.99990179815478,2.2465525963290625,6227.658267877319,1
8.72450802831812,1949.6907825072894,33.123087675532666,2.3827591760331734,10352.864377183121,1
7.444865407795458,2291.969738167175,51.054551448753955,1.0660778394790251,4811.088809065604,0
8.90147726678196,2511.119052351086,21.644352114234202,1.648825681210178,7172.378132550379,0
7.433092004514754,1907.0801801051646,0.0,1.805314905502145,7454.732567659421,0
5.264325071930093,2512.543247922606,44.41737718750762,1.5011127962591058,6272.479363405969,0
5.00030746783329,2220.9491074910275,54.75668842615987,2.2574041088098324,6914.558035746424,0
4.672731626411606,2618.184096192901,43.927484895170714,2.7121358465575387,6519.872217507942,0
7.99307775213771,2119.4320399692106,22.19539009063972,2.807110793207779,5052.818566694914,0
8.782895234630512,2352.4978620648394,12.299758036278622,1.7964771408740698,10569.240518017374,0
9.774043212079572,2183.757507328588,44.889950635606425,2.1751795174747444,7452.649991377192,0
8.26465799848486,2161.5150951837686,37.829579058693476,2.2673861026940596,8604.309631751858,1
8.74425786630248,2303.572171290276,32.484147446833404,2.3727536565221174,8491.330613578564,1
6.129975501019473,2414.7229876899614,71.44926685987582,1.4731189561564138,8164.179275330064,0
5.265376274884215,1700.174035230398,16.063998116373366,3.09234816095898,8278.413638169286,0
8.27511899862633,2773.453443527151,70.50074042254931,2.555912110607867,7083.748339906936,0
7.6265211283591015,1456.1347837800806,35.6356780974128,2.571589606215465,12255.190605544589,0
7.1611665615113385,1926.0751561044417,0.0,2.722076034140238,10282.234284906077,0
7.581057220949485,2162.2923716940395,31.415946913617184,2.3204815653595907,8055.146098313059,1
7.484778223687309,2364.9423876343794,54.189921531988816,1.3836119461694167,6658.8366921018105,0
8.925725289780342,2830.469011096551,27.698899343900585,1.916616361066936,7643.537471812759,0
8.942478377225434,1456.683404709957,5.504429175232101,1.0093679629628507,9252.864549115237,0
7.8163305285105205,1996.9223486441158,31.709709364076602,2.2490435058194507,12499.820277608935,1
8.268704308844391,1349.266604880294,17.856552522165885,1.898471805100672,3880.857366004866,0
7.771093828637164,2212.648789564099,44.83628802175925,1.975686569883841,9979.324275925333,1
6.308245401948072,2308.6734338000124,50.467996321352224,2.7224006780513905,11380.170910335903,1
8.13484701236971,2836.318296868501,13.874591845037877,1.7258035768661244,3539.844590284304,0
4.908257396711107,2248.2539043573815,20.88391889768701,1.8487261047367542,7456.547369806176,0
8.580837328443824,2617.610051776952,50.13284930213875,2.01318397757793,4806.446080750883,0
5.208215590350948,2433.5348326156236,17.823114434020816,0.8960046503518206,9291.588835031103,0
7.428704930192099,2025.9007211979326,13.3568372834401,1.840361806542798,6924.947202933343,0
5.7322690623607615,1636.4157012831843,11.426177364074906,0.50852305262829,7609.582799359624,0
7.83008347461164,2310.0009193167243,42.04077225916241,1.6486870628625565,6766.832578164577,1
6.949112161108137,1603.1591931418543,41.18315439034929,2.5131134320356963,10160.490298304805,1
4.607866062755002,2718.0828290678573,21.319079392419166,2.2683599349506416,8687.098881794414,0
7.631049446527719,2135.1751591852703,35.10170792256468,1.6431078137275543,8692.780292118967,1
6.133118834750934,2678.0709646045666,65.54264768310262,2.024478930934287,8481.86547524436,0
8.321720081220054,2007.9142263470403,15.518796861635565,1.3550062597217567,9717.472641356411,0
7.001988533101611,2307.540314560397,0.0,1.9985939581102878,7214.08443543103,0
7.593131478082057,2283.7395429338753,44.101511514407406,3.758192171295506,13102.324362622781,1
5.563646567477182,2181.9823527956305,32.79197672196823,3.107480792223159,4295.6157463444415,0
6.116001652858957,2026.9361946413633,20.799498263697973,2.031573278010357,2822.244655491054,0
6.312042045848373,2356.9824073882082,48.04160474709816,2.0960864989492247,2573.95829417428,0
8.285053720363834,1829.5346946067166,51.7845028933758,1.4122608112192694,1761.2356421226932,0
9.516065631708233,1716.2258684163764,0.0,1.5189265352293697,10019.509444460757,0
5.792242372385686,2697.1307573307313,21.94804181337023,2.2173105932628165,9654.103097847923,0
8.61527221698652,2490.86719555684,81.3503246239371,1.685064460618109,11623.329475326784,1
3.745483873411447,2226.356643440896,46.66809831596382,2.5424897569109493,4830.085355883434,0
5.208715898361566,2866.0569530175126,48.522072765942994,2.9418114085866542,10236.384364236503,0
5.561832315719838,2092.893792510062,58.457885572629564,2.1995724708686235,8170.472186447918,0
4.971236965838917,2729.081287995592,35.341376503994525,2.061042323503956,8499.759497467578,0
4.62461741531863,2270.229633970329,50.9336832018324,0.9915322250536089,9876.868686048823,0
7.619498368206696,1790.099699969444,49.36124087674405,2.44856614716323,5731.154746812669,0
6.678898453408208,2939.2160767083396,45.78082993505518,1.313797219076565,15761.747406213462,0
7.569108096407665,2596.2843386496343,28.55976058765191,1.7491945228199481,11995.64091282606,0
8.03570902918227,2151.591587596174,38.44117844732518,2.575745535431081,6404.882138013919,1
7.3984254897588,2490.8685038135795,23.232768713864438,2.6178548985854193,4727.785826829957,0
7.98664476422556,2038.5186264008373,35.2562860913299,1.7200954835899296,7736.287514585925,1
6.895701570636596,2531.6596140238166,11.630182158014662,1.7546506790480083,8546.775330746126,0
5.219509917541383,1243.5685738864163,19.18752017454095,1.5804086760459968,11196.845779124931,0
8.586721271231195,1792.0794665221624,29.353759161501408,1.2812877528044535,4493.837265295022,0
6.116331800828309,2591.703897714785,16.125891371398478,1.6191227107374548,8856.460829597498,0
5.596605551856361,2100.137784712432,24.89965458509647,1.0321219886511868,3412.954926755633,0
6.733123186293403,2283.016917955497,31.72148046488968,2.409837548904959,9309.072780233357,1
5.6307836210552304,1661.2857351538262,43.04524689328755,2.2367141630971252,7677.487338625848,0
6.373854427015852,2939.1467982808413,53.985146037058186,2.3363175709223074,13810.039286857289,0
7.5160808823452,2676.2118574870706,25.72431257243784,1.4273575696549143,3361.9923673409694,0
7.5225126088691905,2119.725912649868,61.70209234537248,1.2829576618909662,12111.825144470315,0
5.653254900361556,2038.1216572546696,53.772221572509864,2.0321085645881363,2888.5059945013445,0
6.268441940576883,2611.841744567877,45.08187663887884,2.038461538970135,4018.3691767804876,0
8.611499507155365,2992.988180067571,38.07298258593238,1.9116381034922327,2968.7163245835045,0
7.744600176600912,2581.5041023245412,41.382416837370826,1.8263100384872903,8751.057825353162,1
10.112597559022813,3068.7210669586407,58.741023013327634,3.026465466616632,4478.903567738799,0
8.77019226061229,1831.0594683752329,59.47159319518548,2.255615007075787,3955.005484158386,0
8.716439602839909,1872.2452678004838,61.698934567672865,3.1824070348798945,8608.302804870142,1
4.9181971743162975,1724.4235527786605,35.826536637540066,2.7613790152589797,9355.326157624071,0
8.145790527450133,2376.704259859792,46.09934329997226,3.021962555610407,8119.5479124509775,1
6.920339797454634,2270.2414199217483,61.870930132441025,1.3553223401863987,7513.342552935342,0
6.173527294692626,2139.2195506112057,22.525679301672145,2.3559025945988177,13486.728897311536,0
7.252023010798792,2523.7034512493196,28.631662925633925,1.7409407066039762,8437.50879872591,0
8.417817301917225,2692.9314420858655,35.32073326026957,1.0019679731842803,10417.074421766747,0
7.751247386506318,1589.735036285263,52.99197475958813,2.8976019017333154,8428.766377069876,0
5.68228929798691,1961.2111888395539,53.303443014372455,1.8237844845766225,4706.371135235948,0
8.11368837038893,2528.057437649224,30.382717776041293,1.3669390218399893,9649.663045706051,0
6.043618686886054,2012.9045264565673,4.827810912405802,1.751261682050784,6032.6080655906235,0
7.32502467844643,1880.7175694567384,39.923678885919344,1.5222655263357083,7727.041585882291,1
6.544974898784298,2607.4149710601578,16.633677253431976,1.5837812194299996,8916.208045680278,0
6.671700622396561,1684.199972110408,5.201275907195551,1.8670379658904104,2175.7457993400712,0
8.149364462560765,2079.368076883558,9.72256878532567,3.0384891158268457,3171.4936283248135,0
5.439709420276153,2331.4576103219233,41.52762015691121,1.6002096700732245,10728.377517492689,0
9.9177926114154,1970.4720344359525,62.22074721865614,2.995562398531514,6008.760660203168,0
4.268370896058256,2513.26226240527,35.77789032472488,2.509302077587713,6151.034032673417,0
6.103498475117714,1972.4492099210524,39.22761309291929,2.2377629381516515,8499.31519211246,1
7.5553178349126116,2763.447797378368,58.65789877755851,2.448872019351125,6842.982208634392,0
7.8764712496529645,2149.701481001691,4.110901818328916,2.0081933983024745,9252.76514492837,0
6.849286419142443,2468.5080546821414,45.40352843200543,2.7716300623180556,7846.634633800868,1
6.913913945497686,2498.4095811931265,34.76820431362358,2.3401881579602604,8595.808850541345,1
7.615825127991425,1948.9839989023708,46.32114917664134,1.0012004089846922,5894.424829273243,0
6.65339578381348,1378.6053805376446,25.33032183192368,2.177751159133979,8580.784469842783,0
9.089771886902358,2344.302301865534,18.641254191470356,2.470383885795569,11315.26726050633,0
8.259023671347403,2228.9153388499476,37.81017808571211,1.8265992688392696,6296.755351657404,1
8.309236526508451,2422.330411030051,67.98382646668924,2.0757535236283595,10745.954900816454,1
5.5507649149443745,2109.3890110468647,52.21820209082925,1.6322852031953559,7845.319045032053,0
6.880917363391446,2027.8289204797136,24.84614459639817,1.1734246063618636,10203.444967933814,0
6.549301076918945,3003.38920439268,8.180559280374403,1.0697738774412562,8386.313955059333,0
5.491597936465801,1611.058375395689,1.358654326044288,1.077759207758682,7899.767239706221,0
7.54024627591865,2493.5801913456953,61.32198903700963,2.401426845482319,9049.189046229098,1
6.193531363330275,1970.1592567266437,15.89835423728345,0.5058309749742029,11640.792686906747,0
7.983105744775355,2065.6885529038314,28.48973174010127,1.6001120438219114,8708.291882645226,0
5.394712655658502,2073.158866970414,61.42422252155153,1.5406080288527733,9435.592492725193,0
9.578560919262731,1878.626290331497,2.7219708904201667,1.8307042784075214,6894.545259269896,0
5.655501012111907,2428.4896840944957,64.84529018950118,0.8861410700382784,12712.659421985078,0
7.328953505800654,2756.257438379983,29.92719092214996,2.2423328568443712,9921.011332789014,0
8.1877889655821,2388.0054644986644,12.028333695225225,1.2361031635040607,8233.125380075018,0
6.144039354699831,2241.352798484838,30.052981457021737,2.6794433244255615,7632.038983235976,1
8.278702965149426,1805.4238003603014,20.548064371970447,1.6269405874467007,10933.724807819332,0
5.156224603299376,2406.7301063297805,43.816395978114315,1.9426321859528477,6181.3877688642215,0
9.178176548773841,3062.5398526917197,22.037351322244447,2.0022643139331238,2651.3749511860015,0
7.021223897448637,2047.7221504819631,0.0,2.1465446317163432,8217.198798273366,0
6.10538288804668,2049.6065682592534,30.58874931182021,2.0222086264976853,11570.013719343031,1
6.551227341358849,1975.5643476076011,7.869098954269219,1.743733670760421,12773.926433554021,0
8.21337890408908,2004.234306202232,39.08639767976639,2.205829118416426,7678.11816969836,1
6.123317062224343,1101.880178531046,11.257393354333516,2.2796882782969723,8130.76299182535,0
5.8759634658658335,2362.014154342285,25.239743936558284,1.5409191997342278,9558.591297547866,0
6.667695103624393,1861.7791294581546,38.651756084286724,2.2558206913841343,7206.951743408705,1
5.234556830845047,1555.89475248328,30.750825499314608,2.7150321814410177,9549.217845173447,0
9.730815861912724,2501.2759798930197,40.0086056600209,2.4235365176627317,7743.794746795196,0
6.150408113177916,1767.1928859832256,48.60574331435514,2.559425144988312,11034.104771570539,1
8.247425179270605,2064.5323784464968,11.84132600537388,2.103152509344467,10168.941539293472,0
7.314205125471659,2786.576956475432,33.71204918750584,1.4383097323550724,10430.683496907299,0
5.523198924277048,1636.3136807901947,0.0,1.5142133241778128,7384.047065593736,0
6.991067936180906,1586.9607061608951,39.94666603365047,2.191932780712647,13777.781961506784,0
8.176004168966122,2307.7224758249354,28.983717392503152,2.5656582350913864,9451.735827138416,0
6.71760799737054,2659.7949456041474,15.331004730440576,3.6715471483964333,8741.882160460495,0
8.789669418776542,1570.2633129072149,41.31438844593048,2.5890931666631625,5717.171058299085,0
8.532273089172795,2363.075894734871,58.45395154370135,1.297738545501499,7708.784539554338,0
8.378372281987494,2432.399815984677,25.479645048021137,1.5396364565840106,8343.139282107908,0
6.310514841590504,1376.3358065230718,16.103710195165597,3.3671103895735994,5636.9681107271,0
5.380236328327769,2519.400535162888,38.300505248774236,1.8713666408139331,7123.048562692737,0
6.079618591955809,2550.642351936872,8.287866667072787,2.028508780856773,7502.59994569097,0
7.2943614110000805,2075.28577069759,21.792372589289215,1.4237498477544626,8167.761982769654,0
7.818680070298534,2700.938544919203,59.44804323301005,2.9390620433445465,2711.8790298751874,0
3.7426428928593287,2654.5822297299383,36.24358459624575,2.300199924392375,7594.188377887207,0
6.987830197582374,2241.247170286882,0.0,1.535239191268813,6867.9614507602055,0
7.237133837984777,2019.4218438700266,0.0,1.4037048266856373,7937.347551125301,0
6.583683615526673,1810.8688429668173,38.24171385293551,2.1843223675387233,11105.829698540769,1
8.936910758523819,2184.9745962535235,52.24781151835376,2.0265237049282714,14157.186476363619,1
7.6326701113763065,2427.9035678816717,2.647570827476997,2.499266130332676,10035.13159893388,0
8.965287862121345,2070.3292555837434,43.99425214993017,2.32818108387632,4296.733483800992,0
6.676059219474651,1320.9995978951881,61.606870149794375,1.8413117907388266,6963.779144502398,0
8.406216238760388,2707.4855578306283,72.75717975917277,1.6737190427231803,9787.889926493273,0
9.45259959179128,2276.0892887379573,41.62445519719753,1.9040347110206997,9449.87148928707,0
8.967540173908992,2048.1502013292666,45.13605189104948,1.6695914920059425,10961.977206359223,1
5.361787609856901,2542.8633553693153,0.0,1.921882680317143,7707.947017128213,0
6.619485883686428,2809.8554385931025,76.99505095991978,2.009864557171629,6909.499266903483,0
6.482252941825306,1079.2353722048433,23.490195738077574,1.4612414639719657,13257.272011748117,0
7.7338818026144915,2373.7054599688286,16.330576831499172,2.3784079172587282,8176.011810108913,0
8.0295303325218,1629.3403156758611,29.895877311207506,1.7777433713181978,4949.976871936656,0
5.741660988961396,2399.6442027195767,65.23346828370862,1.4948693898287941,12425.400971098763,0
7.101757770875406,2251.170880949832,79.16092095087096,1.789035543030879,3511.7135258166654,0
3.9701090017657954,2454.29061057622,37.508173589516886,2.1453548939721716,500.0,0
9.162917508702835,2000.300954202138,54.9616834520731,2.049822919887982,10308.16027411272,0
6.23143863898496,1450.7039552723393,35.86408097371008,2.2532708689426775,10732.102913073893,0
7.083795909766746,2019.8527234973328,14.244090539636321,2.539007675045317,9242.038825834074,0
6.535525429017908,2362.739054055913,64.53487341576582,2.78296412240482,4092.6317480238504,0
8.719041362520123,2606.156931470089,22.55745039287222,2.171291697612832,7823.3904342730375,0
3.0,1731.26747981099,65.71061546743765,1.358358567658702,7165.494279338386,0
6.975084486511136,2610.824170749207,60.97082659538167,1.8385335184818197,6388.132967322832,0
6.8412718637534535,1940.8510841413915,47.280725279144164,1.3974089693701952,12236.208292427838,0
6.319545418612476,2344.9799526378106,71.57949512508706,3.018112444227369,4860.001824104933,0
9.58933981845345,1996.0424188537468,79.64692066371477,3.192440529516298,8948.3133593192,0
5.669005811716343,2272.8682510848407,31.49513274071377,2.3901867184978056,11582.140950987725,0
8.157694265853491,2556.75105382811,18.824117631671374,2.5150753055834185,9144.324575957113,0
7.534379183059126,1709.1943690845856,0.0,2.1505659159419954,11723.35511748612,0
8.892278878803275,1928.0376413012673,79.89364510860511,2.219633549276475,9691.144167286788,1
5.999216372833742,2273.985034936835,26.206359821631008,1.0415274690025265,9288.049011476087,0
5.900546651314362,3160.6334644121407,57.70073714203479,1.955640580845854,9100.50460649644,0
8.644104861216098,1854.7241151332687,20.17489264981034,1.4713081625922442,9840.32979995045,0
7.637981962495165,3016.0535543987676,65.7653128182407,2.168813922523022,6843.382707763219,0
4.682593979984862,3001.7693214700685,20.997648163691736,1.9642340927668795,4094.3784443816403,0
6.191042478305095,2161.0755397193634,11.165617327653138,3.168093177407669,10862.130234389928,0
7.579573980772091,2080.73898952004,30.829871380924992,2.5499766132337047,11485.226901517299,1
8.256646332319884,1923.1739205341232,24.364485980767256,2.170707189512987,8755.93643271813,0
5.9811540202105675,2172.7189878669324,46.92599570922425,1.8398361877162244,6354.873141096889,0
3.0,1637.3122269761768,33.97210145614953,3.0056128752559577,3326.848650411086,0
7.78483477860555,2169.504393071761,47.55404789103843,1.982027212324082,8257.421299770165,1
5.169518965084036,2798.7521095403426,29.179570538294122,2.1990043769811667,3953.148965846086,0
3.973991802816383,1955.565975009313,21.697852579623895,2.025349762656101,3533.037492086223,0
3.0,2103.7102784043796,23.32878904207853,1.7575076565756065,7937.805415952922,0
8.220971290296612,1519.5438102931034,75.89877596062053,2.021903733431312,5708.691496435957,0
7.192926175607449,2349.6248352524176,39.50341864453872,0.8228198895930106,9035.92866849431,0
6.661515428931622,2305.7926739805494,0.0,1.0713761592552875,7522.113192314377,0
9.083536544444144,2225.4809439063083,24.59581973091838,2.2097783250017766,6180.09630133217,0
7.9559870245346085,2113.2691799111426,36.93732064951751,2.9409198143164916,2885.2547578131025,0
9.424450064082874,2082.896832491018,71.90799362500758,2.208932662486501,5441.335622508927,0
4.910896791749505,2400.7600934802686,55.57397431779799,1.5677786870620076,5551.590529846728,0
6.948174064069055,2188.4733593645506,16.565643270361697,1.1342877475595987,4324.076979455114,0
4.574929937577979,2325.988748622133,83.36711507144902,2.470716356285383,7012.867114272845,0
6.655926502216799,2285.9931269818194,34.376792703970445,1.6596829093909395,4558.244026476044,0
6.627076219349984,2649.3709148383045,59.92659622149889,2.385941251131536,7508.771758126354,0
7.939920455894606,2470.797638950022,11.899830052001946,2.2339190948394303,8721.233641005969,0
7.068345821712848,2277.1447372600765,0.0,2.2869802353528135,5521.490136832466,0
7.935110707419874,2807.368812260872,6.831370192632782,2.0201610244121335,9276.225888255754,0
8.055160199708341,2368.1074116226246,0.0,2.230186630981785,3915.926386256889,0
10.232393016074713,2721.9850755161674,77.24178654505818,1.928327359246199,4663.467804811128,0
6.527055017070813,2442.7770433546552,39.29065837772832,1.6188160793790778,7660.348107125693,1
5.588465949000431,1463.2323684273829,16.507119631039373,1.421900563690369,10061.123275665916,0
7.369125422974613,2721.9339053277317,44.05248059960242,0.5689947212174129,10602.1986244678,0
5.796579959290685,2254.070496537068,38.78668072360332,1.8913342625572942,12837.171866472678,0
9.222941152654805,2179.2180916396887,47.41866791227983,2.911626909771172,6870.233375547469,0
6.575172941582151,2312.539338995831,59.19062802272537,2.4380480555225583,7617.496043965087,1
6.1516354481890145,2062.006735217173,29.201576939499695,2.136625471085575,4901.973412946039,0
6.293026418273323,2290.8115441555783,17.403213877980264,1.5595970034265094,4238.701004026931,0
8.077626135207462,1963.249573462763,51.55550428743835,2.5984035354554464,8685.716258982575,1
6.763379525152772,2709.708903493748,51.04665555768932,1.928414412918185,5672.3855016612715,0
6.037499769804427,2154.56475455158,37.0147161624269,2.9449605882734353,11697.13760005187,1
9.498027876435296,2046.9664629110266,78.55108377361546,1.4113476420231912,3612.8428043978274,0
5.715745239007375,1830.0296737122903,26.243557542766958,1.5500182832164062,9459.05961747409,0
7.05334911104949,2307.5103156594564,17.002840567294633,1.4916380334682229,4982.782283548912,0
7.978459227415346,2274.8428400500366,43.36182855013203,1.1107289777395923,5538.6545996837485,0
4.55299733437439,2355.3698454710025,21.501242861730034,1.4377731888849425,9617.336195756092,0
7.720390752108887,1789.0992449979485,44.91033048289791,2.0619297558595506,5972.358691676275,0
5.417338486779326,1559.5275204753707,18.3398348832112,1.5726793850896235,6452.6477974403,0
8.234174171251004,2450.2365210026237,26.995154341362287,0.5,5563.524909345294,0
5.556023482121535,2793.856744750603,72.81680840078332,2.644563978452073,13355.089374840325,0
8.03915354777329,1789.4585510440415,26.88825286504642,0.9895437623915568,6147.541066759971,0
8.65874959944207,2835.7765134246793,19.022969119654075,2.353536970931982,8154.656652298289,0
8.292154788449206,2313.5644234945526,58.41357577413,2.0187287538017387,7394.259199156777,1
7.376974972357154,2197.1748381796683,13.979160994266127,3.2704236898522057,8664.251185172783,0
6.65304858560545,2040.9805213816887,21.14113539705864,2.598174488913572,6155.789159102194,0
6.135370635497734,1646.1927922300015,46.53122241017989,1.6972372427090154,7397.548296375049,1
9.206552036225656,2595.09140636984,53.76822847746584,1.5787618625868127,9181.856026981806,0
5.950757169748535,1889.7574554249588,59.409527821621495,2.901636608479571,5410.978585991024,0
5.444400889645006,1888.07732970496,20.055563355590305,1.114477341739153,11267.964069884463,0
7.998053402549245,2596.7705239547818,46.9201734597224,2.1145279615512247,11556.441557124897,1
5.805794795220256,1446.8066213313093,25.677836009116405,1.9213277220501968,9819.477878476218,0
5.574904753800809,1590.5608757327332,22.886887329787353,1.7940643587771945,8209.62915078945,0
4.8345936067453525,2192.7463025967672,59.064255645845705,2.212108390669055,500.0,0
6.2756352408092235,2317.313771601941,24.008912082808276,2.113735916305205,9272.873397963389,0
6.87592746415526,2393.8938591875694,40.5640919204196,2.2744404456750464,6826.008784313407,1
7.364637591491048,2079.2806026414987,38.11158938461278,2.0833853914179703,7261.176765747381,1
8.426959366449225,3212.1478674566756,13.584912473229949,2.2506088430103484,2307.86800843155,0
7.790346885498691,2108.8429764936664,54.32185710712642,2.0560191157589567,9480.765457622578,1
6.71369167067023,2107.685539158911,46.20561787357907,1.6043438676702113,3654.256859519137,0
6.70270648543042,1881.205332474449,0.0,2.0024007561419572,8355.273637974184,0
7.765236203372775,2249.5627266084284,40.548422224746865,1.571368064177588,10713.972445729523,1
8.908855244392853,2445.98449281871,19.54053131666758,1.5317740371614899,6592.015456047344,0
7.189471299224801,2681.431221813384,56.941506128252556,1.798309998369349,11648.155175685322,0
6.296303718684387,1604.2862942239128,6.092003264384836,1.9283461035584946,5759.028865378459,0
5.510700998371682,2101.6018646577195,27.870460627409116,2.0211351838086866,9801.299230193004,0
4.8321921033816615,2378.6814443236576,42.240491019769316,2.549827296417998,4085.6427456244173,0
7.999404508065284,2434.8230138378144,36.0868058828375,1.700921550475494,11093.39130404157,1
7.866967785459336,2202.619463121816,50.25916513427943,2.1181111558848924,10627.97114773787,1
7.8660452876599924,2416.969587812841,4.631560279814217,2.070816628366291,9405.073768891189,0
6.807010830471916,1876.41444282968,68.03828673734756,1.634823027520361,6820.147590158566,1
9.110402118837627,2823.162172927343,45.50289317576543,2.044244471723927,3793.9981297156646,0
6.273822258122774,2597.0512411917716,62.19436426001792,2.6016328491063883,6828.079054341628,1
8.432903855810808,1662.028885173931,52.48480338466483,2.11190373013004,11330.921527244369,1
6.9418856575156855,1769.9587807532978,34.76779771089913,2.1359503574163847,8389.885614707346,1
6.0874738529809935,1781.2312999572375,9.316035781776787,1.5768030014343997,3340.8892114626506,0
7.888795460976642,2471.1879883586116,23.72893637502598,3.1813153107229257,4625.817081740176,0
7.614454178025991,1686.1088934330132,66.79126665725155,1.6109861778064993,11759.454202556839,1
7.535459138900389,2067.5902663167676,62.708755633127645,0.9993299236715134,9463.738256383656,0
7.121917633084298,2381.88175856671,22.6080003979262,2.516110472130846,4297.999637780216,0
6.9431603774247534,2173.533626181426,0.0,1.9311097762109444,2702.505511476219,0
10.582557989305657,2303.5550062850825,30.746205313897626,1.818174907431755,6124.873596199801,0
8.77638496779426,1773.6789154604967,29.245942237417673,1.6726677317530838,2445.9238760302414,0
8.084240342478267,2437.941749358898,30.004547759192334,3.1230287745895025,7532.496529978998,1
7.1676987373050824,1954.7152430096014,45.57078403662803,2.2127541671628097,15354.876115508912,1
8.510735800895004,2070.1521302408237,52.524251586433266,2.329850732987051,3209.131772902484,0
7.776992164587178,2295.0926911623947,54.80599094199049,2.0975693741493604,7441.923010381354,1
7.039307129161053,2241.231288612339,43.91418280270734,2.162029768067118,11935.779725993752,1
6.544653512101127,2209.592007606237,0.0,2.8391747663356486,10247.263574900286,0
6.878623993505967,1899.7492712092976,28.176005346134087,1.849487203263383,7553.777855602585,0
3.0,2080.180235520323,81.0817956709838,1.1258374726875622,7560.953989495409,0
7.315901258946463,2200.8734363348144,42.484334696049565,2.520832792536666,4532.270652726263,0
6.267285879834461,1649.965906733166,42.356391368877304,2.298020967345435,7197.03268998334,1
9.389004997424326,2014.9868134746484,42.189718795477155,2.0647878877310255,8730.32214272039,0
7.0290161062176315,2355.0719516131385,43.3075924501198,2.2824519449286718,11315.34062982227,1
5.216554870697557,1689.0253584618629,0.0,1.7775534678234957,6139.473129455732,0
6.925179768807824,2662.632660637696,30.20951366177863,2.0124155497125558,7430.494615809613,0
5.430818372406243,2707.845305039937,34.24214336410621,1.920979847684054,5152.359557729953,0
7.7101111235687,1701.9397696159658,60.62990798506824,1.64510704575745,8675.975538621515,1
7.436421046509228,2743.047853220056,35.95345789244592,2.7135036698630017,10351.33835092689,0
8.436759446662402,2142.5673645151464,2.069772267961177,1.1526448235493199,9888.944040289685,0
5.813677312458152,2367.405823662822,43.60178312343504,3.41652930308778,4489.438773672934,0
7.05101214434222,2001.3395791487014,18.923507035145096,2.526417325523885,8440.589628369244,0
4.952467306860047,2569.217930890705,10.664287178371644,0.9332146791785896,5968.062415249435,0
8.052242172887071,2362.4376075394666,18.316819065668383,1.8655002023054423,11033.1500469585,0
7.778306770660183,1874.3386973609586,45.85008459329031,1.8988724504578653,7516.061831679386,1
7.743707531541356,1733.9192000138846,60.17522479520137,2.2351319773652674,3441.459985276747,0
7.002428547035412,1615.879025916311,44.658598903551734,1.4063730375561678,7340.5918831768,0
7.622159336183186,2275.1767105731024,47.640464472340426,2.0192152060209305,9375.417707596644,1
9.406508662462894,2428.9885647118945,44.460905456760024,1.9273283611264118,8732.018189428398,0
6.572358614436979,2460.3862715117766,37.02654353720936,1.5574289824559366,6464.611959044059,1
7.207967775565127,2152.807562157049,48.93861269925515,1.473948661117261,6244.179830386562,0
5.370810551227885,1737.2014177342544,0.0,2.551282788021414,5037.486805351051,0
5.697608557602502,1927.1700807904867,37.221767026096664,0.982050475974444,6815.751138994081,0
7.146719939639961,2660.9394555847703,14.101499307554967,2.286727361657631,5432.963100422592,0
8.655900320052861,2006.1485741599674,58.25805145088279,2.4785061841268745,10910.257958531944,1
6.615578763622642,2257.3670522725906,32.05689389566279,1.8688649969969502,5296.587827805151,0
6.646125206031814,1769.739806570045,35.6189617653566,2.0314237038349976,8366.853387086603,1
6.389672133243438,2334.633218183614,4.898562514923931,2.6980969998184285,8162.911709978998,0
6.197864993733515,2016.9261753283688,55.33661778025703,1.577089093565566,10837.002343654734,1
7.442457183563232,2618.6850855103057,47.54656240547619,1.6390085426665255,11268.104866875114,0
4.754113532232033,2509.4230824827255,46.13895764681006,1.702709791340415,10087.909829843986,0
8.921409365000091,2001.7176213700402,18.739542956623552,2.699195359533969,9058.785029870389,0
6.00186655280581,2149.3343890609344,19.527203101237397,2.7753762481308244,4854.061561717826,0
8.082855228157213,1979.5535039837484,39.47198908891811,1.1624658593218284,4793.389736785228,0
5.095002103909186,1632.226721381996,21.110031795038978,2.603744448386982,5462.927540705154,0
8.003260195819328,1857.0230281811134,43.69785925354677,2.4913449838083706,10255.762998883745,1
8.007916911721747,2279.286931088328,0.0,2.9321568862698966,8219.989784751908,0
7.576303108008845,2330.1037992918327,25.249108871868145,2.2310648192758276,10605.971722206687,0
5.508357217300311,2259.4191614370557,70.93506930852982,1.973443927832854,11008.408202960249,0
7.374322284397116,2079.3067784165455,43.7897165599153,2.6871300119429953,5822.144299102256,0
5.225415722898417,2573.226642288394,38.33587329061985,2.419342274901059,8096.222982671561,0
6.620855117355722,2225.416761824375,74.70453071342713,3.3469390484892356,7961.018963949229,1
8.54411965143299,2481.301531238379,0.0,2.575224706977097,7016.636931127355,0
8.195052890606114,1490.4899471189924,18.69377770423785,2.0921287858543494,6395.471436425865,0
7.02277441381065,1000.0,26.976536565052218,1.2955373717742973,11554.26651023317,0
5.537790136115737,2313.515211135232,52.1670246601078,1.651449693683529,8155.915180146502,0
7.96838156826129,1630.0937385114044,52.51312726456473,1.1384270131831904,8039.4343656793035,0
7.029071856547038,2115.0193189147776,17.679865820347477,1.8709627783634821,5591.666975394213,0
3.519526602654365,2079.1611835901576,54.95908644285099,2.555640555939707,10025.637291240513,0
8.173944739474777,2834.9602409662148,26.933704653565847,1.9977973469116908,4984.6774974859545,0
6.963650749195462,2359.9986211774426,59.23279251298334,2.6130351612560436,9364.716586534047,1
8.80367687197461,2266.3436107194693,14.347146037558844,2.202544240063408,9446.688080165486,0
5.357094221735792,2534.7964618534693,32.53376801867679,1.7581446261475941,6762.454852029294,0
3.0,2347.3990347356157,25.196653692468793,2.052575093101978,8952.956243549539,0
7.418625787517778,2016.9292028046268,56.120607431314276,2.2832580146330574,8557.00867713346,1
7.437345515022959,2628.590372101824,24.54437566867658,2.0835340390781694,7881.918125569551,0
4.463992558590322,1756.0999488446903,34.15102941976488,2.0904105373111483,8038.831940435697,0
5.5322506812000904,2329.298875013425,45.136227953260985,1.5385699354479763,8185.345469580564,0
11.132826615579852,1580.9720823454754,45.90516966052239,1.7402142408546704,8389.735018016145,0
6.541584078769295,2281.577543006398,52.73905214946343,3.3550764776927866,8180.72609403112,1
8.096438464564324,2277.195856709172,39.222495536893334,2.7370798942541255,4688.407429363575,0
6.024010258947424,2870.581984765865,26.635021694403378,1.1156954619141706,7543.367146983186,0
3.864545651720265,1574.0104426232883,28.00602509282499,0.579818625496183,8794.845803590617,0
6.7446126298061415,1959.645129658475,35.51344630415224,2.045715452869233,8291.866185617875,1
6.601593159570842,2529.0729706296574,39.991849521487666,2.536083736655594,10861.250778185415,1
6.400182641997443,2334.126902558923,32.05656704303127,1.6880348975466757,9860.259768498363,1
6.828038746740411,2272.1220205350014,35.38406841931094,2.6129952369187626,5388.771394840593,0
7.396402407468455,1817.5457188165842,4.654922788557894,2.0357927390042505,7500.118675836816,0
6.77482457311929,1963.6726607634282,48.34710568909357,1.902163232163815,7065.990039658436,1
5.103990748078955,2698.0164032893026,38.6222457777886,2.4536691057051088,7986.954540118448,0
7.729277187342908,2179.3963224984286,55.037408270821764,1.6808745242586387,7991.0558004839,1
4.075942367016365,2350.1438784577895,35.0032101481417,1.827976206917808,9834.565007719546,0
3.9244638140736994,2153.9246684894083,0.23204842956427285,2.402100357278278,8531.985089423431,0
8.108770742052352,1726.765793900094,27.831076213866503,1.9811624377603854,11691.635015625652,0
7.760530408203035,2573.524170429999,31.001401537631665,3.1452657640266413,8723.009412987081,1
6.913906952388946,2401.2929538129983,49.85806610867198,2.416295247713611,5508.22843898817,0
4.906827242867392,3122.254734946876,0.0,2.377288296999657,6598.158139495341,0
5.938133588988887,1793.767448139782,35.8235903389787,1.970297212360959,9811.367212195275,0
6.605879878470244,2529.0291684801923,45.27350431586612,2.5248528060257636,3157.495206482944,0
4.60615904713883,1675.3824135851996,21.770242294369606,1.8064353363190122,3962.3587557198643,0
5.891457012965151,2262.938627069231,36.492560196336946,2.169426650719709,8032.091621375691,0
7.97849550726502,2590.602635625266,22.45926981700311,1.450224171797264,10852.766355563497,0
9.140958046433825,1371.1459535614053,20.40854133559219,2.6236648353383547,11921.106295864633,0
6.370847871012174,2118.0270103033567,26.831602997373658,2.174362818357075,7348.682758934686,0
8.134732531474148,1974.716106382952,20.786160150659786,3.189507838218726,11182.486060957652,0
4.128909894118799,1919.2170806819513,48.67236623872665,3.4353790302018545,8216.803729306694,0
7.989176861670417,2354.0850609037416,20.300962463292443,2.4579916708598883,3405.755053270308,0
5.794077377908779,2648.274282569038,16.941799859041453,2.041055186724742,7975.770390564891,0
7.461018425061955,2146.688513908338,70.35857333679067,1.4323612927246587,6143.275626135347,0
6.628371372640436,2282.194571024008,54.214800236480706,2.5428498819552945,10754.692641433223,1
8.980621014675751,2245.7235012236993,0.0,2.126170738337137,7922.97421893654,0
5.688346527490123,2200.7214025425656,19.70463420294933,2.3228209034926772,4166.260680330589,0
7.941409446342747,1764.2629449151575,39.84925943445422,3.037872432473746,3500.8555672743223,0
6.5807388050552,2643.377840689157,41.47510134462987,1.505346026801992,7937.060127756647,0
6.762541782985505,2318.0781472635344,5.190142685262131,1.445417498911198,739.3475856208834,0
6.724219160261185,2357.952596001031,58.17130985644644,1.858144436977592,6445.504130516298,1
5.73149034325883,1877.3961483897672,51.50448838363252,2.492720689851094,8693.090977228525,0
6.978851551139993,2016.3118408043038,44.63803264080677,2.3329203441286928,4828.950487833926,0
6.906027666817268,2129.5463209156887,62.134569814242425,1.4625868929825365,10981.961470715989,0
7.361860372610094,1586.3501226204594,44.045799851418366,2.4539317404214893,11573.019649252077,0
7.126757718539293,1524.7862699209286,43.971617585036945,1.2792723086640423,4949.897141744144,0
8.196991824418355,1959.700827744573,66.15358543644484,1.4973549953906855,7105.86747741054,0
8.385262924071053,2409.008306576956,57.024391614554176,1.9307256096864864,10984.079453964414,1
5.4240650172582985,1938.7450440280236,18.169850821769376,1.667941252414868,7996.077397234732,0
8.303158750886157,1792.4779209637145,47.663903573438304,2.533915693190561,3816.5642657029402,0
5.220495359335218,1874.1257387049318,21.71464270082836,2.1718270898006566,7570.0367943069405,0
7.881783832206603,2017.863030741875,45.08309101900556,3.059336706576356,5441.215033112482,0
7.929608177054303,2058.4564148719583,44.53227014039629,1.8516887807873514,11324.593689277655,1
4.133024662506244,3066.2085808826228,7.3306537508802805,1.926678709375554,9817.796282973766,0
7.139468869794115,2621.8482513949275,32.563087773779294,2.726229565437058,7058.729164203116,0
6.297255829959527,2609.909644912691,40.30514047160804,1.9454475181257227,8426.444037590121,0
5.861852113096937,2667.4321457093524,26.27419618011686,2.8964031486245276,4075.635269082541,0
9.026278496048509,1800.4716522663803,41.294198847815196,2.3244969262306947,5738.667624327165,0
6.019481289043871,1711.0541540051045,51.11795554002138,0.5883281180687845,12659.837563077479,0
5.7904346063229255,1757.2518833863774,34.38813871538489,2.7065422484896784,8160.543957739002,0
7.11354241000764,2733.8024533351354,39.49198953416519,2.547636087871885,10790.257414374095,0
8.028384619447625,1981.1232844470037,62.6684815711195,2.570799563666327,8696.039265224084,1
6.78752712098481,1699.4575271042852,44.46393166450452,0.8534129728728452,11942.845529088572,0
8.749555818503879,2027.6015199120748,39.01648579348947,1.6022060232373714,2003.4874022023405,0
7.796463492946136,2104.557787314149,15.838412407172786,1.6467770998659381,7435.34724794298,0
3.7326830204028543,2307.3653094778247,48.420520227776976,1.4953271794637646,12934.344938649167,0
6.205799554739487,2300.3804082848173,41.602998987838774,3.045153519136363,10868.520306681932,1
6.157236850972452,1868.7277744505968,60.674788674028164,1.9929392973058195,11976.116776370574,1
7.7190414301441335,2474.2625570054843,35.937570866066224,1.9780634344224977,7979.706219030528,1
3.0627744154388323,1944.3225864999367,0.0,2.3312049861894675,6388.68075375985,0
10.823514563076582,2137.4894653179826,0.9975826234347664,2.3415810007336293,4918.506620936215,0
7.796539142341315,2474.709628201342,49.71361527519467,0.5,4709.215725015469,0
7.223315205876537,1943.2714384222634,23.596128046036934,1.612185477710382,10421.181686625558,0
8.772351574628718,1972.259430567545,43.735355022209944,1.152326853325234,9539.633151262557,0
10.515481079218937,2436.6672198772526,37.28465289004712,2.2401836558928916,7800.27965200892,0
8.306119966882605,1856.9067293579922,31.663206646121587,1.8266645513995716,9524.571964555042,1
8.42321964470743,2046.0831905583718,33.072774288235536,2.0092325387007612,8427.355277156183,1
7.196035036696573,2422.296871217157,17.692209899095463,0.7528881506656864,10886.65310419845,0
6.7877113699495775,3021.6369765743902,34.684446222006585,1.814088665185701,10858.06026472451,0
6.286306833992648,2442.161801905099,23.310131344112026,2.669078151099689,4802.377698545473,0
5.760832012428187,2389.0559051960045,27.554869597485904,2.8456696898613005,8820.93796240937,0
5.969478850450754,2412.3206334690917,28.527019105816777,2.43131805172442,2993.399749417754,0
4.974166053485526,1770.7238903731802,30.466134602025615,1.1987208239311289,8399.06221427179,0
6.886192823972465,2246.238695471963,53.44346913014172,2.7556410817952743,9812.912839104756,1
4.47299863416042,2188.0934046654393,32.40418341590613,2.4344013530000095,4058.841965620518,0
7.286374786215566,2328.6338161491026,55.47404673180197,1.9296865795612768,6750.611793617503,1
6.945504087936487,2246.6032209903483,65.75709902652963,0.7849782112941537,8028.579131659407,0
7.220402947580031,2351.879870966845,52.09889302112299,2.57215697039751,8701.74474912017,1
6.216802644970011,2075.413122040319,45.68937070137022,1.6447002020099726,7164.188890325495,1
11.615290555270755,2223.443566948717,41.536644189670405,2.2076994926328686,4483.1355427859835,0
9.04017385027047,1708.8685735772033,52.3071741810014,2.0410363163819976,7837.9783942422255,0
5.1331862498729155,2072.0370887988347,36.78721477192479,2.923036990662967,3043.2692991770655,0
7.349302131140347,2756.3334192706575,54.69139691914397,1.9247798084014949,7302.075689953565,0
6.087990785594014,2327.5233358513024,47.28211610579368,1.9909318459484313,6675.879158909211,1
5.478280409938879,2191.631585046769,27.803190784392243,2.947169234287178,7597.202979681738,0
4.989891893314097,2958.4493105017386,52.91701760205612,1.605066653749887,6322.034067572951,0
7.648325036138881,1655.6660086795682,36.82960011955137,2.488593710844666,3476.9574855313986,0
5.977929647395639,1756.217777821512,32.87735984775368,1.8808305662729217,6900.970038231463,0
8.451739036037806,2885.084564510509,25.476016792020257,1.3984748227970425,10792.460375111958,0
8.490673321795658,2218.3843744195738,38.32037695749145,2.0006965920325235,11784.382411966413,1
9.060871577817174,2102.9667854840827,54.92925230825967,2.4150230681647926,15318.0028361578,0
5.721419850888845,1720.3182699617428,52.77880011186075,2.8122259039859068,13074.951225192992,0
7.713048416038015,2379.078506558005,42.06787594917913,2.8848163912074094,4409.186219995688,0
7.948681324963451,2417.783947810985,46.99287281450071,1.8231415554646804,6774.687196182022,1
6.288732737344053,1762.2022556660415,60.43393583045116,1.407650460780672,7931.643095486669,0
5.842342063910687,2143.889765779829,32.00067417658278,1.8087566602535123,7743.320497298901,0
9.414280998663958,2065.7936671867737,12.691599929395878,1.2910815480019067,8208.599989688677,0
7.341243813598081,2302.3908585675085,61.02259704357145,1.869568280350097,15222.774264642676,1
7.953951626067607,1752.2999031117424,24.404434959385632,1.795000829828145,4753.845362622807,0
5.766885982258109,2700.778981805263,21.19323753312191,2.436494122494059,5859.406591357104,0
5.171073300216709,2566.3295126390417,0.0,0.6764388920513731,12931.47779026728,0
6.145825338261835,2054.7297765068733,46.42566106328593,1.5598352323480162,6152.055970745443,1
6.813967918915004,2113.4325153446516,2.5709475089555696,1.5646890173348507,9180.741951007147,0
5.403669989773977,2145.4311398889536,19.994823846165264,2.712276351444815,11103.972109604627,0
6.985232787024425,1888.6765787973986,46.764735890301175,1.3316933735593899,9459.497050196089,0
4.46724221789725,2022.6282327059857,49.43842504816744,2.1359944157893964,8575.296899307477,0
5.319928866295191,2091.8918529301563,21.96591703563533,1.9231229513481312,10815.832309081952,0
8.006366872415313,2845.1473482828515,32.316933460151894,2.625825516101829,5320.794330485089,0
7.9056857804168414,2578.647323332175,17.548109471876938,2.357499118706328,6510.910611511996,0
6.412184851919701,2573.8618829346497,24.032064243776347,2.0727462390922278,9606.912765395491,0
5.47335353638457,2347.970245201756,40.32430520305814,1.667199875247159,1791.6822223572472,0
5.458894672710984,1753.069196427506,24.967066424070847,0.8885944981340743,12249.751470034078,0
6.440097631088029,2183.403558169048,30.115699196486617,2.148251393412443,8910.177125593344,1
7.966777737467937,2588.195383845352,5.70586636764866,2.3182938791179235,8459.09525834345,0
8.392368537016488,1696.694148253085,57.65912329612275,1.0550794325152082,3108.4613670768276,0
6.2552023967770465,2454.621282749306,45.201331863421316,1.2597835014028704,4140.172623800786,0
5.269761361022824,3129.043690105106,50.858107436744035,2.1513979840230055,6804.2490070974145,0
7.4017654567995,2624.7266583958926,60.808506492337244,2.203485011724722,10422.289550886797,0
5.764697544061226,2765.611654224795,18.49574248908567,1.4056116139447643,1770.1519634042443,0
6.222621041708196,2287.335500176864,27.832110339439527,1.6555611718591772,10365.09440233207,0
8.987914135655556,2587.172779505996,0.0,0.898106696857744,6919.9060276749,0
8.240673142848653,1912.8587142583858,97.80845820204475,2.82635834228794,7329.729581775045,1
7.236961468377178,2518.3455249364906,32.008293693652476,1.2200753555789285,8760.778825072419,0
5.092121498330916,2461.755253624305,55.77455799829824,2.3253556347491307,8807.951713539234,0
7.317094851205988,2315.9644696150654,10.236777113290824,1.9790235823079718,5862.714230190209,0
8.59398593618129,2726.4029678873994,54.92776851286019,2.7737561717748553,9874.730265406528,0
6.4365495013516965,1984.4860648610445,72.1518175329933,1.5246475443351462,1041.8055803106845,0
9.026671134980074,2125.176993410535,33.79438501944037,2.0367516262042322,6648.743340297036,0
8.939117934277311,2238.1848165433184,14.782370068207975,0.9809438544575899,8461.045289530712,0
9.49559924821521,1788.1556115642397,32.22407198108928,0.8368838978361479,6965.152054356576,0
7.457864689797029,2290.772777520099,0.0,2.3578001503192842,2519.2690881020544,0
7.881087549709019,1512.4278348184612,34.242265979563165,0.9289844965581788,10274.082136281413,0
9.121280932496635,2618.781813771284,51.41934278625992,1.8630694793392815,4254.836563618843,0
7.671090905603464,2218.6549466263864,34.28484711252972,2.606777268783752,7797.457977415132,1
6.248148838314681,1991.6428384384947,29.317208906220653,2.4480109136568076,8459.103791202868,0
6.327185745208208,1866.2505550819515,45.551362322240664,1.6012487072308437,8059.481461296102,1
7.357832430660609,2106.168388152325,47.080496938991054,1.0468981181550965,11507.032777591445,0
5.064157867080672,2475.3038843089653,1.8018887498963494,2.305696916993317,7840.21232001894,0
6.785111626953711,2419.095591495024,36.77645924557577,2.8053540697161083,9282.36621409082,1
8.64482067734538,1917.7848210886157,83.71970248458487,1.602657152800626,7832.287900546276,1
3.7131192232520784,1861.5841309489463,8.299675087039521,1.51801228495573,9838.868252498823,0
9.301723152691773,2462.759482527859,33.29162334333867,1.685058822278601,12180.485891142569,0
8.68356132805474,1911.0610381539882,73.83492244103405,2.3429652264842695,8412.625488416581,1
6.310353076254286,2223.9639096318015,57.08350313087351,2.7371105638489475,10345.551072748998,1
7.815086241807714,2249.501857009711,24.73206638447877,1.2562359131716865,12365.986804646593,0
7.00472159035949,2324.8248526906955,39.12270759245207,1.1010309144052082,12071.552740922814,0
8.844985552658024,2543.3081720727487,34.957766400303534,3.4039977931594687,6844.131789166368,1
8.474024714154911,1694.814825253071,20.03856391356665,1.8936063272659769,11109.297067235502,0
4.899893915225486,1435.536269895805,33.51495785013835,2.1517356774141856,8746.313480141578,0
7.880893620196265,1973.0210875086593,29.400677343869415,1.5848414956294166,11351.68999320174,0
6.691558219535128,2920.6113631328744,37.25497876153499,2.2939773856716297,9705.903750688849,0
7.12424885577715,3008.8696400349513,20.03233638617933,2.5760365248209136,8827.004228108564,0
5.907742148545276,2932.470854226355,9.467635995106779,2.1798777029437577,9301.916241039064,0
9.622205603681254,2122.807452895724,34.17438453215259,3.044514846208661,8765.713868116794,0
8.560092729853864,1487.1539672060685,69.3023643635756,1.803953246035345,8882.999135409531,0
5.890343254040549,1262.7843593392636,36.64405852525593,1.8422705161787742,7523.502918254273,0
4.998084089634651,1954.3847353802355,28.368124421369092,2.138843810766449,7244.826978177448,0
6.421491053533227,2120.7705479402557,50.08171610076997,2.278976987303658,13289.524788118008,1
7.6517539691369585,2720.2501604223835,31.83360774809243,2.1367683572375658,9432.583733333551,0
7.360308765919335,2547.122183816978,72.3606584991822,1.2293509838269454,6280.085233305801,0
8.879699237152366,2290.962031596648,34.921749814098426,2.187509099717337,7167.747705711069,1
8.184879583271279,1844.0620916235434,49.00994126316327,1.7754958491179376,11168.775360343854,1
8.454353538629361,1815.6881767020438,19.90791235213454,1.6514137915552127,5791.439869734142,0
7.490283100915656,2301.651074828574,45.06178506673325,2.0194892328519463,3553.9169545669674,0
4.916051904683515,2478.820391535891,40.501869538875084,1.4230863876024715,3774.6525781938662,0
6.706452203279648,2356.752504898234,33.86987750681584,1.318765205676061,2813.073199385637,0
8.590134609862998,1786.160816157338,24.964844776605595,0.5,4103.555425206626,0
6.922715607213031,2460.2670515168343,22.23939668695251,3.0483423971059347,4457.402180597569,0
7.75463555293562,2370.3643868405647,40.64705327959305,2.3334387914618016,12155.712138824416,1
6.5218775271308,1771.7334375239286,47.57878219392947,1.9299415272162168,7861.462362022195,1
5.455282227187233,1886.2716118798976,32.456744074117374,1.599666057868011,6910.209382589848,0
6.814983903930834,2475.3983898246265,40.74535858241585,0.5,3669.760810944279,0
7.463571164548981,2106.1969859416436,34.24170643734461,1.5628826742671094,7570.6208075859795,1
6.0164684208078345,2835.6589206545827,36.97052049810776,2.429519802298446,2788.0158123074225,0
6.646433132714997,2400.4517104258307,30.9911003464555,2.565304582156321,6891.748486140906,1
5.590805137021026,2005.3475247242923,35.359451587366166,2.385375196161981,14193.483169531024,0
8.678867376346144,2195.9177598436268,88.96080913634853,2.095035173451481,9991.410736119095,1
6.558316363617949,2225.353357055087,41.232685976148495,2.782324487558827,7370.605518936408,1
9.179133317689274,1908.643874703316,47.90593916862086,1.8028776667468758,10094.370816219069,0
9.293121775811363,1834.9647207289495,43.76047210656194,2.6511133496806165,6435.370465617296,0
6.878431052917384,2480.5559575238,29.74366353405881,1.7692505337678723,5597.966771362437,0
5.487326901178975,2538.1093188168384,60.87978426583336,1.4713152146733426,13112.388888598527,0
3.8711531833999944,2441.5125878211834,29.176724591473175,1.3965722117464874,4573.176038239179,0
4.791944390459813,2806.127237729521,56.101090978851026,1.3613021472962283,6937.636292967948,0
4.93924776265201,1983.2907055953592,28.315860038671026,2.395440817281491,8918.09984709053,0
9.067704441192257,2869.708306428452,15.80054961711918,1.554352657341753,5191.2973827276555,0
7.173736880840419,1839.6315525783389,42.30792416472386,1.3801826929790337,9951.814860894228,0
7.584406786137982,1794.9257746526027,12.906632877957868,2.428241131796816,7080.2164260732425,0
3.6693684865973113,1496.0164471403,45.71280450033218,2.1967822342833396,9991.73098270057,0
5.203050356174108,2021.6818744692732,11.116826878173669,2.577555189707481,9757.952539251555,0
8.330619664669431,1998.5110652682185,28.619839390542936,2.307559706763679,7270.963608122511,0
7.430161168573879,2410.37491210186,6.36540606950517,1.548133051881613,13131.976017772955,0
6.779192081971604,2297.5563766481805,91.48334018805458,2.0456614498811523,6003.992589699676,1
7.847263537900184,1722.8106515923453,1.9208088076737155,2.0750797944618062,12046.611411646212,0
9.453696709203722,2042.909504629673,35.196274807928084,1.4485048049155986,11524.799727884121,0
6.668436304694424,2051.415191564926,57.86608548660027,1.3372250155436043,13312.64662298132,0
7.104054703987104,1489.607101215243,55.727718171740506,1.5915670345293773,8522.168118029062,0
7.288895378096957,1807.6213091946522,52.02684244346274,3.221949414003248,5634.24286421603,0
10.588164452910988,1891.6745477543643,28.65543223557049,1.7523535434670707,14230.38975598864,0
3.8509656033714617,2773.4500079283785,62.02177892674004,2.7397200748320287,6995.895596070907,0
8.024834522183212,2276.580286382941,53.26782181604365,1.7188036943121212,5559.372281883394,0
6.827796626861405,2464.867501579,39.24599235320953,2.5333032917239953,7430.639762285562,1
7.85015758927627,1600.5458011403152,39.81161515453184,2.541494993334708,5054.927851528768,0
6.013941169007913,2677.685793205597,28.92154704769255,2.571554304771227,9578.446475370038,0
6.926552453712325,2720.4408252096373,16.80695948333923,2.2326964052053753,6182.994854724462,0
8.067115869198243,1400.6620131421496,59.743019509574324,2.8264199472686906,7137.547490285384,0
11.669365301565762,1917.8733104336607,61.244159872030636,2.2270123816116367,10903.336584994886,0
8.212054284103107,2398.306229206204,17.317817179401573,3.0281178376041678,9871.079630528575,0
5.727901602954237,2457.755381415273,31.924296697076166,1.0280481180869399,8046.753717708976,0
